level,protocol,direction,target,archived_summary_rows,headline_median,headline_q25,headline_q75,evaluation_units,unit_coverage_median,unit_coverage_q25,unit_coverage_q75,median_wilson_95_low,median_wilson_95_high,uncertainty_representation
protocol,directional_extrapolation,,k,60,0.509090909090909,0.3106060606060606,0.6893939393939393,300,0.45454545454545453,0.21212121212121213,0.7575757575757576,0.29842938513876116,0.6201406146378254,headline-row IQR plus evaluation-unit coverage IQR; Wilson intervals retained per unit
protocol,directional_extrapolation,,wq,60,0.66,0.5854545454545454,0.843939393939394,300,0.8181818181818182,0.45454545454545453,1.0,0.6561176836533009,0.926782865223647,headline-row IQR plus evaluation-unit coverage IQR; Wilson intervals retained per unit
protocol,grouped_physical_interpolation,,k,15,0.7223140495867768,0.6756198347107438,0.7471074380165289,1350,0.8333333333333334,0.5,1.0,0.5699111903802586,0.9530348578161463,headline-row IQR plus evaluation-unit coverage IQR; Wilson intervals retained per unit
protocol,grouped_physical_interpolation,,wq,15,0.850909090909091,0.8404545454545455,0.8631818181818182,1350,1.0,0.6666666666666666,1.0,0.7167126242970107,1.0,headline-row IQR plus evaluation-unit coverage IQR; Wilson intervals retained per unit
protocol,random_interpolation,,k,15,0.8916666666666667,0.8333333333333333,0.9083333333333332,75,0.9166666666666666,0.7916666666666666,0.9583333333333334,0.741511978067893,0.9768411847029567,headline-row IQR plus evaluation-unit coverage IQR; Wilson intervals retained per unit
protocol,random_interpolation,,wq,15,0.9646017699115044,0.9513274336283186,0.9734513274336284,75,1.0,0.9545454545454546,1.0,0.8513451253913791,1.0,headline-row IQR plus evaluation-unit coverage IQR; Wilson intervals retained per unit
direction,directional_extrapolation,high_k_to_low_k,k,15,0.3151515151515151,0.04242424242424235,0.6,75,0.30303030303030304,0.0,0.6515151515151515,0.17375531424053606,0.47338135145800575,headline-row IQR plus evaluation-unit coverage IQR; Wilson intervals retained per unit
direction,directional_extrapolation,high_k_to_low_k,wq,15,0.5818181818181818,0.509090909090909,0.6590909090909092,75,0.5909090909090909,0.4090909090909091,0.7272727272727273,0.3873481847631513,0.7674418380352814,headline-row IQR plus evaluation-unit coverage IQR; Wilson intervals retained per unit
direction,directional_extrapolation,high_wq_to_low_wq,k,15,0.7090909090909091,0.5151515151515151,0.8909090909090909,75,0.6363636363636364,0.5,0.9242424242424243,0.466161783022664,0.7781282176475764,headline-row IQR plus evaluation-unit coverage IQR; Wilson intervals retained per unit
direction,directional_extrapolation,high_wq_to_low_wq,wq,15,0.6466666666666666,0.5800000000000001,0.71,75,0.6666666666666666,0.3833333333333333,1.0,0.4878005164454384,0.8076950191632386,headline-row IQR plus evaluation-unit coverage IQR; Wilson intervals retained per unit
direction,directional_extrapolation,low_k_to_high_k,k,15,0.296969696969697,0.0121212121212121,0.4484848484848485,75,0.21212121212121213,0.0,0.3484848484848485,0.10676021533020799,0.3775164499215069,headline-row IQR plus evaluation-unit coverage IQR; Wilson intervals retained per unit
direction,directional_extrapolation,low_k_to_high_k,wq,15,0.9393939393939394,0.8939393939393939,0.9727272727272727,75,0.9696969696969697,0.8787878787878788,1.0,0.846812746178811,0.9946305894631283,headline-row IQR plus evaluation-unit coverage IQR; Wilson intervals retained per unit
direction,directional_extrapolation,low_wq_to_high_wq,k,15,0.5636363636363636,0.4606060606060606,0.7424242424242424,75,0.5454545454545454,0.40909090909090906,0.8181818181818182,0.37985938536217456,0.7015706148612388,headline-row IQR plus evaluation-unit coverage IQR; Wilson intervals retained per unit
direction,directional_extrapolation,low_wq_to_high_wq,wq,15,0.6266666666666667,0.5866666666666667,0.6799999999999999,75,0.7,0.2833333333333333,0.9666666666666667,0.5212421254128504,0.8333525173175619,headline-row IQR plus evaluation-unit coverage IQR; Wilson intervals retained per unit
