protocol,direction,model,feature_set,target,covered,denominator,empirical_coverage,evaluation_units,distinct_folds,distinct_seeds,headline_hierarchy
directional_extrapolation,high_k_to_low_k,hgb,all_shooting,k,52,165,0.3151515151515151,5,1,5,prediction indicators pooled over registered fold/seed units within this row; manuscript headline is median across model/feature rows
directional_extrapolation,high_k_to_low_k,hgb,all_shooting,wq,72,110,0.6545454545454545,5,1,5,prediction indicators pooled over registered fold/seed units within this row; manuscript headline is median across model/feature rows
directional_extrapolation,high_k_to_low_k,hgb,photon_geometry,k,97,165,0.5878787878787879,5,1,5,prediction indicators pooled over registered fold/seed units within this row; manuscript headline is median across model/feature rows
directional_extrapolation,high_k_to_low_k,hgb,photon_geometry,wq,64,110,0.5818181818181818,5,1,5,prediction indicators pooled over registered fold/seed units within this row; manuscript headline is median across model/feature rows
directional_extrapolation,high_k_to_low_k,hgb,ringdown,k,0,165,0.0,5,1,5,prediction indicators pooled over registered fold/seed units within this row; manuscript headline is median across model/feature rows
directional_extrapolation,high_k_to_low_k,hgb,ringdown,wq,96,110,0.8727272727272727,5,1,5,prediction indicators pooled over registered fold/seed units within this row; manuscript headline is median across model/feature rows
directional_extrapolation,high_k_to_low_k,hgb,ringdown_plus_all_shooting,k,17,165,0.103030303030303,5,1,5,prediction indicators pooled over registered fold/seed units within this row; manuscript headline is median across model/feature rows
directional_extrapolation,high_k_to_low_k,hgb,ringdown_plus_all_shooting,wq,72,110,0.6545454545454545,5,1,5,prediction indicators pooled over registered fold/seed units within this row; manuscript headline is median across model/feature rows
directional_extrapolation,high_k_to_low_k,hgb,ringdown_plus_photon_geometry,k,6,165,0.0363636363636363,5,1,5,prediction indicators pooled over registered fold/seed units within this row; manuscript headline is median across model/feature rows
directional_extrapolation,high_k_to_low_k,hgb,ringdown_plus_photon_geometry,wq,64,110,0.5818181818181818,5,1,5,prediction indicators pooled over registered fold/seed units within this row; manuscript headline is median across model/feature rows
directional_extrapolation,high_k_to_low_k,mlp,all_shooting,k,136,165,0.8242424242424242,5,1,5,prediction indicators pooled over registered fold/seed units within this row; manuscript headline is median across model/feature rows
directional_extrapolation,high_k_to_low_k,mlp,all_shooting,wq,65,110,0.5909090909090909,5,1,5,prediction indicators pooled over registered fold/seed units within this row; manuscript headline is median across model/feature rows
directional_extrapolation,high_k_to_low_k,mlp,photon_geometry,k,109,165,0.6606060606060606,5,1,5,prediction indicators pooled over registered fold/seed units within this row; manuscript headline is median across model/feature rows
directional_extrapolation,high_k_to_low_k,mlp,photon_geometry,wq,73,110,0.6636363636363637,5,1,5,prediction indicators pooled over registered fold/seed units within this row; manuscript headline is median across model/feature rows
directional_extrapolation,high_k_to_low_k,mlp,ringdown,k,101,165,0.6121212121212121,5,1,5,prediction indicators pooled over registered fold/seed units within this row; manuscript headline is median across model/feature rows
directional_extrapolation,high_k_to_low_k,mlp,ringdown,wq,33,110,0.3,5,1,5,prediction indicators pooled over registered fold/seed units within this row; manuscript headline is median across model/feature rows
directional_extrapolation,high_k_to_low_k,mlp,ringdown_plus_all_shooting,k,87,165,0.5272727272727272,5,1,5,prediction indicators pooled over registered fold/seed units within this row; manuscript headline is median across model/feature rows
directional_extrapolation,high_k_to_low_k,mlp,ringdown_plus_all_shooting,wq,78,110,0.7090909090909091,5,1,5,prediction indicators pooled over registered fold/seed units within this row; manuscript headline is median across model/feature rows
directional_extrapolation,high_k_to_low_k,mlp,ringdown_plus_photon_geometry,k,150,165,0.9090909090909092,5,1,5,prediction indicators pooled over registered fold/seed units within this row; manuscript headline is median across model/feature rows
directional_extrapolation,high_k_to_low_k,mlp,ringdown_plus_photon_geometry,wq,76,110,0.6909090909090909,5,1,5,prediction indicators pooled over registered fold/seed units within this row; manuscript headline is median across model/feature rows
directional_extrapolation,high_k_to_low_k,random_forest,all_shooting,k,37,165,0.2242424242424242,5,1,5,prediction indicators pooled over registered fold/seed units within this row; manuscript headline is median across model/feature rows
directional_extrapolation,high_k_to_low_k,random_forest,all_shooting,wq,56,110,0.509090909090909,5,1,5,prediction indicators pooled over registered fold/seed units within this row; manuscript headline is median across model/feature rows
directional_extrapolation,high_k_to_low_k,random_forest,photon_geometry,k,74,165,0.4484848484848485,5,1,5,prediction indicators pooled over registered fold/seed units within this row; manuscript headline is median across model/feature rows
directional_extrapolation,high_k_to_low_k,random_forest,photon_geometry,wq,50,110,0.4545454545454545,5,1,5,prediction indicators pooled over registered fold/seed units within this row; manuscript headline is median across model/feature rows
directional_extrapolation,high_k_to_low_k,random_forest,ringdown,k,8,165,0.0484848484848484,5,1,5,prediction indicators pooled over registered fold/seed units within this row; manuscript headline is median across model/feature rows
directional_extrapolation,high_k_to_low_k,random_forest,ringdown,wq,58,110,0.5272727272727272,5,1,5,prediction indicators pooled over registered fold/seed units within this row; manuscript headline is median across model/feature rows
directional_extrapolation,high_k_to_low_k,random_forest,ringdown_plus_all_shooting,k,0,165,0.0,5,1,5,prediction indicators pooled over registered fold/seed units within this row; manuscript headline is median across model/feature rows
directional_extrapolation,high_k_to_low_k,random_forest,ringdown_plus_all_shooting,wq,56,110,0.509090909090909,5,1,5,prediction indicators pooled over registered fold/seed units within this row; manuscript headline is median across model/feature rows
directional_extrapolation,high_k_to_low_k,random_forest,ringdown_plus_photon_geometry,k,2,165,0.0121212121212121,5,1,5,prediction indicators pooled over registered fold/seed units within this row; manuscript headline is median across model/feature rows
directional_extrapolation,high_k_to_low_k,random_forest,ringdown_plus_photon_geometry,wq,54,110,0.4909090909090909,5,1,5,prediction indicators pooled over registered fold/seed units within this row; manuscript headline is median across model/feature rows
directional_extrapolation,high_wq_to_low_wq,hgb,all_shooting,k,113,165,0.6848484848484848,5,1,5,prediction indicators pooled over registered fold/seed units within this row; manuscript headline is median across model/feature rows
directional_extrapolation,high_wq_to_low_wq,hgb,all_shooting,wq,90,150,0.6,5,1,5,prediction indicators pooled over registered fold/seed units within this row; manuscript headline is median across model/feature rows
directional_extrapolation,high_wq_to_low_wq,hgb,photon_geometry,k,121,165,0.7333333333333333,5,1,5,prediction indicators pooled over registered fold/seed units within this row; manuscript headline is median across model/feature rows
directional_extrapolation,high_wq_to_low_wq,hgb,photon_geometry,wq,118,150,0.7866666666666666,5,1,5,prediction indicators pooled over registered fold/seed units within this row; manuscript headline is median across model/feature rows
directional_extrapolation,high_wq_to_low_wq,hgb,ringdown,k,156,165,0.9454545454545454,5,1,5,prediction indicators pooled over registered fold/seed units within this row; manuscript headline is median across model/feature rows
directional_extrapolation,high_wq_to_low_wq,hgb,ringdown,wq,61,150,0.4066666666666667,5,1,5,prediction indicators pooled over registered fold/seed units within this row; manuscript headline is median across model/feature rows
directional_extrapolation,high_wq_to_low_wq,hgb,ringdown_plus_all_shooting,k,152,165,0.9212121212121211,5,1,5,prediction indicators pooled over registered fold/seed units within this row; manuscript headline is median across model/feature rows
directional_extrapolation,high_wq_to_low_wq,hgb,ringdown_plus_all_shooting,wq,90,150,0.6,5,1,5,prediction indicators pooled over registered fold/seed units within this row; manuscript headline is median across model/feature rows
directional_extrapolation,high_wq_to_low_wq,hgb,ringdown_plus_photon_geometry,k,157,165,0.9515151515151516,5,1,5,prediction indicators pooled over registered fold/seed units within this row; manuscript headline is median across model/feature rows
directional_extrapolation,high_wq_to_low_wq,hgb,ringdown_plus_photon_geometry,wq,118,150,0.7866666666666666,5,1,5,prediction indicators pooled over registered fold/seed units within this row; manuscript headline is median across model/feature rows
directional_extrapolation,high_wq_to_low_wq,mlp,all_shooting,k,68,165,0.4121212121212121,5,1,5,prediction indicators pooled over registered fold/seed units within this row; manuscript headline is median across model/feature rows
directional_extrapolation,high_wq_to_low_wq,mlp,all_shooting,wq,77,150,0.5133333333333333,5,1,5,prediction indicators pooled over registered fold/seed units within this row; manuscript headline is median across model/feature rows
directional_extrapolation,high_wq_to_low_wq,mlp,photon_geometry,k,83,165,0.503030303030303,5,1,5,prediction indicators pooled over registered fold/seed units within this row; manuscript headline is median across model/feature rows
directional_extrapolation,high_wq_to_low_wq,mlp,photon_geometry,wq,114,150,0.76,5,1,5,prediction indicators pooled over registered fold/seed units within this row; manuscript headline is median across model/feature rows
directional_extrapolation,high_wq_to_low_wq,mlp,ringdown,k,117,165,0.7090909090909091,5,1,5,prediction indicators pooled over registered fold/seed units within this row; manuscript headline is median across model/feature rows
directional_extrapolation,high_wq_to_low_wq,mlp,ringdown,wq,84,150,0.56,5,1,5,prediction indicators pooled over registered fold/seed units within this row; manuscript headline is median across model/feature rows
directional_extrapolation,high_wq_to_low_wq,mlp,ringdown_plus_all_shooting,k,54,165,0.3272727272727272,5,1,5,prediction indicators pooled over registered fold/seed units within this row; manuscript headline is median across model/feature rows
directional_extrapolation,high_wq_to_low_wq,mlp,ringdown_plus_all_shooting,wq,68,150,0.4533333333333333,5,1,5,prediction indicators pooled over registered fold/seed units within this row; manuscript headline is median across model/feature rows
directional_extrapolation,high_wq_to_low_wq,mlp,ringdown_plus_photon_geometry,k,59,165,0.3575757575757576,5,1,5,prediction indicators pooled over registered fold/seed units within this row; manuscript headline is median across model/feature rows
directional_extrapolation,high_wq_to_low_wq,mlp,ringdown_plus_photon_geometry,wq,96,150,0.64,5,1,5,prediction indicators pooled over registered fold/seed units within this row; manuscript headline is median across model/feature rows
directional_extrapolation,high_wq_to_low_wq,random_forest,all_shooting,k,94,165,0.5696969696969697,5,1,5,prediction indicators pooled over registered fold/seed units within this row; manuscript headline is median across model/feature rows
directional_extrapolation,high_wq_to_low_wq,random_forest,all_shooting,wq,97,150,0.6466666666666666,5,1,5,prediction indicators pooled over registered fold/seed units within this row; manuscript headline is median across model/feature rows
directional_extrapolation,high_wq_to_low_wq,random_forest,photon_geometry,k,87,165,0.5272727272727272,5,1,5,prediction indicators pooled over registered fold/seed units within this row; manuscript headline is median across model/feature rows
directional_extrapolation,high_wq_to_low_wq,random_forest,photon_geometry,wq,99,150,0.66,5,1,5,prediction indicators pooled over registered fold/seed units within this row; manuscript headline is median across model/feature rows
directional_extrapolation,high_wq_to_low_wq,random_forest,ringdown,k,147,165,0.8909090909090909,5,1,5,prediction indicators pooled over registered fold/seed units within this row; manuscript headline is median across model/feature rows
directional_extrapolation,high_wq_to_low_wq,random_forest,ringdown,wq,123,150,0.82,5,1,5,prediction indicators pooled over registered fold/seed units within this row; manuscript headline is median across model/feature rows
directional_extrapolation,high_wq_to_low_wq,random_forest,ringdown_plus_all_shooting,k,146,165,0.8848484848484849,5,1,5,prediction indicators pooled over registered fold/seed units within this row; manuscript headline is median across model/feature rows
directional_extrapolation,high_wq_to_low_wq,random_forest,ringdown_plus_all_shooting,wq,97,150,0.6466666666666666,5,1,5,prediction indicators pooled over registered fold/seed units within this row; manuscript headline is median across model/feature rows
directional_extrapolation,high_wq_to_low_wq,random_forest,ringdown_plus_photon_geometry,k,147,165,0.8909090909090909,5,1,5,prediction indicators pooled over registered fold/seed units within this row; manuscript headline is median across model/feature rows
directional_extrapolation,high_wq_to_low_wq,random_forest,ringdown_plus_photon_geometry,wq,99,150,0.66,5,1,5,prediction indicators pooled over registered fold/seed units within this row; manuscript headline is median across model/feature rows
directional_extrapolation,low_k_to_high_k,hgb,all_shooting,k,52,165,0.3151515151515151,5,1,5,prediction indicators pooled over registered fold/seed units within this row; manuscript headline is median across model/feature rows
directional_extrapolation,low_k_to_high_k,hgb,all_shooting,wq,155,165,0.9393939393939394,5,1,5,prediction indicators pooled over registered fold/seed units within this row; manuscript headline is median across model/feature rows
directional_extrapolation,low_k_to_high_k,hgb,photon_geometry,k,49,165,0.296969696969697,5,1,5,prediction indicators pooled over registered fold/seed units within this row; manuscript headline is median across model/feature rows
directional_extrapolation,low_k_to_high_k,hgb,photon_geometry,wq,163,165,0.987878787878788,5,1,5,prediction indicators pooled over registered fold/seed units within this row; manuscript headline is median across model/feature rows
directional_extrapolation,low_k_to_high_k,hgb,ringdown,k,0,165,0.0,5,1,5,prediction indicators pooled over registered fold/seed units within this row; manuscript headline is median across model/feature rows
directional_extrapolation,low_k_to_high_k,hgb,ringdown,wq,140,165,0.8484848484848485,5,1,5,prediction indicators pooled over registered fold/seed units within this row; manuscript headline is median across model/feature rows
directional_extrapolation,low_k_to_high_k,hgb,ringdown_plus_all_shooting,k,4,165,0.0242424242424242,5,1,5,prediction indicators pooled over registered fold/seed units within this row; manuscript headline is median across model/feature rows
directional_extrapolation,low_k_to_high_k,hgb,ringdown_plus_all_shooting,wq,155,165,0.9393939393939394,5,1,5,prediction indicators pooled over registered fold/seed units within this row; manuscript headline is median across model/feature rows
directional_extrapolation,low_k_to_high_k,hgb,ringdown_plus_photon_geometry,k,1,165,0.006060606060606,5,1,5,prediction indicators pooled over registered fold/seed units within this row; manuscript headline is median across model/feature rows
directional_extrapolation,low_k_to_high_k,hgb,ringdown_plus_photon_geometry,wq,160,165,0.9696969696969696,5,1,5,prediction indicators pooled over registered fold/seed units within this row; manuscript headline is median across model/feature rows
directional_extrapolation,low_k_to_high_k,mlp,all_shooting,k,84,165,0.509090909090909,5,1,5,prediction indicators pooled over registered fold/seed units within this row; manuscript headline is median across model/feature rows
directional_extrapolation,low_k_to_high_k,mlp,all_shooting,wq,153,165,0.9272727272727272,5,1,5,prediction indicators pooled over registered fold/seed units within this row; manuscript headline is median across model/feature rows
directional_extrapolation,low_k_to_high_k,mlp,photon_geometry,k,84,165,0.509090909090909,5,1,5,prediction indicators pooled over registered fold/seed units within this row; manuscript headline is median across model/feature rows
directional_extrapolation,low_k_to_high_k,mlp,photon_geometry,wq,147,165,0.8909090909090909,5,1,5,prediction indicators pooled over registered fold/seed units within this row; manuscript headline is median across model/feature rows
directional_extrapolation,low_k_to_high_k,mlp,ringdown,k,106,165,0.6424242424242425,5,1,5,prediction indicators pooled over registered fold/seed units within this row; manuscript headline is median across model/feature rows
directional_extrapolation,low_k_to_high_k,mlp,ringdown,wq,139,165,0.8424242424242424,5,1,5,prediction indicators pooled over registered fold/seed units within this row; manuscript headline is median across model/feature rows
directional_extrapolation,low_k_to_high_k,mlp,ringdown_plus_all_shooting,k,85,165,0.5151515151515151,5,1,5,prediction indicators pooled over registered fold/seed units within this row; manuscript headline is median across model/feature rows
directional_extrapolation,low_k_to_high_k,mlp,ringdown_plus_all_shooting,wq,148,165,0.896969696969697,5,1,5,prediction indicators pooled over registered fold/seed units within this row; manuscript headline is median across model/feature rows
directional_extrapolation,low_k_to_high_k,mlp,ringdown_plus_photon_geometry,k,52,165,0.3151515151515151,5,1,5,prediction indicators pooled over registered fold/seed units within this row; manuscript headline is median across model/feature rows
directional_extrapolation,low_k_to_high_k,mlp,ringdown_plus_photon_geometry,wq,150,165,0.9090909090909092,5,1,5,prediction indicators pooled over registered fold/seed units within this row; manuscript headline is median across model/feature rows
directional_extrapolation,low_k_to_high_k,random_forest,all_shooting,k,64,165,0.3878787878787879,5,1,5,prediction indicators pooled over registered fold/seed units within this row; manuscript headline is median across model/feature rows
directional_extrapolation,low_k_to_high_k,random_forest,all_shooting,wq,163,165,0.987878787878788,5,1,5,prediction indicators pooled over registered fold/seed units within this row; manuscript headline is median across model/feature rows
directional_extrapolation,low_k_to_high_k,random_forest,photon_geometry,k,43,165,0.2606060606060606,5,1,5,prediction indicators pooled over registered fold/seed units within this row; manuscript headline is median across model/feature rows
directional_extrapolation,low_k_to_high_k,random_forest,photon_geometry,wq,161,165,0.9757575757575756,5,1,5,prediction indicators pooled over registered fold/seed units within this row; manuscript headline is median across model/feature rows
directional_extrapolation,low_k_to_high_k,random_forest,ringdown,k,2,165,0.0121212121212121,5,1,5,prediction indicators pooled over registered fold/seed units within this row; manuscript headline is median across model/feature rows
directional_extrapolation,low_k_to_high_k,random_forest,ringdown,wq,144,165,0.8727272727272727,5,1,5,prediction indicators pooled over registered fold/seed units within this row; manuscript headline is median across model/feature rows
directional_extrapolation,low_k_to_high_k,random_forest,ringdown_plus_all_shooting,k,2,165,0.0121212121212121,5,1,5,prediction indicators pooled over registered fold/seed units within this row; manuscript headline is median across model/feature rows
directional_extrapolation,low_k_to_high_k,random_forest,ringdown_plus_all_shooting,wq,162,165,0.9818181818181818,5,1,5,prediction indicators pooled over registered fold/seed units within this row; manuscript headline is median across model/feature rows
directional_extrapolation,low_k_to_high_k,random_forest,ringdown_plus_photon_geometry,k,2,165,0.0121212121212121,5,1,5,prediction indicators pooled over registered fold/seed units within this row; manuscript headline is median across model/feature rows
directional_extrapolation,low_k_to_high_k,random_forest,ringdown_plus_photon_geometry,wq,160,165,0.9696969696969696,5,1,5,prediction indicators pooled over registered fold/seed units within this row; manuscript headline is median across model/feature rows
directional_extrapolation,low_wq_to_high_wq,hgb,all_shooting,k,87,165,0.5272727272727272,5,1,5,prediction indicators pooled over registered fold/seed units within this row; manuscript headline is median across model/feature rows
directional_extrapolation,low_wq_to_high_wq,hgb,all_shooting,wq,88,150,0.5866666666666667,5,1,5,prediction indicators pooled over registered fold/seed units within this row; manuscript headline is median across model/feature rows
directional_extrapolation,low_wq_to_high_wq,hgb,photon_geometry,k,116,165,0.703030303030303,5,1,5,prediction indicators pooled over registered fold/seed units within this row; manuscript headline is median across model/feature rows
directional_extrapolation,low_wq_to_high_wq,hgb,photon_geometry,wq,87,150,0.58,5,1,5,prediction indicators pooled over registered fold/seed units within this row; manuscript headline is median across model/feature rows
directional_extrapolation,low_wq_to_high_wq,hgb,ringdown,k,151,165,0.9151515151515152,5,1,5,prediction indicators pooled over registered fold/seed units within this row; manuscript headline is median across model/feature rows
directional_extrapolation,low_wq_to_high_wq,hgb,ringdown,wq,75,150,0.5,5,1,5,prediction indicators pooled over registered fold/seed units within this row; manuscript headline is median across model/feature rows
directional_extrapolation,low_wq_to_high_wq,hgb,ringdown_plus_all_shooting,k,129,165,0.7818181818181819,5,1,5,prediction indicators pooled over registered fold/seed units within this row; manuscript headline is median across model/feature rows
directional_extrapolation,low_wq_to_high_wq,hgb,ringdown_plus_all_shooting,wq,88,150,0.5866666666666667,5,1,5,prediction indicators pooled over registered fold/seed units within this row; manuscript headline is median across model/feature rows
directional_extrapolation,low_wq_to_high_wq,hgb,ringdown_plus_photon_geometry,k,130,165,0.7878787878787878,5,1,5,prediction indicators pooled over registered fold/seed units within this row; manuscript headline is median across model/feature rows
directional_extrapolation,low_wq_to_high_wq,hgb,ringdown_plus_photon_geometry,wq,93,150,0.62,5,1,5,prediction indicators pooled over registered fold/seed units within this row; manuscript headline is median across model/feature rows
directional_extrapolation,low_wq_to_high_wq,mlp,all_shooting,k,87,165,0.5272727272727272,5,1,5,prediction indicators pooled over registered fold/seed units within this row; manuscript headline is median across model/feature rows
directional_extrapolation,low_wq_to_high_wq,mlp,all_shooting,wq,107,150,0.7133333333333334,5,1,5,prediction indicators pooled over registered fold/seed units within this row; manuscript headline is median across model/feature rows
directional_extrapolation,low_wq_to_high_wq,mlp,photon_geometry,k,109,165,0.6606060606060606,5,1,5,prediction indicators pooled over registered fold/seed units within this row; manuscript headline is median across model/feature rows
directional_extrapolation,low_wq_to_high_wq,mlp,photon_geometry,wq,99,150,0.66,5,1,5,prediction indicators pooled over registered fold/seed units within this row; manuscript headline is median across model/feature rows
directional_extrapolation,low_wq_to_high_wq,mlp,ringdown,k,72,165,0.4363636363636363,5,1,5,prediction indicators pooled over registered fold/seed units within this row; manuscript headline is median across model/feature rows
directional_extrapolation,low_wq_to_high_wq,mlp,ringdown,wq,72,150,0.48,5,1,5,prediction indicators pooled over registered fold/seed units within this row; manuscript headline is median across model/feature rows
directional_extrapolation,low_wq_to_high_wq,mlp,ringdown_plus_all_shooting,k,95,165,0.5757575757575758,5,1,5,prediction indicators pooled over registered fold/seed units within this row; manuscript headline is median across model/feature rows
directional_extrapolation,low_wq_to_high_wq,mlp,ringdown_plus_all_shooting,wq,106,150,0.7066666666666667,5,1,5,prediction indicators pooled over registered fold/seed units within this row; manuscript headline is median across model/feature rows
directional_extrapolation,low_wq_to_high_wq,mlp,ringdown_plus_photon_geometry,k,135,165,0.8181818181818182,5,1,5,prediction indicators pooled over registered fold/seed units within this row; manuscript headline is median across model/feature rows
directional_extrapolation,low_wq_to_high_wq,mlp,ringdown_plus_photon_geometry,wq,106,150,0.7066666666666667,5,1,5,prediction indicators pooled over registered fold/seed units within this row; manuscript headline is median across model/feature rows
directional_extrapolation,low_wq_to_high_wq,random_forest,all_shooting,k,58,165,0.3515151515151515,5,1,5,prediction indicators pooled over registered fold/seed units within this row; manuscript headline is median across model/feature rows
directional_extrapolation,low_wq_to_high_wq,random_forest,all_shooting,wq,99,150,0.66,5,1,5,prediction indicators pooled over registered fold/seed units within this row; manuscript headline is median across model/feature rows
directional_extrapolation,low_wq_to_high_wq,random_forest,photon_geometry,k,93,165,0.5636363636363636,5,1,5,prediction indicators pooled over registered fold/seed units within this row; manuscript headline is median across model/feature rows
directional_extrapolation,low_wq_to_high_wq,random_forest,photon_geometry,wq,93,150,0.62,5,1,5,prediction indicators pooled over registered fold/seed units within this row; manuscript headline is median across model/feature rows
directional_extrapolation,low_wq_to_high_wq,random_forest,ringdown,k,76,165,0.4606060606060606,5,1,5,prediction indicators pooled over registered fold/seed units within this row; manuscript headline is median across model/feature rows
directional_extrapolation,low_wq_to_high_wq,random_forest,ringdown,wq,105,150,0.7,5,1,5,prediction indicators pooled over registered fold/seed units within this row; manuscript headline is median across model/feature rows
directional_extrapolation,low_wq_to_high_wq,random_forest,ringdown_plus_all_shooting,k,61,165,0.3696969696969697,5,1,5,prediction indicators pooled over registered fold/seed units within this row; manuscript headline is median across model/feature rows
directional_extrapolation,low_wq_to_high_wq,random_forest,ringdown_plus_all_shooting,wq,99,150,0.66,5,1,5,prediction indicators pooled over registered fold/seed units within this row; manuscript headline is median across model/feature rows
directional_extrapolation,low_wq_to_high_wq,random_forest,ringdown_plus_photon_geometry,k,76,165,0.4606060606060606,5,1,5,prediction indicators pooled over registered fold/seed units within this row; manuscript headline is median across model/feature rows
directional_extrapolation,low_wq_to_high_wq,random_forest,ringdown_plus_photon_geometry,wq,94,150,0.6266666666666667,5,1,5,prediction indicators pooled over registered fold/seed units within this row; manuscript headline is median across model/feature rows
grouped_physical_interpolation,,hgb,all_shooting,k,774,1210,0.6396694214876033,90,18,5,prediction indicators pooled over registered fold/seed units within this row; manuscript headline is median across model/feature rows
grouped_physical_interpolation,,hgb,all_shooting,wq,975,1100,0.8863636363636364,90,18,5,prediction indicators pooled over registered fold/seed units within this row; manuscript headline is median across model/feature rows
grouped_physical_interpolation,,hgb,photon_geometry,k,840,1210,0.6942148760330579,90,18,5,prediction indicators pooled over registered fold/seed units within this row; manuscript headline is median across model/feature rows
grouped_physical_interpolation,,hgb,photon_geometry,wq,936,1100,0.850909090909091,90,18,5,prediction indicators pooled over registered fold/seed units within this row; manuscript headline is median across model/feature rows
grouped_physical_interpolation,,hgb,ringdown,k,1078,1210,0.8909090909090909,90,18,5,prediction indicators pooled over registered fold/seed units within this row; manuscript headline is median across model/feature rows
grouped_physical_interpolation,,hgb,ringdown,wq,783,1100,0.7118181818181818,90,18,5,prediction indicators pooled over registered fold/seed units within this row; manuscript headline is median across model/feature rows
grouped_physical_interpolation,,hgb,ringdown_plus_all_shooting,k,1033,1210,0.8537190082644628,90,18,5,prediction indicators pooled over registered fold/seed units within this row; manuscript headline is median across model/feature rows
grouped_physical_interpolation,,hgb,ringdown_plus_all_shooting,wq,971,1100,0.8827272727272727,90,18,5,prediction indicators pooled over registered fold/seed units within this row; manuscript headline is median across model/feature rows
grouped_physical_interpolation,,hgb,ringdown_plus_photon_geometry,k,1045,1210,0.8636363636363636,90,18,5,prediction indicators pooled over registered fold/seed units within this row; manuscript headline is median across model/feature rows
grouped_physical_interpolation,,hgb,ringdown_plus_photon_geometry,wq,933,1100,0.8481818181818181,90,18,5,prediction indicators pooled over registered fold/seed units within this row; manuscript headline is median across model/feature rows
grouped_physical_interpolation,,mlp,all_shooting,k,921,1210,0.7611570247933884,90,18,5,prediction indicators pooled over registered fold/seed units within this row; manuscript headline is median across model/feature rows
grouped_physical_interpolation,,mlp,all_shooting,wq,927,1100,0.8427272727272728,90,18,5,prediction indicators pooled over registered fold/seed units within this row; manuscript headline is median across model/feature rows
grouped_physical_interpolation,,mlp,photon_geometry,k,874,1210,0.7223140495867768,90,18,5,prediction indicators pooled over registered fold/seed units within this row; manuscript headline is median across model/feature rows
grouped_physical_interpolation,,mlp,photon_geometry,wq,948,1100,0.8618181818181818,90,18,5,prediction indicators pooled over registered fold/seed units within this row; manuscript headline is median across model/feature rows
grouped_physical_interpolation,,mlp,ringdown,k,886,1210,0.7322314049586777,90,18,5,prediction indicators pooled over registered fold/seed units within this row; manuscript headline is median across model/feature rows
grouped_physical_interpolation,,mlp,ringdown,wq,924,1100,0.84,90,18,5,prediction indicators pooled over registered fold/seed units within this row; manuscript headline is median across model/feature rows
grouped_physical_interpolation,,mlp,ringdown_plus_all_shooting,k,887,1210,0.7330578512396694,90,18,5,prediction indicators pooled over registered fold/seed units within this row; manuscript headline is median across model/feature rows
grouped_physical_interpolation,,mlp,ringdown_plus_all_shooting,wq,947,1100,0.860909090909091,90,18,5,prediction indicators pooled over registered fold/seed units within this row; manuscript headline is median across model/feature rows
grouped_physical_interpolation,,mlp,ringdown_plus_photon_geometry,k,885,1210,0.731404958677686,90,18,5,prediction indicators pooled over registered fold/seed units within this row; manuscript headline is median across model/feature rows
grouped_physical_interpolation,,mlp,ringdown_plus_photon_geometry,wq,948,1100,0.8618181818181818,90,18,5,prediction indicators pooled over registered fold/seed units within this row; manuscript headline is median across model/feature rows
grouped_physical_interpolation,,random_forest,all_shooting,k,698,1210,0.5768595041322314,90,18,5,prediction indicators pooled over registered fold/seed units within this row; manuscript headline is median across model/feature rows
grouped_physical_interpolation,,random_forest,all_shooting,wq,956,1100,0.8690909090909091,90,18,5,prediction indicators pooled over registered fold/seed units within this row; manuscript headline is median across model/feature rows
grouped_physical_interpolation,,random_forest,photon_geometry,k,657,1210,0.5429752066115703,90,18,5,prediction indicators pooled over registered fold/seed units within this row; manuscript headline is median across model/feature rows
grouped_physical_interpolation,,random_forest,photon_geometry,wq,925,1100,0.8409090909090909,90,18,5,prediction indicators pooled over registered fold/seed units within this row; manuscript headline is median across model/feature rows
grouped_physical_interpolation,,random_forest,ringdown,k,857,1210,0.7082644628099174,90,18,5,prediction indicators pooled over registered fold/seed units within this row; manuscript headline is median across model/feature rows
grouped_physical_interpolation,,random_forest,ringdown,wq,732,1100,0.6654545454545454,90,18,5,prediction indicators pooled over registered fold/seed units within this row; manuscript headline is median across model/feature rows
grouped_physical_interpolation,,random_forest,ringdown_plus_all_shooting,k,817,1210,0.675206611570248,90,18,5,prediction indicators pooled over registered fold/seed units within this row; manuscript headline is median across model/feature rows
grouped_physical_interpolation,,random_forest,ringdown_plus_all_shooting,wq,951,1100,0.8645454545454545,90,18,5,prediction indicators pooled over registered fold/seed units within this row; manuscript headline is median across model/feature rows
grouped_physical_interpolation,,random_forest,ringdown_plus_photon_geometry,k,818,1210,0.6760330578512397,90,18,5,prediction indicators pooled over registered fold/seed units within this row; manuscript headline is median across model/feature rows
grouped_physical_interpolation,,random_forest,ringdown_plus_photon_geometry,wq,914,1100,0.8309090909090909,90,18,5,prediction indicators pooled over registered fold/seed units within this row; manuscript headline is median across model/feature rows
random_interpolation,,hgb,all_shooting,k,105,120,0.875,5,5,5,prediction indicators pooled over registered fold/seed units within this row; manuscript headline is median across model/feature rows
random_interpolation,,hgb,all_shooting,wq,111,113,0.9823008849557522,5,5,5,prediction indicators pooled over registered fold/seed units within this row; manuscript headline is median across model/feature rows
random_interpolation,,hgb,photon_geometry,k,97,120,0.8083333333333333,5,5,5,prediction indicators pooled over registered fold/seed units within this row; manuscript headline is median across model/feature rows
random_interpolation,,hgb,photon_geometry,wq,108,113,0.9557522123893806,5,5,5,prediction indicators pooled over registered fold/seed units within this row; manuscript headline is median across model/feature rows
random_interpolation,,hgb,ringdown,k,114,120,0.95,5,5,5,prediction indicators pooled over registered fold/seed units within this row; manuscript headline is median across model/feature rows
random_interpolation,,hgb,ringdown,wq,107,113,0.9469026548672568,5,5,5,prediction indicators pooled over registered fold/seed units within this row; manuscript headline is median across model/feature rows
random_interpolation,,hgb,ringdown_plus_all_shooting,k,111,120,0.925,5,5,5,prediction indicators pooled over registered fold/seed units within this row; manuscript headline is median across model/feature rows
random_interpolation,,hgb,ringdown_plus_all_shooting,wq,110,113,0.9734513274336284,5,5,5,prediction indicators pooled over registered fold/seed units within this row; manuscript headline is median across model/feature rows
random_interpolation,,hgb,ringdown_plus_photon_geometry,k,109,120,0.9083333333333332,5,5,5,prediction indicators pooled over registered fold/seed units within this row; manuscript headline is median across model/feature rows
random_interpolation,,hgb,ringdown_plus_photon_geometry,wq,109,113,0.9646017699115044,5,5,5,prediction indicators pooled over registered fold/seed units within this row; manuscript headline is median across model/feature rows
random_interpolation,,mlp,all_shooting,k,114,120,0.95,5,5,5,prediction indicators pooled over registered fold/seed units within this row; manuscript headline is median across model/feature rows
random_interpolation,,mlp,all_shooting,wq,110,113,0.9734513274336284,5,5,5,prediction indicators pooled over registered fold/seed units within this row; manuscript headline is median across model/feature rows
random_interpolation,,mlp,photon_geometry,k,109,120,0.9083333333333332,5,5,5,prediction indicators pooled over registered fold/seed units within this row; manuscript headline is median across model/feature rows
random_interpolation,,mlp,photon_geometry,wq,110,113,0.9734513274336284,5,5,5,prediction indicators pooled over registered fold/seed units within this row; manuscript headline is median across model/feature rows
random_interpolation,,mlp,ringdown,k,108,120,0.9,5,5,5,prediction indicators pooled over registered fold/seed units within this row; manuscript headline is median across model/feature rows
random_interpolation,,mlp,ringdown,wq,107,113,0.9469026548672568,5,5,5,prediction indicators pooled over registered fold/seed units within this row; manuscript headline is median across model/feature rows
random_interpolation,,mlp,ringdown_plus_all_shooting,k,107,120,0.8916666666666667,5,5,5,prediction indicators pooled over registered fold/seed units within this row; manuscript headline is median across model/feature rows
random_interpolation,,mlp,ringdown_plus_all_shooting,wq,107,113,0.9469026548672568,5,5,5,prediction indicators pooled over registered fold/seed units within this row; manuscript headline is median across model/feature rows
random_interpolation,,mlp,ringdown_plus_photon_geometry,k,107,120,0.8916666666666667,5,5,5,prediction indicators pooled over registered fold/seed units within this row; manuscript headline is median across model/feature rows
random_interpolation,,mlp,ringdown_plus_photon_geometry,wq,109,113,0.9646017699115044,5,5,5,prediction indicators pooled over registered fold/seed units within this row; manuscript headline is median across model/feature rows
random_interpolation,,random_forest,all_shooting,k,102,120,0.85,5,5,5,prediction indicators pooled over registered fold/seed units within this row; manuscript headline is median across model/feature rows
random_interpolation,,random_forest,all_shooting,wq,110,113,0.9734513274336284,5,5,5,prediction indicators pooled over registered fold/seed units within this row; manuscript headline is median across model/feature rows
random_interpolation,,random_forest,photon_geometry,k,98,120,0.8166666666666667,5,5,5,prediction indicators pooled over registered fold/seed units within this row; manuscript headline is median across model/feature rows
random_interpolation,,random_forest,photon_geometry,wq,109,113,0.9646017699115044,5,5,5,prediction indicators pooled over registered fold/seed units within this row; manuscript headline is median across model/feature rows
random_interpolation,,random_forest,ringdown,k,103,120,0.8583333333333333,5,5,5,prediction indicators pooled over registered fold/seed units within this row; manuscript headline is median across model/feature rows
random_interpolation,,random_forest,ringdown,wq,107,113,0.9469026548672568,5,5,5,prediction indicators pooled over registered fold/seed units within this row; manuscript headline is median across model/feature rows
random_interpolation,,random_forest,ringdown_plus_all_shooting,k,93,120,0.775,5,5,5,prediction indicators pooled over registered fold/seed units within this row; manuscript headline is median across model/feature rows
random_interpolation,,random_forest,ringdown_plus_all_shooting,wq,109,113,0.9646017699115044,5,5,5,prediction indicators pooled over registered fold/seed units within this row; manuscript headline is median across model/feature rows
random_interpolation,,random_forest,ringdown_plus_photon_geometry,k,95,120,0.7916666666666666,5,5,5,prediction indicators pooled over registered fold/seed units within this row; manuscript headline is median across model/feature rows
random_interpolation,,random_forest,ringdown_plus_photon_geometry,wq,109,113,0.9646017699115044,5,5,5,prediction indicators pooled over registered fold/seed units within this row; manuscript headline is median across model/feature rows
