k,wq,point_id,max_change_81_161,max_change_161_321,p95_change_81_161,p95_change_161_321,median_change_81_161,median_change_161_321
0.0,-0.7125,k0p000000000_wqm0p712500000,0.0633726735559198,0.0158272951675711,0.027568013347445734,0.006885749401192844,0.0009754774438465,0.0002434603856914
0.0,-0.69,k0p000000000_wqm0p690000000,0.0633726735559198,0.0158272951675711,0.027568013347445734,0.006885749401192844,0.0009754774438465,0.0002434603856914
0.0,-0.6666666666666666,k0p000000000_wqm0p666666667,0.0633726735559198,0.0158272951675711,0.027568013347445734,0.006885749401192844,0.0009754774438465,0.0002434603856914
0.0,-0.58,k0p000000000_wqm0p580000000,0.0633726735559198,0.0158272951675711,0.027568013346191016,0.006885749402447584,0.0009754774445863,0.0002434603849516
0.0,-0.45,k0p000000000_wqm0p450000000,0.0633726735559198,0.0158272951675711,0.027568013347445734,0.006885749401192844,0.0009754774438465,0.0002434603856914
0.00025,-0.58,k0p000250000_wqm0p580000000,0.0638121044789097,0.0159370951973627,0.027618175936049056,0.006898271475318263,0.0008158204024212,0.0002037200242398
0.0005,-0.7125,k0p000500000_wqm0p712500000,0.0667485725344355,0.0166708924250096,0.027710960946476078,0.006921422999220605,0.0007907868553628,0.0002359362510013
0.0005,-0.61,k0p000500000_wqm0p610000000,0.0645861660323127,0.0161305135876015,0.027695276403610216,0.006917518007967264,0.0008532756931915,0.0002130519024844
0.0005,-0.55,k0p000500000_wqm0p550000000,0.0639810895665054,0.0159793193146119,0.027644155277248877,0.006904757789921804,0.0007977040891825,0.0002307617657063
0.0005,-0.5,k0p000500000_wqm0p500000000,0.0637022375181155,0.0159096421348365,0.027611239765094754,0.006896540859438324,0.000827351788866,0.0002177026384634
0.0005,-0.475,k0p000500000_wqm0p475000000,0.0636124272066903,0.0158872012904829,0.027598839831923377,0.006893445194389224,0.0008367780852688,0.0002418783786467
0.00075,-0.475,k0p000750000_wqm0p475000000,0.0637306277287141,0.0159167356615228,0.0276142715869342,0.006897297775471544,0.0008243098961931,0.0002058399437757
0.001,-0.58,k0p001000000_wqm0p580000000,0.065043594892173,0.0162448152681695,0.027771246907959696,0.006936487812845364,0.0007907783009316,0.0002280909623762
0.00125,-0.7125,k0p001250000_wqm0p712500000,0.0680341118037832,0.0169925626259487,0.027972364331083292,0.006986857599180484,0.0007344798151805,0.000120892680357
0.00125,-0.58,k0p001250000_wqm0p580000000,0.0654225080927678,0.0163395001098844,0.027823245755721038,0.006949471897345284,0.0008101072471353,0.0002019797946634
0.00125,-0.45,k0p001250000_wqm0p450000000,0.063801234474893,0.0159343776084134,0.027620236382485237,0.0068987868359691035,0.000816751729754,0.0002039525950127
0.0015,-0.7125,k0p001500000_wqm0p712500000,0.0665457337065259,0.0166209888708854,0.028094052209299405,0.007017387008008702,0.0007254884373756,0.0001783109631426
0.0015,-0.61,k0p001500000_wqm0p610000000,0.0666211784354447,0.016639048831266,0.027960884618309118,0.006983844871956084,0.0007971742322168,0.0002505374788627
0.0015,-0.5,k0p001500000_wqm0p500000000,0.0643362841778716,0.0160680715819662,0.027698214688503555,0.006918255533242244,0.000817747010795,0.0002212883169783
0.00175,-0.7125,k0p001750000_wqm0p712500000,0.0663612762857069,0.0165758194365279,0.02824482617719632,0.007055263590239721,0.0005950944487339,0.0001637318615132
0.00175,-0.45,k0p001750000_wqm0p450000000,0.0639683570069553,0.015976136099032,0.0276411200282857,0.006904000636538144,0.0007988165784898,0.0002318874351306
0.002,-0.7125,k0p002000000_wqm0p712500000,0.0686648096747404,0.0171512005670155,0.02637564878867853,0.006579981319838242,0.0005545406814448,0.0001704081015488
0.002,-0.69,k0p002000000_wqm0p690000000,0.0658884880660948,0.0164568709077338,0.02839213903939045,0.007091889096324222,0.0006678978064027,0.000166972026667
0.002,-0.45,k0p002000000_wqm0p450000000,0.064050982046844,0.0159967814873237,0.027651561154982893,0.006906607423863104,0.0007898630372289,0.0002297269316144
0.00225,-0.7125,k0p002250000_wqm0p712500000,0.0725785328896041,0.0181287873368048,0.020939618763767355,0.005223578740544324,0.0005540061292188,0.0001383397910641
0.00225,-0.69,k0p002250000_wqm0p690000000,0.0671452583625545,0.0167716436973279,0.02855698319715194,0.00713324676390192,0.0006021170912099,0.0001654131483174
0.00225,-0.6666666666666666,k0p002250000_wqm0p666666667,0.0675539851436994,0.0168727168550147,0.02844789764247457,0.007105684224122742,0.0007382195926891,0.0001790713521667
0.00225,-0.55,k0p002250000_wqm0p550000000,0.0658750351587601,0.0164525812735748,0.027917839407531356,0.0069730953866669445,0.0007960971186603,0.0002358483789285
0.00225,-0.475,k0p002250000_wqm0p475000000,0.0644156630907657,0.0160879054821891,0.027707148968836155,0.006920486393448664,0.0008263223730165,0.0002194024811584
0.00225,-0.45,k0p002250000_wqm0p450000000,0.0641329779409888,0.0160172697484724,0.027662002064096754,0.006909214178200224,0.0009106648148462,0.0001973653515407
0.0025,-0.7125,k0p002500000_wqm0p712500000,0.0806924624790291,0.0201555878694279,0.007875230643823021,0.0008233308196943613,9.464272825346616e-05,1.2036140701532803e-05
0.0025,-0.69,k0p002500000_wqm0p690000000,0.0690031716435617,0.0172357167003256,0.027224744249984188,0.006791713553536822,0.0006284018519534,0.0001906909512382
0.0025,-0.6666666666666666,k0p002500000_wqm0p666666667,0.0664442004047699,0.0165956317652599,0.028584344617898487,0.007139857288198762,0.0007347181671087,0.0001772765483038
0.0025,-0.58,k0p002500000_wqm0p580000000,0.0670379113237654,0.0167431975379614,0.028092357361058317,0.007016684360615925,0.0008143253155452,0.0002268080468477
0.0025,-0.45,k0p002500000_wqm0p450000000,0.0642143410834548,0.0160375999523718,0.027672442901168895,0.006911820938270044,0.0009019510216417,0.0001998010911607
