feature_set,row_id,point_id,k,wq,neighbor_row_id,neighbor_point_id,neighbor_k,neighbor_wq,d_O,d_theta
ringdown,11,k0p000250000_wqm0p712500000,0.00025,-0.7125,12,k0p000250000_wqm0p690000000,0.00025,-0.69,0.005961131712128566,0.08571428571428599
ringdown,12,k0p000250000_wqm0p690000000,0.00025,-0.69,13,k0p000250000_wqm0p666666667,0.00025,-0.6666666666666666,0.0058140409891217545,0.08888888888888882
ringdown,13,k0p000250000_wqm0p666666667,0.00025,-0.6666666666666666,12,k0p000250000_wqm0p690000000,0.00025,-0.69,0.0058140409891217545,0.08888888888888882
ringdown,14,k0p000250000_wqm0p640000000,0.00025,-0.64,13,k0p000250000_wqm0p666666667,0.00025,-0.6666666666666666,0.006246418495367157,0.10158730158730139
ringdown,15,k0p000250000_wqm0p610000000,0.00025,-0.61,16,k0p000250000_wqm0p580000000,0.00025,-0.58,0.006185987268948489,0.11428571428571438
ringdown,16,k0p000250000_wqm0p580000000,0.00025,-0.58,17,k0p000250000_wqm0p550000000,0.00025,-0.55,0.00583238720657452,0.11428571428571396
ringdown,17,k0p000250000_wqm0p550000000,0.00025,-0.55,18,k0p000250000_wqm0p525000000,0.00025,-0.525,0.004617242420803601,0.09523809523809532
ringdown,18,k0p000250000_wqm0p525000000,0.00025,-0.525,19,k0p000250000_wqm0p500000000,0.00025,-0.5,0.004413533833638891,0.09523809523809532
ringdown,19,k0p000250000_wqm0p500000000,0.00025,-0.5,20,k0p000250000_wqm0p475000000,0.00025,-0.475,0.0042227183936740815,0.09523809523809532
ringdown,20,k0p000250000_wqm0p475000000,0.00025,-0.475,21,k0p000250000_wqm0p450000000,0.00025,-0.45,0.004042229160795351,0.09523809523809511
ringdown,21,k0p000250000_wqm0p450000000,0.00025,-0.45,20,k0p000250000_wqm0p475000000,0.00025,-0.475,0.004042229160795351,0.09523809523809511
ringdown,22,k0p000500000_wqm0p712500000,0.0005,-0.7125,23,k0p000500000_wqm0p690000000,0.0005,-0.69,0.0119222634242723,0.08571428571428599
ringdown,23,k0p000500000_wqm0p690000000,0.0005,-0.69,24,k0p000500000_wqm0p666666667,0.0005,-0.6666666666666666,0.011628081978220064,0.08888888888888882
ringdown,24,k0p000500000_wqm0p666666667,0.0005,-0.6666666666666666,23,k0p000500000_wqm0p690000000,0.0005,-0.69,0.011628081978220064,0.08888888888888882
ringdown,25,k0p000500000_wqm0p640000000,0.0005,-0.64,24,k0p000500000_wqm0p666666667,0.0005,-0.6666666666666666,0.01249283699072391,0.10158730158730139
ringdown,26,k0p000500000_wqm0p610000000,0.0005,-0.61,27,k0p000500000_wqm0p580000000,0.0005,-0.58,0.012371974537874895,0.11428571428571438
ringdown,27,k0p000500000_wqm0p580000000,0.0005,-0.58,28,k0p000500000_wqm0p550000000,0.0005,-0.55,0.01166477441316528,0.11428571428571396
ringdown,28,k0p000500000_wqm0p550000000,0.0005,-0.55,29,k0p000500000_wqm0p525000000,0.0005,-0.525,0.009234484841597109,0.09523809523809532
ringdown,29,k0p000500000_wqm0p525000000,0.0005,-0.525,30,k0p000500000_wqm0p500000000,0.0005,-0.5,0.008827067667292186,0.09523809523809532
ringdown,30,k0p000500000_wqm0p500000000,0.0005,-0.5,31,k0p000500000_wqm0p475000000,0.0005,-0.475,0.008445436787337862,0.09523809523809532
ringdown,31,k0p000500000_wqm0p475000000,0.0005,-0.475,32,k0p000500000_wqm0p450000000,0.0005,-0.45,0.008084458321596419,0.09523809523809511
ringdown,32,k0p000500000_wqm0p450000000,0.0005,-0.45,31,k0p000500000_wqm0p475000000,0.0005,-0.475,0.008084458321596419,0.09523809523809511
ringdown,33,k0p000750000_wqm0p712500000,0.00075,-0.7125,34,k0p000750000_wqm0p690000000,0.00075,-0.69,0.01788339513641603,0.08571428571428599
ringdown,34,k0p000750000_wqm0p690000000,0.00075,-0.69,35,k0p000750000_wqm0p666666667,0.00075,-0.6666666666666666,0.01744212296733668,0.08888888888888882
ringdown,35,k0p000750000_wqm0p666666667,0.00075,-0.6666666666666666,34,k0p000750000_wqm0p690000000,0.00075,-0.69,0.01744212296733668,0.08888888888888882
ringdown,36,k0p000750000_wqm0p640000000,0.00075,-0.64,35,k0p000750000_wqm0p666666667,0.00075,-0.6666666666666666,0.018739255486065445,0.10158730158730139
ringdown,37,k0p000750000_wqm0p610000000,0.00075,-0.61,38,k0p000750000_wqm0p580000000,0.00075,-0.58,0.018557961806778853,0.11428571428571438
ringdown,38,k0p000750000_wqm0p580000000,0.00075,-0.58,39,k0p000750000_wqm0p550000000,0.00075,-0.55,0.01749716161977142,0.11428571428571396
ringdown,39,k0p000750000_wqm0p550000000,0.00075,-0.55,40,k0p000750000_wqm0p525000000,0.00075,-0.525,0.013851727262411323,0.09523809523809532
ringdown,40,k0p000750000_wqm0p525000000,0.00075,-0.525,41,k0p000750000_wqm0p500000000,0.00075,-0.5,0.013240601500938925,0.09523809523809532
ringdown,41,k0p000750000_wqm0p500000000,0.00075,-0.5,42,k0p000750000_wqm0p475000000,0.00075,-0.475,0.01266815518100164,0.09523809523809532
ringdown,42,k0p000750000_wqm0p475000000,0.00075,-0.475,43,k0p000750000_wqm0p450000000,0.00075,-0.45,0.012126687482397487,0.09523809523809511
ringdown,43,k0p000750000_wqm0p450000000,0.00075,-0.45,42,k0p000750000_wqm0p475000000,0.00075,-0.475,0.012126687482397487,0.09523809523809511
ringdown,44,k0p001000000_wqm0p712500000,0.001,-0.7125,45,k0p001000000_wqm0p690000000,0.001,-0.69,0.02384452684853893,0.08571428571428599
ringdown,45,k0p001000000_wqm0p690000000,0.001,-0.69,46,k0p001000000_wqm0p666666667,0.001,-0.6666666666666666,0.023256163956461656,0.08888888888888882
ringdown,46,k0p001000000_wqm0p666666667,0.001,-0.6666666666666666,45,k0p001000000_wqm0p690000000,0.001,-0.69,0.023256163956461656,0.08888888888888882
ringdown,47,k0p001000000_wqm0p640000000,0.001,-0.64,46,k0p001000000_wqm0p666666667,0.001,-0.6666666666666666,0.024985673981444276,0.10158730158730139
ringdown,48,k0p001000000_wqm0p610000000,0.001,-0.61,49,k0p001000000_wqm0p580000000,0.001,-0.58,0.024743949075710772,0.11428571428571438
ringdown,49,k0p001000000_wqm0p580000000,0.001,-0.58,50,k0p001000000_wqm0p550000000,0.001,-0.55,0.023329548826340668,0.11428571428571396
ringdown,50,k0p001000000_wqm0p550000000,0.001,-0.55,51,k0p001000000_wqm0p525000000,0.001,-0.525,0.018468969683249275,0.09523809523809532
ringdown,51,k0p001000000_wqm0p525000000,0.001,-0.525,52,k0p001000000_wqm0p500000000,0.001,-0.5,0.01765413533457368,0.09523809523809532
ringdown,52,k0p001000000_wqm0p500000000,0.001,-0.5,53,k0p001000000_wqm0p475000000,0.001,-0.475,0.016890873574664737,0.09523809523809532
ringdown,53,k0p001000000_wqm0p475000000,0.001,-0.475,54,k0p001000000_wqm0p450000000,0.001,-0.45,0.016168916643186416,0.09523809523809511
ringdown,54,k0p001000000_wqm0p450000000,0.001,-0.45,53,k0p001000000_wqm0p475000000,0.001,-0.475,0.016168916643186416,0.09523809523809511
ringdown,55,k0p001250000_wqm0p712500000,0.00125,-0.7125,56,k0p001250000_wqm0p690000000,0.00125,-0.69,0.029805658560692186,0.08571428571428599
ringdown,56,k0p001250000_wqm0p690000000,0.00125,-0.69,57,k0p001250000_wqm0p666666667,0.00125,-0.6666666666666666,0.02907020494558245,0.08888888888888882
ringdown,57,k0p001250000_wqm0p666666667,0.00125,-0.6666666666666666,56,k0p001250000_wqm0p690000000,0.00125,-0.69,0.02907020494558245,0.08888888888888882
ringdown,58,k0p001250000_wqm0p640000000,0.00125,-0.64,57,k0p001250000_wqm0p666666667,0.00125,-0.6666666666666666,0.031232092476797833,0.10158730158730139
ringdown,59,k0p001250000_wqm0p610000000,0.00125,-0.61,60,k0p001250000_wqm0p580000000,0.00125,-0.58,0.03092993634464415,0.11428571428571438
ringdown,60,k0p001250000_wqm0p580000000,0.00125,-0.58,61,k0p001250000_wqm0p550000000,0.00125,-0.55,0.029161936032949174,0.11428571428571396
ringdown,61,k0p001250000_wqm0p550000000,0.00125,-0.55,62,k0p001250000_wqm0p525000000,0.00125,-0.525,0.02308621210401707,0.09523809523809532
ringdown,62,k0p001250000_wqm0p525000000,0.00125,-0.525,63,k0p001250000_wqm0p500000000,0.00125,-0.5,0.022067669168229487,0.09523809523809532
ringdown,63,k0p001250000_wqm0p500000000,0.00125,-0.5,64,k0p001250000_wqm0p475000000,0.00125,-0.475,0.02111359196835367,0.09523809523809532
ringdown,64,k0p001250000_wqm0p475000000,0.00125,-0.475,65,k0p001250000_wqm0p450000000,0.00125,-0.45,0.020211145803968933,0.09523809523809511
ringdown,65,k0p001250000_wqm0p450000000,0.00125,-0.45,64,k0p001250000_wqm0p475000000,0.00125,-0.475,0.020211145803968933,0.09523809523809511
ringdown,66,k0p001500000_wqm0p712500000,0.0015,-0.7125,67,k0p001500000_wqm0p690000000,0.0015,-0.69,0.03576679027282541,0.08571428571428599
ringdown,67,k0p001500000_wqm0p690000000,0.0015,-0.69,68,k0p001500000_wqm0p666666667,0.0015,-0.6666666666666666,0.03488424593466904,0.08888888888888882
ringdown,68,k0p001500000_wqm0p666666667,0.0015,-0.6666666666666666,67,k0p001500000_wqm0p690000000,0.0015,-0.69,0.03488424593466904,0.08888888888888882
ringdown,69,k0p001500000_wqm0p640000000,0.0015,-0.64,68,k0p001500000_wqm0p666666667,0.0015,-0.6666666666666666,0.037478510972158256,0.10158730158730139
ringdown,70,k0p001500000_wqm0p610000000,0.0015,-0.61,71,k0p001500000_wqm0p580000000,0.0015,-0.58,0.03711592361355667,0.11428571428571438
ringdown,71,k0p001500000_wqm0p580000000,0.0015,-0.58,72,k0p001500000_wqm0p550000000,0.0015,-0.55,0.03499432323954012,0.11428571428571396
ringdown,72,k0p001500000_wqm0p550000000,0.0015,-0.55,73,k0p001500000_wqm0p525000000,0.0015,-0.525,0.027703454524852383,0.09523809523809532
ringdown,73,k0p001500000_wqm0p525000000,0.0015,-0.525,74,k0p001500000_wqm0p500000000,0.0015,-0.5,0.02648120300186491,0.09523809523809532
ringdown,74,k0p001500000_wqm0p500000000,0.0015,-0.5,75,k0p001500000_wqm0p475000000,0.0015,-0.475,0.02533631036199649,0.09523809523809532
ringdown,75,k0p001500000_wqm0p475000000,0.0015,-0.475,76,k0p001500000_wqm0p450000000,0.0015,-0.45,0.02425337496478129,0.09523809523809511
ringdown,76,k0p001500000_wqm0p450000000,0.0015,-0.45,75,k0p001500000_wqm0p475000000,0.0015,-0.475,0.02425337496478129,0.09523809523809511
ringdown,77,k0p001750000_wqm0p712500000,0.00175,-0.7125,78,k0p001750000_wqm0p690000000,0.00175,-0.69,0.04172792198496444,0.08571428571428599
ringdown,78,k0p001750000_wqm0p690000000,0.00175,-0.69,79,k0p001750000_wqm0p666666667,0.00175,-0.6666666666666666,0.040698286923790135,0.08888888888888882
ringdown,79,k0p001750000_wqm0p666666667,0.00175,-0.6666666666666666,78,k0p001750000_wqm0p690000000,0.00175,-0.69,0.040698286923790135,0.08888888888888882
ringdown,80,k0p001750000_wqm0p640000000,0.00175,-0.64,79,k0p001750000_wqm0p666666667,0.00175,-0.6666666666666666,0.04372492946752023,0.10158730158730139
ringdown,81,k0p001750000_wqm0p610000000,0.00175,-0.61,82,k0p001750000_wqm0p580000000,0.00175,-0.58,0.04330191088249454,0.11428571428571438
ringdown,82,k0p001750000_wqm0p580000000,0.00175,-0.58,83,k0p001750000_wqm0p550000000,0.00175,-0.55,0.04082671044610864,0.11428571428571396
ringdown,83,k0p001750000_wqm0p550000000,0.00175,-0.55,84,k0p001750000_wqm0p525000000,0.00175,-0.525,0.03232069694565453,0.09523809523809532
ringdown,84,k0p001750000_wqm0p525000000,0.00175,-0.525,85,k0p001750000_wqm0p500000000,0.00175,-0.5,0.030894736835512845,0.09523809523809532
ringdown,85,k0p001750000_wqm0p500000000,0.00175,-0.5,86,k0p001750000_wqm0p475000000,0.00175,-0.475,0.02955902875569769,0.09523809523809532
ringdown,86,k0p001750000_wqm0p475000000,0.00175,-0.475,87,k0p001750000_wqm0p450000000,0.00175,-0.45,0.0282956041255423,0.09523809523809511
ringdown,87,k0p001750000_wqm0p450000000,0.00175,-0.45,86,k0p001750000_wqm0p475000000,0.00175,-0.475,0.0282956041255423,0.09523809523809511
ringdown,88,k0p002000000_wqm0p712500000,0.002,-0.7125,89,k0p002000000_wqm0p690000000,0.002,-0.69,0.04768905369709735,0.08571428571428599
ringdown,89,k0p002000000_wqm0p690000000,0.002,-0.69,90,k0p002000000_wqm0p666666667,0.002,-0.6666666666666666,0.04651232791289493,0.08888888888888882
ringdown,90,k0p002000000_wqm0p666666667,0.002,-0.6666666666666666,89,k0p002000000_wqm0p690000000,0.002,-0.69,0.04651232791289493,0.08888888888888882
ringdown,91,k0p002000000_wqm0p640000000,0.002,-0.64,90,k0p002000000_wqm0p666666667,0.002,-0.6666666666666666,0.049971347962895186,0.10158730158730139
ringdown,92,k0p002000000_wqm0p610000000,0.002,-0.61,93,k0p002000000_wqm0p580000000,0.002,-0.58,0.0494878981514326,0.11428571428571438
ringdown,93,k0p002000000_wqm0p580000000,0.002,-0.58,106,k0p002250000_wqm0p525000000,0.00225,-0.525,0.04515686874754738,0.2321642236809313
ringdown,94,k0p002000000_wqm0p550000000,0.002,-0.55,95,k0p002000000_wqm0p525000000,0.002,-0.525,0.03693793936645811,0.09523809523809532
ringdown,95,k0p002000000_wqm0p525000000,0.002,-0.525,108,k0p002250000_wqm0p475000000,0.00225,-0.475,0.03501047934910423,0.21513060948717186
ringdown,96,k0p002000000_wqm0p500000000,0.002,-0.5,109,k0p002250000_wqm0p450000000,0.00225,-0.45,0.031470379366028325,0.2151306094871717
ringdown,97,k0p002000000_wqm0p475000000,0.002,-0.475,98,k0p002000000_wqm0p450000000,0.002,-0.45,0.03233783328633683,0.09523809523809511
ringdown,98,k0p002000000_wqm0p450000000,0.002,-0.45,97,k0p002000000_wqm0p475000000,0.002,-0.475,0.03233783328633683,0.09523809523809511
ringdown,99,k0p002250000_wqm0p712500000,0.00225,-0.7125,100,k0p002250000_wqm0p690000000,0.00225,-0.69,0.05365018540923598,0.08571428571428599
ringdown,100,k0p002250000_wqm0p690000000,0.00225,-0.69,101,k0p002250000_wqm0p666666667,0.00225,-0.6666666666666666,0.05232636890202106,0.08888888888888882
ringdown,101,k0p002250000_wqm0p666666667,0.00225,-0.6666666666666666,100,k0p002250000_wqm0p690000000,0.00225,-0.69,0.05232636890202106,0.08888888888888882
ringdown,102,k0p002250000_wqm0p640000000,0.00225,-0.64,101,k0p002250000_wqm0p666666667,0.00225,-0.6666666666666666,0.056217766458234196,0.10158730158730139
ringdown,103,k0p002250000_wqm0p610000000,0.00225,-0.61,104,k0p002250000_wqm0p580000000,0.00225,-0.58,0.05567388542035557,0.11428571428571438
ringdown,104,k0p002250000_wqm0p580000000,0.00225,-0.58,117,k0p002500000_wqm0p525000000,0.0025,-0.525,0.04880549068725577,0.23216422368093137
ringdown,105,k0p002250000_wqm0p550000000,0.00225,-0.55,118,k0p002500000_wqm0p500000000,0.0025,-0.5,0.040368094937920936,0.21513060948717191
ringdown,106,k0p002250000_wqm0p525000000,0.00225,-0.525,119,k0p002500000_wqm0p475000000,0.0025,-0.475,0.03623296649372493,0.21513060948717191
ringdown,107,k0p002250000_wqm0p500000000,0.00225,-0.5,120,k0p002500000_wqm0p450000000,0.0025,-0.45,0.03257484656521377,0.21513060948717178
ringdown,108,k0p002250000_wqm0p475000000,0.00225,-0.475,95,k0p002000000_wqm0p525000000,0.002,-0.525,0.03501047934910423,0.21513060948717186
ringdown,109,k0p002250000_wqm0p450000000,0.00225,-0.45,96,k0p002000000_wqm0p500000000,0.002,-0.5,0.031470379366028325,0.2151306094871717
ringdown,110,k0p002500000_wqm0p712500000,0.0025,-0.7125,111,k0p002500000_wqm0p690000000,0.0025,-0.69,0.05961131712136219,0.08571428571428599
ringdown,111,k0p002500000_wqm0p690000000,0.0025,-0.69,112,k0p002500000_wqm0p666666667,0.0025,-0.6666666666666666,0.05814040989113768,0.08888888888888882
ringdown,112,k0p002500000_wqm0p666666667,0.0025,-0.6666666666666666,111,k0p002500000_wqm0p690000000,0.0025,-0.69,0.05814040989113768,0.08888888888888882
ringdown,113,k0p002500000_wqm0p640000000,0.0025,-0.64,112,k0p002500000_wqm0p666666667,0.0025,-0.6666666666666666,0.06246418495359298,0.10158730158730139
ringdown,114,k0p002500000_wqm0p610000000,0.0025,-0.61,115,k0p002500000_wqm0p580000000,0.0025,-0.58,0.06185987268929402,0.11428571428571438
ringdown,115,k0p002500000_wqm0p580000000,0.0025,-0.58,103,k0p002250000_wqm0p610000000,0.00225,-0.61,0.05672822635235313,0.1518592258962094
ringdown,116,k0p002500000_wqm0p550000000,0.0025,-0.55,117,k0p002500000_wqm0p525000000,0.0025,-0.525,0.04617242420806584,0.09523809523809532
ringdown,117,k0p002500000_wqm0p525000000,0.0025,-0.525,118,k0p002500000_wqm0p500000000,0.0025,-0.5,0.04413533833644947,0.09523809523809532
ringdown,118,k0p002500000_wqm0p500000000,0.0025,-0.5,105,k0p002250000_wqm0p550000000,0.00225,-0.55,0.040368094937920936,0.21513060948717191
ringdown,119,k0p002500000_wqm0p475000000,0.0025,-0.475,106,k0p002250000_wqm0p525000000,0.00225,-0.525,0.03623296649372493,0.21513060948717191
ringdown,120,k0p002500000_wqm0p450000000,0.0025,-0.45,107,k0p002250000_wqm0p500000000,0.00225,-0.5,0.03257484656521377,0.21513060948717178
ringdown_plus_photon_geometry,11,k0p000250000_wqm0p712500000,0.00025,-0.7125,12,k0p000250000_wqm0p690000000,0.00025,-0.69,0.04270341442575559,0.08571428571428599
ringdown_plus_photon_geometry,12,k0p000250000_wqm0p690000000,0.00025,-0.69,13,k0p000250000_wqm0p666666667,0.00025,-0.6666666666666666,0.03409301477424046,0.08888888888888882
ringdown_plus_photon_geometry,13,k0p000250000_wqm0p666666667,0.00025,-0.6666666666666666,14,k0p000250000_wqm0p640000000,0.00025,-0.64,0.02940320892678209,0.10158730158730139
ringdown_plus_photon_geometry,14,k0p000250000_wqm0p640000000,0.00025,-0.64,15,k0p000250000_wqm0p610000000,0.00025,-0.61,0.024094659410668115,0.11428571428571438
ringdown_plus_photon_geometry,15,k0p000250000_wqm0p610000000,0.00025,-0.61,16,k0p000250000_wqm0p580000000,0.00025,-0.58,0.017227592947423823,0.11428571428571438
ringdown_plus_photon_geometry,16,k0p000250000_wqm0p580000000,0.00025,-0.58,17,k0p000250000_wqm0p550000000,0.00025,-0.55,0.012322495252306666,0.11428571428571396
ringdown_plus_photon_geometry,17,k0p000250000_wqm0p550000000,0.00025,-0.55,18,k0p000250000_wqm0p525000000,0.00025,-0.525,0.007548467851246566,0.09523809523809532
ringdown_plus_photon_geometry,18,k0p000250000_wqm0p525000000,0.00025,-0.525,19,k0p000250000_wqm0p500000000,0.00025,-0.5,0.005725264860499915,0.09523809523809532
ringdown_plus_photon_geometry,19,k0p000250000_wqm0p500000000,0.00025,-0.5,20,k0p000250000_wqm0p475000000,0.00025,-0.475,0.004363236279274324,0.09523809523809532
ringdown_plus_photon_geometry,20,k0p000250000_wqm0p475000000,0.00025,-0.475,21,k0p000250000_wqm0p450000000,0.00025,-0.45,0.0033565236575015026,0.09523809523809511
ringdown_plus_photon_geometry,21,k0p000250000_wqm0p450000000,0.00025,-0.45,20,k0p000250000_wqm0p475000000,0.00025,-0.475,0.0033565236575015026,0.09523809523809511
ringdown_plus_photon_geometry,22,k0p000500000_wqm0p712500000,0.0005,-0.7125,34,k0p000750000_wqm0p690000000,0.00075,-0.69,0.06090864357458948,0.13170777796132715
ringdown_plus_photon_geometry,23,k0p000500000_wqm0p690000000,0.0005,-0.69,35,k0p000750000_wqm0p666666667,0.00075,-0.6666666666666666,0.05164732704287164,0.13379549531991436
ringdown_plus_photon_geometry,24,k0p000500000_wqm0p666666667,0.0005,-0.6666666666666666,36,k0p000750000_wqm0p640000000,0.00075,-0.64,0.04090915543805561,0.14254816675001236
ringdown_plus_photon_geometry,25,k0p000500000_wqm0p640000000,0.0005,-0.64,37,k0p000750000_wqm0p610000000,0.00075,-0.61,0.034394381172364666,0.15185922589620934
ringdown_plus_photon_geometry,26,k0p000500000_wqm0p610000000,0.0005,-0.61,38,k0p000750000_wqm0p580000000,0.00075,-0.58,0.03140183854696145,0.15185922589620934
ringdown_plus_photon_geometry,27,k0p000500000_wqm0p580000000,0.0005,-0.58,28,k0p000500000_wqm0p550000000,0.0005,-0.55,0.024214636617243938,0.11428571428571396
ringdown_plus_photon_geometry,28,k0p000500000_wqm0p550000000,0.0005,-0.55,29,k0p000500000_wqm0p525000000,0.0005,-0.525,0.014911389349086682,0.09523809523809532
ringdown_plus_photon_geometry,29,k0p000500000_wqm0p525000000,0.0005,-0.525,30,k0p000500000_wqm0p500000000,0.0005,-0.5,0.011349865934781534,0.09523809523809532
ringdown_plus_photon_geometry,30,k0p000500000_wqm0p500000000,0.0005,-0.5,31,k0p000500000_wqm0p475000000,0.0005,-0.475,0.008672878899270795,0.09523809523809532
ringdown_plus_photon_geometry,31,k0p000500000_wqm0p475000000,0.0005,-0.475,32,k0p000500000_wqm0p450000000,0.0005,-0.45,0.006685140253100447,0.09523809523809511
ringdown_plus_photon_geometry,32,k0p000500000_wqm0p450000000,0.0005,-0.45,31,k0p000500000_wqm0p475000000,0.0005,-0.475,0.006685140253100447,0.09523809523809511
ringdown_plus_photon_geometry,33,k0p000750000_wqm0p712500000,0.00075,-0.7125,45,k0p001000000_wqm0p690000000,0.001,-0.69,0.04684489142625044,0.13170777796132715
ringdown_plus_photon_geometry,34,k0p000750000_wqm0p690000000,0.00075,-0.69,46,k0p001000000_wqm0p666666667,0.001,-0.6666666666666666,0.04174582765084347,0.13379549531991436
ringdown_plus_photon_geometry,35,k0p000750000_wqm0p666666667,0.00075,-0.6666666666666666,47,k0p001000000_wqm0p640000000,0.001,-0.64,0.03876572704228405,0.14254816675001236
ringdown_plus_photon_geometry,36,k0p000750000_wqm0p640000000,0.00075,-0.64,48,k0p001000000_wqm0p610000000,0.001,-0.61,0.036569535851226465,0.15185922589620934
ringdown_plus_photon_geometry,37,k0p000750000_wqm0p610000000,0.00075,-0.61,49,k0p001000000_wqm0p580000000,0.001,-0.58,0.03200415294452326,0.15185922589620934
ringdown_plus_photon_geometry,38,k0p000750000_wqm0p580000000,0.00075,-0.58,50,k0p001000000_wqm0p550000000,0.001,-0.55,0.028808056368748843,0.15185922589620904
ringdown_plus_photon_geometry,39,k0p000750000_wqm0p550000000,0.00075,-0.55,40,k0p000750000_wqm0p525000000,0.00075,-0.525,0.022083933798586124,0.09523809523809532
ringdown_plus_photon_geometry,40,k0p000750000_wqm0p525000000,0.00075,-0.525,41,k0p000750000_wqm0p500000000,0.00075,-0.5,0.016872006020556198,0.09523809523809532
ringdown_plus_photon_geometry,41,k0p000750000_wqm0p500000000,0.00075,-0.5,42,k0p000750000_wqm0p475000000,0.00075,-0.475,0.012928329223252722,0.09523809523809532
ringdown_plus_photon_geometry,42,k0p000750000_wqm0p475000000,0.00075,-0.475,43,k0p000750000_wqm0p450000000,0.00075,-0.45,0.00998568252447671,0.09523809523809511
ringdown_plus_photon_geometry,43,k0p000750000_wqm0p450000000,0.00075,-0.45,42,k0p000750000_wqm0p475000000,0.00075,-0.475,0.00998568252447671,0.09523809523809511
ringdown_plus_photon_geometry,44,k0p001000000_wqm0p712500000,0.001,-0.7125,56,k0p001250000_wqm0p690000000,0.00125,-0.69,0.06395540391783243,0.13170777796132715
ringdown_plus_photon_geometry,45,k0p001000000_wqm0p690000000,0.001,-0.69,33,k0p000750000_wqm0p712500000,0.00075,-0.7125,0.04684489142625044,0.13170777796132715
ringdown_plus_photon_geometry,46,k0p001000000_wqm0p666666667,0.001,-0.6666666666666666,34,k0p000750000_wqm0p690000000,0.00075,-0.69,0.04174582765084347,0.13379549531991436
ringdown_plus_photon_geometry,47,k0p001000000_wqm0p640000000,0.001,-0.64,35,k0p000750000_wqm0p666666667,0.00075,-0.6666666666666666,0.03876572704228405,0.14254816675001236
ringdown_plus_photon_geometry,48,k0p001000000_wqm0p610000000,0.001,-0.61,36,k0p000750000_wqm0p640000000,0.00075,-0.64,0.036569535851226465,0.15185922589620934
ringdown_plus_photon_geometry,49,k0p001000000_wqm0p580000000,0.001,-0.58,37,k0p000750000_wqm0p610000000,0.00075,-0.61,0.03200415294452326,0.15185922589620934
ringdown_plus_photon_geometry,50,k0p001000000_wqm0p550000000,0.001,-0.55,62,k0p001250000_wqm0p525000000,0.00125,-0.525,0.026781458707604178,0.13809523809523816
ringdown_plus_photon_geometry,51,k0p001000000_wqm0p525000000,0.001,-0.525,52,k0p001000000_wqm0p500000000,0.001,-0.5,0.022289952464845737,0.09523809523809532
ringdown_plus_photon_geometry,52,k0p001000000_wqm0p500000000,0.001,-0.5,53,k0p001000000_wqm0p475000000,0.001,-0.475,0.017129008740888373,0.09523809523809532
ringdown_plus_photon_geometry,53,k0p001000000_wqm0p475000000,0.001,-0.475,54,k0p001000000_wqm0p450000000,0.001,-0.45,0.013257989910086138,0.09523809523809511
ringdown_plus_photon_geometry,54,k0p001000000_wqm0p450000000,0.001,-0.45,53,k0p001000000_wqm0p475000000,0.001,-0.475,0.013257989910086138,0.09523809523809511
ringdown_plus_photon_geometry,55,k0p001250000_wqm0p712500000,0.00125,-0.7125,67,k0p001500000_wqm0p690000000,0.0015,-0.69,0.10288423502128287,0.13170777796132715
ringdown_plus_photon_geometry,56,k0p001250000_wqm0p690000000,0.00125,-0.69,44,k0p001000000_wqm0p712500000,0.001,-0.7125,0.06395540391783243,0.13170777796132715
ringdown_plus_photon_geometry,57,k0p001250000_wqm0p666666667,0.00125,-0.6666666666666666,45,k0p001000000_wqm0p690000000,0.001,-0.69,0.05335870348737796,0.13379549531991436
ringdown_plus_photon_geometry,58,k0p001250000_wqm0p640000000,0.00125,-0.64,46,k0p001000000_wqm0p666666667,0.001,-0.6666666666666666,0.05190895256253023,0.14254816675001236
ringdown_plus_photon_geometry,59,k0p001250000_wqm0p610000000,0.00125,-0.61,47,k0p001000000_wqm0p640000000,0.001,-0.64,0.04880188864590697,0.15185922589620934
ringdown_plus_photon_geometry,60,k0p001250000_wqm0p580000000,0.00125,-0.58,48,k0p001000000_wqm0p610000000,0.001,-0.61,0.03933899885031938,0.15185922589620934
ringdown_plus_photon_geometry,61,k0p001250000_wqm0p550000000,0.00125,-0.55,73,k0p001500000_wqm0p525000000,0.0015,-0.525,0.02870085032716861,0.13809523809523816
ringdown_plus_photon_geometry,62,k0p001250000_wqm0p525000000,0.00125,-0.525,74,k0p001500000_wqm0p500000000,0.0015,-0.5,0.025622691572691526,0.13809523809523816
ringdown_plus_photon_geometry,63,k0p001250000_wqm0p500000000,0.00125,-0.5,64,k0p001250000_wqm0p475000000,0.00125,-0.475,0.021274361075966364,0.09523809523809532
ringdown_plus_photon_geometry,64,k0p001250000_wqm0p475000000,0.00125,-0.475,65,k0p001250000_wqm0p450000000,0.00125,-0.45,0.01650190830042486,0.09523809523809511
ringdown_plus_photon_geometry,65,k0p001250000_wqm0p450000000,0.00125,-0.45,64,k0p001250000_wqm0p475000000,0.00125,-0.475,0.01650190830042486,0.09523809523809511
ringdown_plus_photon_geometry,66,k0p001500000_wqm0p712500000,0.0015,-0.7125,89,k0p002000000_wqm0p690000000,0.002,-0.69,0.11838178672697246,0.2175935173103975
ringdown_plus_photon_geometry,67,k0p001500000_wqm0p690000000,0.0015,-0.69,90,k0p002000000_wqm0p666666667,0.002,-0.6666666666666666,0.08513553934005355,0.21886350670658009
ringdown_plus_photon_geometry,68,k0p001500000_wqm0p666666667,0.0015,-0.6666666666666666,56,k0p001250000_wqm0p690000000,0.00125,-0.69,0.07609212324702679,0.13379549531991436
ringdown_plus_photon_geometry,69,k0p001500000_wqm0p640000000,0.0015,-0.64,57,k0p001250000_wqm0p666666667,0.00125,-0.6666666666666666,0.07030529493978808,0.14254816675001236
ringdown_plus_photon_geometry,70,k0p001500000_wqm0p610000000,0.0015,-0.61,81,k0p001750000_wqm0p610000000,0.00175,-0.61,0.05794731662364889,0.1
ringdown_plus_photon_geometry,71,k0p001500000_wqm0p580000000,0.0015,-0.58,83,k0p001750000_wqm0p550000000,0.00175,-0.55,0.0472735855716006,0.15185922589620904
ringdown_plus_photon_geometry,72,k0p001500000_wqm0p550000000,0.0015,-0.55,84,k0p001750000_wqm0p525000000,0.00175,-0.525,0.03192034871696587,0.13809523809523816
ringdown_plus_photon_geometry,73,k0p001500000_wqm0p525000000,0.0015,-0.525,85,k0p001750000_wqm0p500000000,0.00175,-0.5,0.027435327077941614,0.13809523809523816
ringdown_plus_photon_geometry,74,k0p001500000_wqm0p500000000,0.0015,-0.5,86,k0p001750000_wqm0p475000000,0.00175,-0.475,0.023967957239278668,0.13809523809523816
ringdown_plus_photon_geometry,75,k0p001500000_wqm0p475000000,0.0015,-0.475,76,k0p001500000_wqm0p450000000,0.0015,-0.45,0.019717290822637963,0.09523809523809511
ringdown_plus_photon_geometry,76,k0p001500000_wqm0p450000000,0.0015,-0.45,75,k0p001500000_wqm0p475000000,0.0015,-0.475,0.019717290822637963,0.09523809523809511
ringdown_plus_photon_geometry,77,k0p001750000_wqm0p712500000,0.00175,-0.7125,100,k0p002250000_wqm0p690000000,0.00225,-0.69,0.11161379151743131,0.2175935173103974
ringdown_plus_photon_geometry,78,k0p001750000_wqm0p690000000,0.00175,-0.69,101,k0p002250000_wqm0p666666667,0.00225,-0.6666666666666666,0.09449800688853893,0.21886350670658
ringdown_plus_photon_geometry,79,k0p001750000_wqm0p666666667,0.00175,-0.6666666666666666,56,k0p001250000_wqm0p690000000,0.00125,-0.69,0.08588835043993076,0.21886350670658009
ringdown_plus_photon_geometry,80,k0p001750000_wqm0p640000000,0.00175,-0.64,91,k0p002000000_wqm0p640000000,0.002,-0.64,0.0697636978320365,0.1
ringdown_plus_photon_geometry,81,k0p001750000_wqm0p610000000,0.00175,-0.61,92,k0p002000000_wqm0p610000000,0.002,-0.61,0.056604552914362276,0.1
ringdown_plus_photon_geometry,82,k0p001750000_wqm0p580000000,0.00175,-0.58,93,k0p002000000_wqm0p580000000,0.002,-0.58,0.04754674203664318,0.1
ringdown_plus_photon_geometry,83,k0p001750000_wqm0p550000000,0.00175,-0.55,95,k0p002000000_wqm0p525000000,0.002,-0.525,0.035976790248937136,0.13809523809523816
ringdown_plus_photon_geometry,84,k0p001750000_wqm0p525000000,0.00175,-0.525,96,k0p002000000_wqm0p500000000,0.002,-0.5,0.030006419053294996,0.13809523809523816
ringdown_plus_photon_geometry,85,k0p001750000_wqm0p500000000,0.00175,-0.5,97,k0p002000000_wqm0p475000000,0.002,-0.475,0.025371957334909646,0.13809523809523816
ringdown_plus_photon_geometry,86,k0p001750000_wqm0p475000000,0.00175,-0.475,98,k0p002000000_wqm0p450000000,0.002,-0.45,0.02181803011083505,0.13809523809523802
ringdown_plus_photon_geometry,87,k0p001750000_wqm0p450000000,0.00175,-0.45,75,k0p001500000_wqm0p475000000,0.0015,-0.475,0.021281175345291687,0.13809523809523802
ringdown_plus_photon_geometry,88,k0p002000000_wqm0p712500000,0.002,-0.7125,111,k0p002500000_wqm0p690000000,0.0025,-0.69,0.20904813663678948,0.2175935173103975
ringdown_plus_photon_geometry,89,k0p002000000_wqm0p690000000,0.002,-0.69,66,k0p001500000_wqm0p712500000,0.0015,-0.7125,0.11838178672697246,0.2175935173103975
ringdown_plus_photon_geometry,90,k0p002000000_wqm0p666666667,0.002,-0.6666666666666666,67,k0p001500000_wqm0p690000000,0.0015,-0.69,0.08513553934005355,0.21886350670658009
ringdown_plus_photon_geometry,91,k0p002000000_wqm0p640000000,0.002,-0.64,80,k0p001750000_wqm0p640000000,0.00175,-0.64,0.0697636978320365,0.1
ringdown_plus_photon_geometry,92,k0p002000000_wqm0p610000000,0.002,-0.61,103,k0p002250000_wqm0p610000000,0.00225,-0.61,0.055453500007780696,0.09999999999999991
ringdown_plus_photon_geometry,93,k0p002000000_wqm0p580000000,0.002,-0.58,104,k0p002250000_wqm0p580000000,0.00225,-0.58,0.04691406975730307,0.09999999999999991
ringdown_plus_photon_geometry,94,k0p002000000_wqm0p550000000,0.002,-0.55,105,k0p002250000_wqm0p550000000,0.00225,-0.55,0.04014530793102044,0.09999999999999991
ringdown_plus_photon_geometry,95,k0p002000000_wqm0p525000000,0.002,-0.525,107,k0p002250000_wqm0p500000000,0.00225,-0.5,0.03310764689732521,0.13809523809523808
ringdown_plus_photon_geometry,96,k0p002000000_wqm0p500000000,0.002,-0.5,108,k0p002250000_wqm0p475000000,0.00225,-0.475,0.027275241389331652,0.13809523809523808
ringdown_plus_photon_geometry,97,k0p002000000_wqm0p475000000,0.002,-0.475,109,k0p002250000_wqm0p450000000,0.00225,-0.45,0.02277773035359065,0.13809523809523794
ringdown_plus_photon_geometry,98,k0p002000000_wqm0p450000000,0.002,-0.45,86,k0p001750000_wqm0p475000000,0.00175,-0.475,0.02181803011083505,0.13809523809523802
ringdown_plus_photon_geometry,99,k0p002250000_wqm0p712500000,0.00225,-0.7125,88,k0p002000000_wqm0p712500000,0.002,-0.7125,1.2813116713973463,0.09999999999999991
ringdown_plus_photon_geometry,100,k0p002250000_wqm0p690000000,0.00225,-0.69,77,k0p001750000_wqm0p712500000,0.00175,-0.7125,0.11161379151743131,0.2175935173103974
ringdown_plus_photon_geometry,101,k0p002250000_wqm0p666666667,0.00225,-0.6666666666666666,78,k0p001750000_wqm0p690000000,0.00175,-0.69,0.09449800688853893,0.21886350670658
ringdown_plus_photon_geometry,102,k0p002250000_wqm0p640000000,0.00225,-0.64,91,k0p002000000_wqm0p640000000,0.002,-0.64,0.07078483391191628,0.09999999999999991
ringdown_plus_photon_geometry,103,k0p002250000_wqm0p610000000,0.00225,-0.61,114,k0p002500000_wqm0p610000000,0.0025,-0.61,0.05460571590871743,0.10000000000000009
ringdown_plus_photon_geometry,104,k0p002250000_wqm0p580000000,0.00225,-0.58,115,k0p002500000_wqm0p580000000,0.0025,-0.58,0.046308866702283305,0.10000000000000009
ringdown_plus_photon_geometry,105,k0p002250000_wqm0p550000000,0.00225,-0.55,116,k0p002500000_wqm0p550000000,0.0025,-0.55,0.03988740140058161,0.10000000000000009
ringdown_plus_photon_geometry,106,k0p002250000_wqm0p525000000,0.00225,-0.525,117,k0p002500000_wqm0p525000000,0.0025,-0.525,0.03561356640734031,0.10000000000000009
ringdown_plus_photon_geometry,107,k0p002250000_wqm0p500000000,0.00225,-0.5,119,k0p002500000_wqm0p475000000,0.0025,-0.475,0.0295579207522483,0.13809523809523822
ringdown_plus_photon_geometry,108,k0p002250000_wqm0p475000000,0.00225,-0.475,120,k0p002500000_wqm0p450000000,0.0025,-0.45,0.02409827291985617,0.13809523809523808
ringdown_plus_photon_geometry,109,k0p002250000_wqm0p450000000,0.00225,-0.45,97,k0p002000000_wqm0p475000000,0.002,-0.475,0.02277773035359065,0.13809523809523794
ringdown_plus_photon_geometry,110,k0p002500000_wqm0p712500000,0.0025,-0.7125,99,k0p002250000_wqm0p712500000,0.00225,-0.7125,2.8819179903986534,0.10000000000000009
ringdown_plus_photon_geometry,111,k0p002500000_wqm0p690000000,0.0025,-0.69,88,k0p002000000_wqm0p712500000,0.002,-0.7125,0.20904813663678948,0.2175935173103975
ringdown_plus_photon_geometry,112,k0p002500000_wqm0p666666667,0.0025,-0.6666666666666666,89,k0p002000000_wqm0p690000000,0.002,-0.69,0.1304673237993545,0.21886350670658009
ringdown_plus_photon_geometry,113,k0p002500000_wqm0p640000000,0.0025,-0.64,102,k0p002250000_wqm0p640000000,0.00225,-0.64,0.07468454650830673,0.10000000000000009
ringdown_plus_photon_geometry,114,k0p002500000_wqm0p610000000,0.0025,-0.61,103,k0p002250000_wqm0p610000000,0.00225,-0.61,0.05460571590871743,0.10000000000000009
ringdown_plus_photon_geometry,115,k0p002500000_wqm0p580000000,0.0025,-0.58,104,k0p002250000_wqm0p580000000,0.00225,-0.58,0.046308866702283305,0.10000000000000009
ringdown_plus_photon_geometry,116,k0p002500000_wqm0p550000000,0.0025,-0.55,105,k0p002250000_wqm0p550000000,0.00225,-0.55,0.03988740140058161,0.10000000000000009
ringdown_plus_photon_geometry,117,k0p002500000_wqm0p525000000,0.0025,-0.525,106,k0p002250000_wqm0p525000000,0.00225,-0.525,0.03561356640734031,0.10000000000000009
ringdown_plus_photon_geometry,118,k0p002500000_wqm0p500000000,0.0025,-0.5,107,k0p002250000_wqm0p500000000,0.00225,-0.5,0.032238970236085365,0.10000000000000009
ringdown_plus_photon_geometry,119,k0p002500000_wqm0p475000000,0.0025,-0.475,107,k0p002250000_wqm0p500000000,0.00225,-0.5,0.0295579207522483,0.13809523809523822
ringdown_plus_photon_geometry,120,k0p002500000_wqm0p450000000,0.0025,-0.45,108,k0p002250000_wqm0p475000000,0.00225,-0.475,0.02409827291985617,0.13809523809523808
