feature,reference_value,production_value,absolute_difference
orbital__r_emit__mean,9.591478071099413,9.59147807109621,3.2027713814386516e-12
orbital__r_emit__amplitude,1.9998697008654744,1.9998697008596984,5.7760463079148394e-12
orbital__r_emit__reference,12.0,12.0,0.0
orbital__r_emit__cos1,0.3894397935904095,0.3894397935977744,7.364941989607132e-12
orbital__r_emit__sin1,1.6750622351701854,1.6750622351772897,7.104317134576377e-12
orbital__r_emit__cos2,0.023668575594032706,0.0236685755944314,3.9869496593070153e-13
orbital__r_emit__sin2,0.6921230282710941,0.6921230282584264,1.2667644710973036e-11
orbital__r_emit__cos3,0.007783577163716452,0.007783577160468,3.248451854731549e-12
orbital__r_emit__sin3,0.433340043879762,0.4333400438746537,5.108302669754039e-12
orbital__p_r_emit__mean,-0.03037085917063629,-0.0303708591704677,1.6859083573628197e-13
orbital__p_r_emit__amplitude,0.03530221928840101,0.0353022192887159,3.1489394425321393e-13
orbital__p_r_emit__reference,0.0,0.0,0.0
orbital__p_r_emit__cos1,0.026239756274962306,0.0262397562750408,7.849276784099857e-14
orbital__p_r_emit__sin1,-0.008837136228309294,-0.008837136228621,3.1170552250436856e-13
orbital__p_r_emit__cos2,0.0049874093306442975,0.0049874093305938,5.0497800385684855e-14
orbital__p_r_emit__sin2,-0.002765068600246639,-0.0027650686002561,9.460748157108512e-15
orbital__p_r_emit__cos3,0.002130965743843309,0.0021309657438249,1.8408885527065877e-14
orbital__p_r_emit__sin3,-0.0017905486504662964,-0.0017905486504783,1.2003635932456014e-14
photon_geometry__impact_parameter__mean,9.797072101467798,9.79707210146611,1.687538997430238e-12
photon_geometry__impact_parameter__amplitude,2.443032172409037,2.4430321723813315,2.7705393534915856e-11
photon_geometry__impact_parameter__reference,10.41626286288726,10.416262862887308,4.796163466380676e-14
photon_geometry__impact_parameter__cos1,-0.6367244322395519,-0.6367244322334481,6.103784144784186e-12
photon_geometry__impact_parameter__sin1,1.1636448371328347,1.1636448371398689,7.034151039420067e-12
photon_geometry__impact_parameter__cos2,-0.684747770594037,-0.6847477705928371,1.1999290450148692e-12
photon_geometry__impact_parameter__sin2,-0.08640916543023065,-0.0864091654418358,1.1605147398618954e-11
photon_geometry__impact_parameter__cos3,0.016109732346017473,0.0161097323420361,3.981374258055226e-12
photon_geometry__impact_parameter__sin3,0.2210458839246563,0.2210458839214082,3.2480962364189736e-12
photon_geometry__alpha_sky__mean,0.006344581807976475,0.006344581807969,7.474923457984062e-15
photon_geometry__alpha_sky__amplitude,0.12195492159222016,0.1219549215926244,4.042460810538273e-13
photon_geometry__alpha_sky__reference,-0.1215895450060836,-0.121589545006084,4.0245584642661925e-16
photon_geometry__alpha_sky__cos1,-0.1016518793497658,-0.1016518793497897,2.3897550605056495e-14
photon_geometry__alpha_sky__sin1,0.05129581092804832,0.0512958109281014,5.307559947098639e-14
photon_geometry__alpha_sky__cos2,0.0008874951056868135,0.0008874951056429,4.3913549012397635e-14
photon_geometry__alpha_sky__sin2,-0.00861465075408174,-0.0086146507540832,1.4606371667724716e-15
photon_geometry__alpha_sky__cos3,-0.004512932803809544,-0.0045129328037848,2.4744095661333176e-14
photon_geometry__alpha_sky__sin3,-0.007218466245642214,-0.0072184662455888,5.341387054880187e-14
photon_geometry__beta_sky__mean,0.005862499013729702,0.0058624990137704,4.069834746989187e-14
photon_geometry__beta_sky__amplitude,0.11983261232095478,0.1198326123198934,1.0613870893294575e-12
photon_geometry__beta_sky__reference,0.024951675065205202,0.024951675065205,2.0122792321330962e-16
photon_geometry__beta_sky__cos1,0.028822437427696985,0.028822437427634,6.298433996576591e-14
photon_geometry__beta_sky__sin1,0.11570328945267186,0.1157032894526109,6.096512183972891e-14
photon_geometry__beta_sky__cos2,-0.005694594863297958,-0.0056945948633554,5.744189846002001e-14
photon_geometry__beta_sky__sin2,-0.001655665282641133,-0.0016556652825568,8.433293126330899e-14
photon_geometry__beta_sky__cos3,-0.004368020097909683,-0.0043680200978332,7.648309069407944e-14
photon_geometry__beta_sky__sin3,0.004289531825369715,0.0042895318253325,3.721502273013044e-14
redshift__redshift__mean,0.12913402836092946,0.1291340283608829,4.657385588302532e-14
redshift__redshift__amplitude,0.26858877335725906,0.2685887733576799,4.208300374841656e-13
redshift__redshift__reference,-0.006155614154209399,-0.0061556141542105,1.1006820455072841e-15
redshift__redshift__cos1,-0.12908545409246353,-0.1290854540926077,1.4416245974757658e-13
redshift__redshift__sin1,0.23734399210396956,0.2373439921036799,2.8965718712470334e-13
redshift__redshift__cos2,0.024020544039245237,0.0240205440394098,1.6456280782506383e-13
redshift__redshift__sin2,-0.016966690269103996,-0.0169666902686315,4.724970414926588e-13
redshift__redshift__cos3,-0.008144350710138795,-0.0081443507104158,2.770058488144045e-13
redshift__redshift__sin3,-0.005524418895891861,-0.0055244188958909,9.610368056911511e-16
timing__excess_time_delay__mean,9.19368686787133,9.193686867873454,2.1245227799226996e-12
timing__excess_time_delay__amplitude,1.5227812927423514,1.5227812927141215,2.822986289174878e-11
timing__excess_time_delay__reference,7.807708392254327,7.807708392254213,1.1368683772161603e-13
timing__excess_time_delay__cos1,-1.0386430561603774,-1.0386430561625626,2.185140957067233e-12
timing__excess_time_delay__sin1,-0.8858165535689316,-0.8858165535721428,3.2112090764258028e-12
timing__excess_time_delay__cos2,0.20275578000686278,0.2027557800019618,4.900996275480907e-12
timing__excess_time_delay__sin2,0.04892468257561852,0.0489246825838103,8.191780587196718e-12
timing__excess_time_delay__cos3,-0.020584977701490703,-0.0205849776919619,9.528804828518034e-12
timing__excess_time_delay__sin3,-0.18059842967546008,-0.1805984296786748,3.214706278953372e-12
timing__arrival_time_relative__mean,113.54148877222782,113.54148877215007,7.774758614687016e-11
timing__arrival_time_relative__amplitude,93.48366527272493,93.48366527266946,5.547917680814862e-11
timing__arrival_time_relative__cos1,-15.688052649800502,-15.68805264981022,9.71844826835877e-12
timing__arrival_time_relative__sin1,-59.544117523184404,-59.54411752311047,7.393197165583842e-11
timing__arrival_time_relative__cos2,-1.7654232959292877,-1.7654232959071137,2.21740403816284e-11
timing__arrival_time_relative__sin2,-29.81693623602316,-29.81693623603563,1.2470025012589758e-11
timing__arrival_time_relative__cos3,-0.7656967321774004,-0.7656967321672945,1.010591610395295e-11
timing__arrival_time_relative__sin3,-19.874896643978172,-19.87489664396937,8.80007178238884e-12
