phi,x_hit,y_hit,z_hit,hit_error,impact_parameter,impact_parameter_drift,alpha_sky,beta_sky,propagation_time,euclidean_distance,excess_time_delay,one_plus_z,redshift,null_constraint_error,r_emit,p_r_emit,t_emit,tau_emit,arrival_time_relative,toa_from_redshift
3.141592653589793,-1.1667056210029614e-12,3.906944212594965e-13,-80.0,1.2303837356220207e-12,10.41626286288726,1.3091749906379846e-12,-0.1215895450060836,0.024951675065205202,80.70184907895758,72.89414068670325,7.807708392254327,0.9938443858457906,-0.006155614154209399,1.2258874471093861e-12,12.0,0.0,0.0,0.0,0.0,0.0
3.220132469929538,-5.683176151904945e-12,2.747829741522878e-12,-79.99999999999999,6.312611144524806e-12,10.18301157550782,1.5560885913146194e-12,-0.11591997573874005,0.03573302782696359,80.41261384669278,72.61255209689222,7.800061749800562,1.0119339731696089,0.011933973169608869,1.516481384911117e-12,11.996937435585105,-0.0024202523059855003,3.5552779897479363,3.081129632088769,3.0898214491890457,3.0900315686823663
3.2986722862692828,-5.844214001626824e-13,8.547329510832924e-14,-80.0,5.906386857841143e-13,9.976974635718651,1.7852386235972517e-12,-0.10942750019428721,0.0462836407764946,80.18343339066597,72.38773977477092,7.795693615895047,1.0307725671583674,0.030772567158367403,1.5960288646255094e-12,11.987766122103613,-0.004835653959274923,7.107271909053494,6.15911735045196,6.23335050647691,6.233744390357204
3.377212102609028,-2.3014617989147723e-11,8.154588115871775e-12,-80.0,2.4416591664806927e-11,9.806250028045433,2.7498003873915877e-12,-0.10216480761127514,0.056510076421803404,80.01624669244848,72.22185700346947,7.79438968897901,1.0502340718255732,0.05023407182557316,1.6799339697115556e-12,11.972535000977349,-0.007241362635936515,10.652719990352853,9.23084281181866,9.429335757587722,9.429884929477259
3.4557519189487724,-1.2002687732604045e-10,4.539735254383004e-11,-80.0,1.2832525432910373e-10,9.677660699356169,3.5793590313915047e-12,-0.09419445242323052,0.06632182887909359,79.91237170943049,72.11639709782635,7.795974611604137,1.0701843887718876,0.0701843887718876,2.0414295254234105e-12,11.951324986069043,-0.009632552745703715,14.18840473353051,12.293228484056746,12.675980150770442,12.676654485918661
3.5342917352885173,-2.171127166938902e-10,4.633946004695133e-11,-80.0,2.2200287680037938e-10,9.596138087276923,4.106937012693379e-12,-0.08558778856028078,0.07563306240425623,79.87248204998885,72.07216558034683,7.800316469642013,1.0904835153232397,0.09048351532323973,2.262856568790994e-12,11.924247996118556,-0.01200442398525818,17.71117420296834,15.343260236222251,15.970939078425957,15.971707342606177
3.612831551628262,-4.0575126591946287e-10,5.8029248073410145e-11,-80.0,4.098798402302949e-10,9.564230609333032,4.105160655853979e-12,-0.07642365031675372,0.08436422816220517,79.89659782974715,72.08926787926163,7.807329950485524,1.1109878577608956,0.11098785776089559,2.260983067436939e-12,11.891445630004782,-0.014352210104537874,21.21796234567769,18.378006974551383,19.311330948578203,19.312161377102193
3.691371367968007,-7.961147296953186e-10,2.653484654224769e-10,-80.0,8.391713001169152e-10,9.581841150589925,3.602451670303708e-12,-0.06678682978431376,0.0924434982992604,79.98409106256615,72.16711306773561,7.816977994830538,1.1315526583553228,0.13155265835532282,2.0642446085794575e-12,11.853087513446757,-0.016671187939749532,24.705808044924986,21.394639046235735,22.693760310566162,22.694621198586074
3.769911184307752,-1.085124323729758e-09,3.492137135019391e-10,-79.99999999999999,1.1399320223801852e-09,9.646256474483474,2.922107000813412e-12,-0.05676641034857229,0.09980796561506242,80.13370527973638,72.30443340144667,7.829271878289703,1.1520344275773822,0.15203442757738217,1.8429285875143364e-12,11.809369352233476,-0.01895668675293181,28.17187265651232,24.390445164878617,26.11435300577112,26.115213280831608
3.848451000647497,-1.3355876266052391e-09,4.692219668367414e-10,-80.0,1.4156141997391647e-09,9.752464312239091,2.460254222569347e-12,-0.04645402144132227,0.106404569427374,80.3435884348531,72.49931866825118,7.844269766601926,1.1722932743742136,0.1722932743742136,2.0563828417863306e-12,11.760510732388935,-0.021204097901838703,31.6134558132769,27.362847649114414,29.568802248847305,29.56963199856111
3.9269908169872414,-1.4846261719991816e-09,5.827248128476015e-10,-80.0,1.5948928108475553e-09,9.893687491671372,2.0037305148434825e-12,-0.035942081265531424,0.11219072254102365,80.6113375875283,72.7492637010108,7.862073886517493,1.192195037419806,0.19219503741980604,2.0875939865661053e-12,11.70675271169815,-0.023408884846284318,35.02800932594997,30.30941580753398,33.05242405132698,33.05319498380486
4.005530633326986,-1.5961177241008428e-09,1.0397628313896234e-09,-80.0,1.904914311649797e-09,10.062025563473286,1.8882673202824662e-12,-0.02532209163790553,0.11713462941003942,80.93405340927092,73.0512268751027,7.882826534168217,1.2116131373585928,0.21161313735859277,1.9939189188633577e-12,11.648355249661456,-0.025566593478666966,38.41314905368845,33.22787734724907,36.560220016652906,36.5609058372766
4.084070449666731,-1.4385640664804633e-09,7.142904046020249e-10,-79.99999999999999,1.6061374024271183e-09,10.249093496244011,1.7603696278456482e-12,-0.014683042839706084,0.1212153003814134,81.30840224541073,73.40169705122413,7.9067051941866,1.2304300919952769,0.23043009199527686,1.5340159698062905e-12,11.585594524188386,-0.02767286274792557,41.76666466376408,36.11612772858183,40.086945286612945,40.0875219814828
4.162610266006476,-1.3029643123989298e-09,7.516066657942133e-10,-80.0,1.5042036362977953e-09,10.44657539856478,1.779909553079051e-12,-0.0041099771971269995,0.12442228027864853,81.73068331050459,73.79676624734216,7.933917063162426,1.248538660490783,0.2485386604907831,1.3158502065735433e-12,11.518760183225941,-0.029723435528397932,45.08652724552191,38.97223743296835,43.62717931432027,43.62762533690599
4.241150082346221,-1.142567000213257e-09,7.246506728009194e-10,-79.99999999999999,1.352988524551168e-09,10.646650614885406,1.241673430740775e-12,0.006317251037795238,0.12675512059309105,82.1968985844734,74.23220532649081,7.964693257982589,1.265842606200015,0.265842606200015,9.25370891025068e-13,11.448152578128676,-0.031714169668623,48.37089478738769,41.794457153829924,47.17539717055432,47.175693535215835
4.319689898685965,-9.926716948438497e-10,6.550194830978739e-10,-80.0,1.189305518772181e-09,10.842284192575805,1.7053025658242404e-12,0.016524994005306153,0.12822263272688328,82.70282310191544,74.70354014798768,7.999282953927761,1.2822570886089701,0.28225708860897014,9.572828640891373e-13,11.374080023052153,-0.033641049140617225,51.61811556617518,44.58122095968181,50.72603924700694,50.72616953681379
4.39822971502571,-8.449162029744439e-10,6.907630717423174e-10,-79.99999999999999,1.0913464213216782e-09,11.027396195473052,9.663381206337363e-13,0.026446593265049435,0.1288419647031749,83.2440735532748,75.20612591489508,8.03794763837972,1.2977087111721137,0.2977087111721137,6.52367049269742e-13,11.29685612115477,-0.03550019519803516,54.826729534208056,47.331147514125234,54.27357746831231,54.27352776800073
4.476769531365456,-7.385765332657002e-10,6.326750234819656e-10,-80.0,9.725086019304331e-10,11.196934587796763,1.2025935802739696e-12,0.036022925091617836,0.12863754567790842,83.81617341589327,75.73521782041709,8.080955595476183,1.312135262872463,0.31213526287246296,6.333128466096127e-13,11.216797194115737,-0.037287877442227696,57.99546782106549,50.04303946785997,57.81257643754273,57.812335204858016
4.5553093477052,-6.54980572382946e-10,5.860499655008233e-10,-80.0,8.788936865529345e-10,11.346877969018735,5.861977570020827e-13,0.04520271501096978,0.1276399416979476,84.41461317463886,76.28603651008223,8.128576664556633,1.3254851967837606,0.32548519678376064,5.830128047001892e-13,11.134219846622589,-0.039000524688753986,61.123250492578634,52.71588116296702,61.33774828750808,61.33730617507631
4.633849164044944,-5.949532810856084e-10,5.761813803850657e-10,-80.0,8.28223635123371e-10,11.474191310800215,1.0054179711005418e-12,0.053942635856182704,0.12588466297351042,85.03490453762453,76.85382729865815,8.181077238966381,1.33771688920887,0.33771688920887,3.982925100842749e-13,11.049438692255046,-0.0406347355234709,64.20918272979713,55.34883480920294,64.84400035636534,64.84334999656501
4.71238898038469,-5.422685078748657e-10,5.896232391222611e-10,-80.0,8.010684731943084e-10,11.576753003066244,1.0196288258157438e-12,0.062207208577592626,0.12341095807112795,85.67262788727975,77.43391248133481,8.23871540594493,1.3487977188715348,0.34879771887153477,1.1518910825181194e-12,10.962764261791213,-0.04218728843688537,67.25254960499727,57.941235305907185,68.3264751363107,68.32561089876043
4.790928796724435,-4.88555529365442e-10,6.393194862397422e-10,-80.0,8.046215947632746e-10,11.653266663297769,4.707345624410664e-13,0.06996852760248291,0.12026062454857724,86.32347250187797,78.02173643664146,8.301736065236511,1.3587029981461678,0.3587029981461678,3.927136393855335e-13,10.874501109569668,-0.04365515142787437,70.25280964060798,60.49258389154671,71.78058223138834,71.77949996125099
4.869468613064179,-4.829321109678375e-10,6.472432312332188e-10,-80.00000000000001,8.075563287976076e-10,11.70316704867588,5.631051180898794e-13,0.07720583280993967,0.11647685929454626,86.98326933455269,78.61290352097032,8.370365813582367,1.3674147784657211,0.3674147784657211,6.799560914316771e-13,10.784946128318468,-0.04503549097293391,73.20958734055853,63.002540806271625,75.20202230221818,75.20071904313176
4.948008429403924,-4.770268208220685e-10,6.905204463780734e-10,-80.0,8.392693695410214e-10,11.726526223507143,7.034373084024992e-13,0.0839049483796841,0.11210316582098223,87.64801632683036,79.20320899596227,8.444807330868088,1.374920540865539,0.37492054086553894,2.681119215530714e-13,10.694387077944928,-0.04632568026451777,76.12266488250336,65.47091715163003,78.58680315419775,78.58527685977084
5.026548245743669,-4.544068732403872e-10,7.866356177554934e-10,-80.00000000000001,9.084498894103472e-10,11.723963798119923,7.904787935331115e-13,0.0900576051794158,0.10718233057347641,88.31389637908711,79.78866341070992,8.525232968377196,1.3812117710291407,0.3812117710291407,2.4377722063206875e-13,10.603101329276381,-0.047523306631429695,78.99197315425702,67.89766612638282,81.93124825842156,81.92949749085756
5.105088062083414,-4.2726105986545804e-10,9.131041478482871e-10,-80.0,1.0081226106456997e-09,11.696563406381268,1.191935439237568e-12,0.09566065827272555,0.10175547649447067,88.97728818165758,80.36551098527524,8.611777196382349,1.386282407101511,0.38628240710151096,2.264438636601085e-13,10.511354819731045,-0.04862617806526813,81.81758230923411,70.28287380881669,85.2319980634177,85.23002167824168
5.183627878423159,-4.363283068187229e-10,1.0277350082077419e-09,-80.00000000000001,1.1165221173031285e-09,11.645796458348219,1.5152323840084136e-12,0.10071520491524463,0.09586120017894345,89.6347701556025,80.9302426175013,8.704527538101189,1.390127138896082,0.3901271388960821,6.230016502684066e-13,10.419401214430913,-0.0496323287892032,84.5996920044126,72.62674964474759,88.48600448796901,88.48380130099751
5.262167694762903,-4.0537737056034473e-10,1.2229177115408163e-09,-80.0,1.2883549750603078e-09,11.573453450958366,1.2523315717771766e-12,0.10522560142806624,0.08953479959032978,90.28311775513933,81.47960416986398,8.803513585275354,1.3927395301828558,0.3927395301828558,4.2201311889478177e-13,10.32748126337115,-0.05054002381851355,87.3386214709997,74.92961678719698,91.6905189755017,91.68808740801724
5.340707511102648,-3.6586178531194946e-10,1.4656828528636368e-09,-80.0,1.5106558413914587e-09,11.481582635419752,1.7390533457728452e-12,0.10919837009260767,0.0828076032095692,90.9192943645433,82.01060069570848,8.908693668834829,1.3941099332981284,0.3941099332981284,6.144147690623214e-13,10.235822342935435,-0.05134776247595361,90.03479955321382,77.19190241914066,94.843074458395,94.84041215782874
5.419247327442394,-3.2212177369927986e-10,1.7492484682968268e-09,-80.0,1.7786603500752933e-09,11.372435546172332,1.2292389328649733e-12,0.11264098041653513,0.07570641959498131,91.54043599869749,82.5204972427049,9.019938755992584,1.394223170105996,0.39422317010599595,7.937539514557557e-13,10.144638168277512,-0.05205428083882399,92.68875483499514,79.41412817534957,97.94146154345219,97.93856497746603
5.497787143782138,2.0162205238705155e-11,1.190539333784102e-11,-80.00000000000001,2.3414801101362766e-11,11.248418736013669,8.704148513061227e-13,0.11556048392232939,0.06825313978319267,92.14383000126327,83.00681683287127,9.137013168392002,1.393055969621935,0.3930559696219349,5.687256221520443e-13,10.054128661843798,-0.0526585531082668,95.30110595853685,81.5969007636758,100.98369920032508,100.98056322857185
5.576326960121882,2.542491772672406e-10,2.7872767982550783e-09,-80.0,2.7988487980296737e-09,11.112050992238482,1.1741718708435656e-12,0.11796197994658938,0.06046454510642378,92.72688797108526,83.46733616906401,9.25955180202125,1.3905741867104098,0.3905741867104098,6.808859032148007e-13,9.9644799625465,-0.0531597919045337,97.87255222274123,83.74090287062343,103.96800025441274,103.9646176886416
5.654866776461628,4.984689883080762e-10,3.3721192643776376e-09,-79.99999999999999,3.4087621896359472e-09,10.965925294494909,1.3002932064409833e-12,0.11984689495300647,0.052352401167435524,93.28711326331904,83.9000795622727,9.387033701046349,1.3867298878402865,0.3867298878402865,7.584211036970601e-13,9.875864559759027,-0.05355744750454772,100.4038645344162,85.84688442104395,106.89273208091609,106.88909325909735
5.733406592801373,1.0942426617588374e-09,4.186939309147597e-09,-80.00000000000001,4.327566034308249e-09,10.812674781542379,2.3021584638627246e-12,0.12121107464177523,0.04392395549191351,93.82206368168228,84.30331151612545,9.518752165556833,1.3814584906209717,0.3814584906209717,4.91259810608824e-13,9.7884415363392,-0.053851206049811376,102.89587677053329,87.91565424759744,109.75637313836356,109.75246555488569
5.811946409141117,2.0253022037231005e-09,5.18447615394102e-09,-80.0,5.566025692286078e-09,10.654941987363129,3.595346242946107e-12,0.12204272422658738,0.035183000711514915,94.3293104574773,84.6755283474851,9.653782109992207,1.374676300808012,0.37467630080801206,1.2717951691776364e-12,9.702356905232024,-0.054040986763451974,105.34947759638622,89.9480722124339,112.55746642055982,112.55327448669121
5.890486225480862,4.032122705166508e-09,6.4837271350481895e-09,-80.0,7.635229601739523e-09,10.495350543058768,5.286437954055145e-12,0.1223202981783567,0.02613171128592023,94.80639542427768,85.01544916684044,9.790946257437241,1.3662790167070546,0.36627901670705465,8.95773539250907e-13,9.617744024804683,-0.054126938224831715,107.76560277217224,91.94504181152442,115.29457166362275,115.29007670746276
5.969026041820607,5.6306341256195935e-09,7.661272970194144e-09,-79.99999999999999,9.5078464533468e-09,10.336478379777645,7.458922368641652e-12,0.12201054883250441,0.016773496094479676,95.25078952179724,85.32200649064853,9.928783031148711,1.3561420741737238,0.3561420741737238,9.86849491013686e-13,9.534724078866489,-0.054109433758607536,110.14522796945957,93.90750328129549,117.96621929286022,117.96139995513559
6.047565858160352,5.956346527113965e-14,3.524958103184872e-15,-80.0,5.966767738680187e-14,10.180831173384172,1.0199840971836238e-11,0.12106710369426993,0.007117103973023877,95.65985749179045,85.59433671061507,10.06552078117538,1.3441240637087224,0.3441240637087224,9.652903476542463e-13,9.45340660827427,-0.05398906600235958,112.48936210924514,95.83642721773052,120.5708707210315,120.5657039491888
6.126105674500097,-1.0910716774503726e-12,2.5753704724351678e-14,-80.0,1.0913755809259243e-12,10.030814343741975,9.277911772187508e-12,0.1194301517427527,-0.0028178724299903163,96.03083583263698,85.83177060246528,10.199065230171698,1.3300747847041092,0.3300747847041092,2.0277945989022328e-12,9.373890082072393,-0.05376664072289819,114.79904122484344,97.7328087098954,123.10689168642591,123.10135455043816
6.204645490839841,-5.881406472951767e-13,6.65231758567586e-14,-80.0,5.91890829399188e-13,9.888701439023889,9.919176591210999e-12,0.11702804546539414,-0.012994192582428789,96.3608334588453,86.03382401912408,10.327009439721223,1.3138496309178735,0.31384963091787355,3.0350791324629256e-12,9.29626249722561,-0.053443169956119835,117.07532284564638,99.59766198288271,125.57254756356988,125.56662010044003
6.283185307179586,-3.828548589268621e-12,7.89313059357255e-13,-80.0,3.909066308731877e-12,9.756596385643778,8.501643833369599e-12,0.1137817744758873,-0.023349424203559,96.64686644376658,86.20018888025376,10.446677563512822,1.2953316064085967,0.2953316064085967,4.2160303026506085e-12,9.220601997136681,-0.053019864548834277,119.31928089178979,101.43201553938603,127.96603140150455,127.9597005415658
6.361725123519332,-4.423683641618936e-13,1.4094281297616362e-13,-80.0,4.642786298559342e-13,9.636387257918537,8.098410830825742e-12,0.10961316524052661,-0.03378891566168765,96.88593830932805,86.33072454151932,10.555213767808738,1.2744609429547498,0.27446094295474976,4.642834727786038e-12,9.146977500270019,-0.05249812618337173,121.53200106487718,103.23690778443328,130.28553552085847,130.27879986342884
6.440264939859076,-1.6789625245650086e-12,7.075937058509396e-13,-80.0,1.8219780491140867e-12,9.529690393010938,9.331202477369516e-12,0.10445707897192201,-0.04418134299983571,97.07517385799592,86.42544960241324,10.649724255582683,1.2512697061176945,0.2512697061176945,5.726544238804365e-12,9.075449331303787,-0.05187953896705983,123.71457671604615,105.01338311412607,132.52937421583323,132.52224895719192
6.51880475619882,3.446964935704955e-13,-1.9423351815817114e-13,-80.0,3.956543090323865e-13,9.437786288234733,1.0366818514739862e-11,0.09827665151736667,-0.05435943371867157,97.21200573529227,86.48453419057496,10.727471544717304,1.2259151469815228,0.22591514698152282,6.315413469959452e-12,9.006069848286899,-0.05116586066890039,125.8681051697202,106.762488446454,134.69615677273325,134.68867757505083
6.5973445725385655,2.856603842360528e-13,-1.9675927553919337e-13,-80.00000000000001,3.4686606584184266e-13,9.361552713285544,1.1390000054234406e-11,0.09107888692575208,-0.064128175256565,97.29439855104998,86.50829274287435,10.786105808175634,1.1987021127716597,0.19870211277165972,6.775392746849462e-12,8.938884060270862,-0.050359013685049483,127.99368447925872,108.48527017027048,136.78499642932402,136.77722072622723
6.675884388878311,4.3048897779840445e-13,-3.925193503562241e-13,-80.00000000000001,5.825737725043819e-13,9.301404864167642,1.0814460438268725e-11,0.08292635785428146,-0.07328118302940263,97.32107846957739,86.49717728868374,10.823901180893643,1.1700838832524116,0.17008388325241164,6.448945544246243e-12,8.873930230809098,-0.04946107581308931,130.09241058930405,110.18277148722989,138.79572489277516,138.78772940015014
6.754424205218055,3.522580505066486e-09,-5.27799914884497e-10,-80.0,3.561902043126192e-09,9.257255181512289,1.121058801345498e-11,0.07394048969797298,-0.08162306194279773,97.2917235028118,86.4517712283481,10.839952274463712,1.1406346321262066,0.14063463212620664,6.56361076600831e-12,8.811240463562447,-0.04847427091266462,132.16537487881754,111.85603012079196,140.72907004103496,140.72094425294463
6.8329640215578,5.863751706414178e-10,-2.8818725184009963e-11,-80.0,5.870829240115772e-10,9.22850445706649,1.2468248655750358e-11,0.06429376092739277,-0.0889926980856184,97.20706951013197,86.3727835895096,10.834285920622378,1.1109954181357171,0.11099541813571712,7.142793301273542e-12,8.750841267015666,-0.04740095952691683,134.21366205850845,113.50607636620808,142.58675421423354,142.57859110819504
6.911503837897545,-2.4875512760758056e-10,-1.1042978198538833e-09,-80.0,1.131968545695994e-09,9.214070216728755,9.620748642191757e-12,0.05419179073366398,-0.09528121212796567,97.06890329722782,86.26104373531616,10.807859561911656,1.081805662878712,0.08180566287871205,6.65876381811259e-12,8.692754095995237,-0.04624362953537829,136.23834839649888,115.13393145562385,144.37148600730728,144.36337230809792
6.99004365423729,-1.0199783656572592e-09,-1.7527049811505435e-09,-80.0,2.027888216189142e-09,9.212449786147872,9.691802915767767e-12,0.04384995188074494,-0.10043985653828716,96.87994270435631,86.11749649133597,10.76244621302034,1.0536378767905834,0.053637876790583405,4.940922671003989e-12,8.636995868285043,-0.04500488690466832,138.24050024655588,116.74060621298996,146.0868454358076,146.0788539235815
7.0685834705770345,-9.312398491223561e-10,-4.401545045107369e-09,-80.0,4.498978377443335e-09,9.221807507497587,9.71844826835877e-12,0.03347079469960051,-0.1044767723239465,96.64363227684349,85.94319765194206,10.700434624901433,1.0269514248733878,0.026951424873387753,5.502674704782606e-12,8.583579455166129,-0.0436874465985382,140.22117285398616,118.32709997429234,147.73708950144763,147.7292748970427
7.147123286916779,-1.7596530829666612e-09,-3.73079848958735e-09,-80.0,4.124952889706903e-09,9.240071612942854,1.0803802297232323e-11,0.023227439959831214,-0.10744521466008568,96.36389980087094,85.7393098217842,10.624589979086736,1.002072851426064,0.0020728514260639486,3.8422112713654144e-12,8.532514145164011,-0.04229412370363705,142.18140941526443,119.894399749635,149.32692097451405,149.31931954324716
7.225663103256524,-1.9577666640624436e-09,-4.4241093011265775e-09,-80.0,4.837932762991739e-09,9.265027234958369,1.0624390256452898e-11,0.013255200012305185,-0.10942779834519567,96.04491893622306,85.50709854352256,10.537820392700496,0.979200783765846,-0.02079921623415404,2.6799604202487615e-12,8.48380608067628,-0.04082782482187792,144.1222403686019,121.44347960487711,150.8612631627541,150.8538950812462
7.304202919596269,-2.1190858416966774e-09,-2.8611931157662696e-09,-80.0,3.560470593922608e-09,9.294396447349527,1.2967404927621828e-11,0.003650786150080673,-0.11052108459453573,95.69091035109115,85.24792865908925,10.442981692001894,0.9584273060129095,-0.041572693987090514,3.1448732507044497e-12,8.437458667479959,-0.03929153977455439,146.04468289390306,122.9753002417959,152.3450713030081,152.33794442854452
7.382742735936014,-1.967103650107882e-09,-2.536222121207743e-09,-80.00000000000001,3.2096603275691427e-09,9.325901531370047,8.270717444247566e-12,-0.005523235278432437,-0.11082325993873465,95.30599651131485,84.96326084822611,10.342735663088732,0.9397663392959007,-0.0602336607040993,1.7391643680753077e-12,8.393472957387747,-0.03768833365746167,147.94974060187135,124.4908087570771,153.7831948912652,153.7763087451036
7.461282552275758,-1.6799165600267507e-09,-1.709986596765134e-09,-80.0,2.3971178130764696e-09,9.357311897017153,5.8193450058752205e-12,-0.014231395892229827,-0.1104258826439525,94.89411059326986,84.6546482848147,10.23946230845516,0.9231815928567885,-0.07681840714321153,2.870738369242787e-12,8.351848004540107,-0.03602133928027064,149.8384033933713,125.99093856179344,155.18029137716172,155.17364060393206
7.539822368615503,-1.3423245986965426e-09,-1.0889036894390358e-09,-80.0,1.7284520742964723e-09,9.386477496181506,4.74997818855627e-12,-0.022457791902369226,-0.10940940493206427,94.458951068567,84.32373334848815,10.135217720078856,0.9086098384488481,-0.09139016155115187,2.2127924492743034e-12,8.312581195992081,-0.034293750017360985,151.71164747150692,127.4766094443908,156.5407832105167,156.53436020017313
7.618362184955249,-1.0360744900905772e-09,-7.084742792429211e-10,-80.00000000000001,1.2551438775555677e-09,9.411352356282737,4.122924224247981e-12,-0.030199341135783455,-0.10784157907526888,94.00397005704795,83.97224432615671,10.031725730891239,0.8959780279679599,-0.10402197203204011,2.0943247136528953e-12,8.27566855738449,-0.032508813091283076,153.57043549021452,128.94872776154054,157.8688469633243,157.8626436267023
7.696902001294993,-7.89063647754773e-10,-4.760061234065915e-10,-80.0,9.215222567733455e-10,9.430011631076887,3.035793838535028e-12,-0.03746038789940592,-0.10577775530261097,93.53238384058896,83.6019920353776,9.930391805211357,0.8852145293617438,-0.11478547063825617,3.199593368030662e-12,8.241105034584201,-0.03066982330405345,155.41571682446957,130.40818674251642,159.16842353190643,159.1624323640234
7.7754418176347375,-5.605101452421657e-10,-2.4410755361525815e-10,-80.0,6.113592402601107e-10,9.440664885921048,1.943334382303874e-12,-0.044248737276827516,-0.10326223942638624,93.04719601857926,83.21486629898872,9.832329719590533,0.8762555691881956,-0.12374443081180442,2.713641811258327e-12,8.208884752241573,-0.028780117225629245,157.2484279484633,131.85586689400404,160.44324040079547,160.43745501357824
7.853981633974483,-4.5305850737697995e-10,-2.3124674397578815e-10,-79.99999999999999,5.086620368241183e-10,9.441667585655237,1.8882673202824662e-12,-0.05057295227881568,-0.10033011665202604,92.5512263617805,82.81283219817183,9.73839416360866,0.8690481571460166,-0.13095184285398342,2.5477397969098092e-12,8.179001250249833,-0.026843067843207793,159.06949290929856,133.29263649343613,161.69683938790328,161.69125468146453
7.932521450314228,-3.220447936103099e-10,-1.2300352403293857e-10,-80.00000000000001,3.4473571908931747e-10,9.431532120694982,5.083933274363517e-12,-0.056440656801337266,-0.09700916782752987,92.04714075019666,82.39792602922321,9.649214720973447,0.8635506337060044,-0.13644936629399562,3.820721516945014e-12,8.151447699104338,-0.02486207966948764,160.8798238848838,134.7193521600667,162.932605494868,162.9272176009114
8.011061266653972,-2.178063562841004e-10,-4.457402502655583e-11,-80.0,2.2232060755769921e-10,9.408939246583277,2.7426949600339867e-12,-0.06185758550864979,-0.09332167041452277,91.53747939501365,81.9722508879404,9.565228507073243,0.8597317335531571,-0.14026826644684287,2.738032023330561e-12,8.126217095153244,-0.022840584302748643,162.68032181576018,136.13685949404004,164.15379420399827,164.1486002979598
8.089601082993717,-1.6368657124177233e-10,-2.6648471623813563e-11,-80.0,1.6584159503807542e-10,9.372750511713527,2.277289468111121e-12,-0.0668271595322625,-0.08928598719197191,91.02468182900985,81.53797180487831,9.48671002413154,0.857568805865946,-0.14243119413405403,2.3542973126566835e-12,8.103302436707983,-0.020782036426586815,164.47187710157579,137.54599377467838,165.36355577920665,165.35855382808688
8.168140899333462,-1.312170094802667e-10,-1.8059859163699343e-11,-79.99999999999999,1.3245399990169062e-10,9.32202207031973,3.247180302423658e-12,-0.07135041565662054,-0.08491791250960302,90.51110800097948,81.09731035502243,9.413797645957047,0.8570456233914778,-0.14295437660852217,3.209259247238805e-12,8.082696881944948,-0.018689910232403243,166.25537035382388,138.94758071010048,166.56495593439425,166.5601444197536
8.246680715673207,-1.0141310013978e-10,-5.4631021928486234e-12,-80.0,1.015601416183069e-10,9.256020183588419,3.4496849821152864e-12,-0.07542616247332029,-0.08023178223105745,89.99905532105437,80.65253866694798,9.346516654106395,0.8581500561327763,-0.14184994386722372,2.8011135078109817e-12,8.064393889481195,-0.016567696243321186,168.03167319728567,140.34243723109415,167.76099271728276,167.7563703589359
8.325220532012953,-9.076444977551557e-11,-9.241522477831943e-12,-80.0,9.123371679790516e-11,9.174238667626804,2.618349981275969e-12,-0.07905127457767637,-0.07524137058622868,89.49077180007447,80.205972759594,9.284799040480465,0.8608717767749909,-0.13912822322500906,1.571076602147059e-12,8.048387342448892,-0.014418898514105313,169.80164911336266,141.73137232289656,168.95460973767163,168.95017523258593
8.403760348352696,-7.610964636306505e-11,1.0615119894197278e-12,-80.0,7.611704853194521e-11,9.076418527006966,2.682298827494378e-12,-0.08222106442646775,-0.06996060298668896,88.98846557576148,79.7599651397122,9.228500436049288,0.8652000933436061,-0.13479990665639385,1.899140567029889e-12,8.034671656827506,-0.012247032177907496,171.56615431915085,143.1151878891916,170.1487060112648,170.14445779379298
8.482300164692441,-6.900044424718033e-11,5.301703520643741e-12,-80.00000000000001,6.920382479696514e-11,8.96256999623734,3.0233593406592263e-12,-0.08492969205782148,-0.06440411367590981,88.49431117486111,79.31689660020047,9.177414574660645,0.8711219596727732,-0.12887804032722683,1.484319611666507e-12,8.023241874720632,-0.01005562130727336,173.32603867670088,144.49467964321227,171.34614274413573,171.34207877102315
8.560839981032187,-6.95610513634648e-11,8.123432482243231e-12,-80.0,7.003377772249725e-11,8.832997179302533,3.460343123151688e-12,-0.08717058714473341,-0.05858767406294423,88.01045287240017,78.87916716923486,9.131285703165304,0.8786201876165225,-0.1213798123834775,1.9990051280949217e-12,8.014093743187496,-0.007848197053826288,175.0821466274235,145.87063802134188,172.54974739472257,172.54586495458776
8.63937979737193,-7.454592498845614e-11,1.3607170945562075e-11,-80.0,7.577763544428051e-11,8.688325407183136,4.034106382277969e-12,-0.08893686740858875,-0.05252851352885881,87.539005486981,78.44918617267588,9.089819314305117,0.8876718702414521,-0.11232812975854789,2.3894358713860697e-12,8.00722377915816,-0.005628296028411187,176.83531814704392,147.2438491150397,173.76231532964147,173.7586108788682
8.717919613711675,-8.391037864541318e-11,1.947289551829101e-11,-80.0,8.614026529029784e-11,8.529531294123013,3.815614491031738e-12,-0.09022174361493451,-0.046245550379659425,87.08205293189003,78.02936138788631,9.052691544003721,0.8982470180609731,-0.10175298193902693,2.9013458302529216e-12,8.002629320877652,-0.0033994588812399987,178.58638971688015,148.61509561728258,174.9866093718434,174.9830783933053
8.79645943005142,-1.0643530501397436e-10,2.85155545010074e-11,-80.0,1.1018897858641615e-10,8.357975220717718,4.430233957464225e-12,-0.09101890521519394,-0.039759546892577165,86.64164480059436,77.6220872860007,9.019557514593657,0.910307407664955,-0.08969259233504501,2.506321539197387e-12,8.000308566237974,-0.0011652290397353414,180.33619530752134,149.9851577800055,176.22535750094542,176.2219943872614
8.874999246391166,-1.3262611842090877e-10,4.6013757040719305e-11,-80.0,1.4038145577104998e-10,8.175435539732819,2.9825031333530205e-12,-0.09132288297845322,-0.033093199275925946,86.21979124710208,77.22973238183876,8.990058865263322,0.9238056418629269,-0.07619435813707309,3.5166106138184716e-12,8.000260598269051,0.0010708484396715044,182.0855673712183,151.35481437925554,177.48124894867001,177.47804690828963
8.953539062730911,-1.7546253339162377e-10,7.25074722485175e-11,-80.0,1.898537177831296e-10,7.984143097890117,3.086420008457935e-12,-0.09112938619635821,-0.026271170854453626,85.81845639453651,76.8546257358905,8.963830658646017,0.9386844213510592,-0.06131557864894077,3.0738397938101514e-12,8.002485397970604,0.0033052279505681225,183.83533783946237,152.724843684933,178.75692890681748,178.75387989235773
9.032078879070657,-2.2564147772463627e-10,1.176227518162598e-10,-80.0,2.5445861788233266e-10,7.786813575381262,2.190247982980509e-12,-0.09043561263046977,-0.019320074875867416,85.43955048797666,76.49904268074296,8.9405078072337,0.9548760290930314,-0.045123970906968625,3.5300026790530126e-12,8.006983844577059,0.005534364391816727,185.5863391223302,154.09602443209317,180.0549920489291,180.05208670897417
9.1106186954104,-2.9321131633786024e-10,1.8770620821562112e-10,-80.0,3.481472341284171e-10,7.586673535240867,2.6147972675971687e-12,-0.08924052958664425,-0.012268411947712448,85.08492100106963,76.16518987435293,8.919731126716698,0.9723020294873359,-0.027697970512664094,3.046715657539778e-12,8.013757703257406,0.007754714244657129,187.33940510620596,155.46913679081428,181.37797506063728,181.37520271382058
9.189158511750144,-4.2734989158521586e-10,2.8541289557454386e-10,-80.0,5.138953695044753e-10,7.387473846392559,2.3154811401582265e-12,-0.08754512449313367,-0.005146466168836585,84.75634289460832,75.85518981382708,8.901153080781242,0.9908731846694152,-0.009126815330584792,2.4343860260955807e-12,8.022809600161677,0.009962736717078051,189.095372146461,156.84496333160706,182.7283483629665,182.7256969957523
9.267698328089889,-5.270232583676204e-10,4.279469729973062e-10,-80.0,6.788903641663952e-10,7.193481326644988,2.2168933355715126e-12,-0.0853526232940759,0.0020138365440922315,84.45550822770441,75.57106497473005,8.884443252974364,1.0104895897137491,0.010489589713749137,1.8214388330939357e-12,8.034142984635874,0.012154895000269906,190.85508005157348,158.2242899832464,184.10850721506264,184.10596350290504
9.346238144429634,-6.633987231080551e-10,6.08417881613893e-10,-80.0,9.001500899788519e-10,7.009436372646294,2.3812063432160357e-12,-0.08266867489322073,0.009179104699865817,84.1840153200576,75.31472177104604,8.869293549011559,1.0310410270021286,0.03104102700212863,1.5917545059807026e-12,8.047762078337994,0.014327657680955345,192.6193730550072,159.60790697974605,185.5207623806589,185.5183117329863
9.42477796076938,-7.96498138277979e-10,8.141926880964045e-10,-80.0,1.1389991297757587e-09,6.840461878689069,1.7958967646336532e-12,-0.07950149987615497,0.016314688833435547,83.94335766707826,75.08793455824268,8.85542310883558,1.0524075375655002,0.052407537565500206,1.057452736485942e-12,8.063671810899873,0.016477500351970296,194.38910077093828,160.99660979297212,186.96733054544987,186.96495717439973
