k,wq,initial_apocentre_phi,initial_apocentre_radius,next_pericentre_phi,next_pericentre_radius,next_apocentre_phi,next_apocentre_radius
0.0,-0.7125,3.141592653589793,12.0,8.28374830030291,8.0,13.425903947016023,12.0
0.0,-0.69,3.141592653589793,12.0,8.28374830030291,8.0,13.425903947016023,12.0
0.0,-0.6666666666666666,3.141592653589793,12.0,8.28374830030291,8.0,13.425903947016023,12.0
0.0,-0.64,3.141592653589793,12.0,8.28374830030291,8.0,13.425903947016023,12.0
0.0,-0.61,3.141592653589793,12.0,8.28374830030291,8.0,13.425903947016023,12.0
0.0,-0.58,3.141592653589793,12.0,8.28374830030291,8.0,13.425903947016023,12.0
0.0,-0.55,3.141592653589793,12.0,8.28374830030291,8.0,13.425903947016023,12.0
0.0,-0.525,3.141592653589793,12.0,8.28374830030291,8.0,13.425903947016023,12.0
0.0,-0.5,3.141592653589793,12.0,8.28374830030291,8.0,13.425903947016023,12.0
0.0,-0.475,3.141592653589793,12.0,8.28374830030291,8.0,13.425903947016023,12.0
0.0,-0.45,3.141592653589793,12.0,8.28374830030291,8.0,13.425903947016023,12.0
0.00025,-0.7125,3.141592653589793,12.0,8.486884305017533,7.999999999999989,13.832175956445273,12.000000000000009
0.00025,-0.69,3.141592653589793,12.0,8.4400592230959,8.000000000000048,13.738525792601996,11.999999999999982
0.00025,-0.6666666666666666,3.141592653589793,12.0,8.40285511640006,8.00000000000003,13.664117579210327,11.999999999999961
0.00025,-0.64,3.141592653589793,12.0,8.370909873157235,8.000000000000002,13.600227092724658,12.00000000000004
0.00025,-0.61,3.141592653589793,12.0,8.344861190482044,8.000000000000002,13.548129727374286,11.999999999999995
0.00025,-0.58,3.141592653589793,12.0,8.326357710641565,7.999999999999997,13.51112276769334,11.999999999999988
0.00025,-0.55,3.141592653589793,12.0,8.313249079966864,7.999999999999984,13.48490550634393,12.000000000000016
0.00025,-0.525,3.141592653589793,12.0,8.305330666655491,8.000000000000014,13.46906867972118,12.00000000000002
0.00025,-0.5,3.141592653589793,12.0,8.29944223060599,8.000000000000037,13.457291807622187,11.999999999999986
0.00025,-0.475,3.141592653589793,12.0,8.295089880220285,8.000000000000028,13.448587106850772,12.000000000000009
0.00025,-0.45,3.141592653589793,12.0,8.291896599807732,8.000000000000021,13.442200546025687,11.999999999999975
0.0005,-0.7125,3.141592653589793,12.0,8.72490836859111,8.000000000000025,14.308224083592432,11.999999999999986
0.0005,-0.69,3.141592653589793,12.0,8.616565176806386,8.000000000000028,14.09153770002297,12.000000000000009
0.0005,-0.6666666666666666,3.141592653589793,12.0,8.533474476081718,8.000000000000005,13.925356298573636,12.000000000000007
0.0005,-0.64,3.141592653589793,12.0,8.46413109269476,8.00000000000004,13.786669531799722,12.0
0.0005,-0.61,3.141592653589793,12.0,8.408900669305796,7.999999999999996,13.676208685021804,12.000000000000004
0.0005,-0.58,3.141592653589793,12.0,8.370362993770907,8.000000000000004,13.599133333952008,12.000000000000012
0.0005,-0.55,3.141592653589793,12.0,8.34340337163999,8.000000000000014,13.545214089690194,11.999999999999996
0.0005,-0.525,3.141592653589793,12.0,8.327253880614105,7.9999999999999805,13.512915107638419,12.000000000000016
0.0005,-0.5,3.141592653589793,12.0,8.315310341661586,8.00000000000004,13.489028029733376,11.999999999999984
0.0005,-0.475,3.141592653589793,12.0,8.306518411283697,8.000000000000016,13.47144416897761,11.999999999999972
0.0005,-0.45,3.141592653589793,12.0,8.300087234385607,8.00000000000003,13.458581815181423,11.999999999999991
0.00075,-0.7125,3.141592653589793,12.0,9.008679530126102,8.000000000000007,14.875766406662425,11.999999999999998
0.00075,-0.69,3.141592653589793,12.0,8.817855120428108,8.000000000000002,14.49411758726642,12.000000000000002
0.00075,-0.6666666666666666,3.141592653589793,12.0,8.67752197073225,8.000000000000016,14.213451287874719,12.00000000000002
0.00075,-0.64,3.141592653589793,12.0,8.56412541816833,8.00000000000003,13.98665818274687,11.999999999999996
0.00075,-0.61,3.141592653589793,12.0,8.476101486019274,8.000000000000005,13.81061031844875,12.0
0.00075,-0.58,3.141592653589793,12.0,8.415840341859548,7.999999999999975,13.690088030129301,11.999999999999991
0.00075,-0.55,3.141592653589793,12.0,8.37423527607356,8.000000000000005,13.606877898557308,12.00000000000003
0.00075,-0.525,3.141592653589793,12.0,8.349526920693567,8.000000000000002,13.557461187797319,12.000000000000032
0.00075,-0.5,3.141592653589793,12.0,8.33135586891924,7.999999999999981,13.521119084248701,12.000000000000016
0.00075,-0.475,3.141592653589793,12.0,8.318035013113628,8.000000000000025,13.494477372637473,12.00000000000001
0.00075,-0.45,3.141592653589793,12.0,8.308320573880863,8.000000000000007,13.475048494171924,12.0
0.001,-0.7125,3.141592653589793,12.0,9.354434010332604,8.000000000000002,15.5672753670754,12.000000000000005
0.001,-0.69,3.141592653589793,12.0,9.050112047245975,7.999999999999983,14.958631440902161,11.999999999999984
0.001,-0.6666666666666666,3.141592653589793,12.0,8.837387065414287,8.000000000000004,14.53318147723876,12.0
0.001,-0.64,3.141592653589793,12.0,8.671728517603924,7.999999999999968,14.201864381618053,12.000000000000032
0.001,-0.61,3.141592653589793,12.0,8.546725339157183,8.000000000000004,13.951858024724572,11.999999999999998
0.001,-0.58,3.141592653589793,12.0,8.462871834851706,8.000000000000023,13.784151016113622,12.000000000000012
0.001,-0.55,3.141592653589793,12.0,8.405770143472127,7.999999999999976,13.66994763335446,11.999999999999977
0.001,-0.525,3.141592653589793,12.0,8.372159096695873,8.000000000000023,13.602725539801957,12.000000000000004
0.001,-0.5,3.141592653589793,12.0,8.347582131865522,7.999999999999998,13.553571610141258,12.000000000000018
0.001,-0.475,3.141592653589793,12.0,8.329640825489452,8.000000000000005,13.517688997389119,11.999999999999973
0.001,-0.45,3.141592653589793,12.0,8.316596992662184,8.000000000000014,13.491601331734584,11.999999999999996
0.00125,-0.7125,3.141592653589793,12.0,9.787801115169529,7.999999999999985,16.43400957674925,11.999999999999961
0.00125,-0.69,3.141592653589793,12.0,9.321905638494922,8.000000000000014,15.502218623400047,11.999999999999995
0.00125,-0.6666666666666666,3.141592653589793,12.0,9.016095383774351,8.000000000000009,14.8905981139589,11.999999999999988
0.00125,-0.64,3.141592653589793,12.0,8.787926541007502,8.000000000000027,14.434260428425219,12.000000000000002
0.00125,-0.61,3.141592653589793,12.0,8.62106498073485,7.999999999999977,14.100537307879906,12.00000000000002
0.00125,-0.58,3.141592653589793,12.0,8.511546036943246,8.000000000000009,13.881499420296706,11.999999999999977
0.00125,-0.55,3.141592653589793,12.0,8.438034657739061,8.000000000000059,13.734476661888351,11.99999999999996
0.00125,-0.525,3.141592653589793,12.0,8.395160065535096,8.000000000000005,13.648727477480389,11.999999999999995
0.00125,-0.5,3.141592653589793,12.0,8.36399253684085,8.00000000000001,13.586392420091908,11.99999999999996
0.00125,-0.475,3.141592653589793,12.0,8.341337008817035,8.000000000000016,13.541081364044285,12.000000000000002
0.00125,-0.45,3.141592653589793,12.0,8.324916869693928,8.000000000000018,13.508241085798078,11.999999999999982
0.0015,-0.7125,3.141592653589793,12.0,10.352280180943453,8.000000000000048,17.562967708297123,11.999999999999973
0.0015,-0.69,3.141592653589793,12.0,9.645530625525504,8.000000000000009,16.149468597461226,12.000000000000002
0.0015,-0.6666666666666666,3.141592653589793,12.0,9.217544826564758,8.000000000000032,15.293496999539709,12.000000000000004
0.0015,-0.64,3.141592653589793,12.0,8.913892840184507,7.999999999999981,14.686193026779236,12.000000000000018
0.0015,-0.61,3.141592653589793,12.0,8.699449111845661,8.000000000000036,14.257305570101524,12.000000000000005
0.0015,-0.58,3.141592653589793,12.0,8.561958668616596,8.000000000000021,13.982324683643384,12.000000000000037
0.0015,-0.55,3.141592653589793,12.0,8.4710569277661,8.00000000000003,13.800521201942408,11.999999999999993
0.0015,-0.525,3.141592653589793,12.0,8.41853984799487,7.999999999999996,13.695487042399934,11.999999999999991
0.0015,-0.5,3.141592653589793,12.0,8.380590579972427,8.000000000000023,13.619588506355074,12.000000000000005
0.0015,-0.475,3.141592653589793,12.0,8.353124744609461,8.000000000000004,13.564656835629135,11.999999999999986
0.0015,-0.45,3.141592653589793,12.0,8.333280588608675,8.000000000000032,13.524968523627559,12.000000000000005
0.00175,-0.7125,3.141592653589793,12.0,11.129701544316076,8.000000000000005,19.11781043504236,11.999999999999972
0.00175,-0.69,3.141592653589793,12.0,10.039404163127777,8.000000000000032,16.937215672665758,12.0
0.00175,-0.6666666666666666,3.141592653589793,12.0,9.446859077386614,8.00000000000002,15.752125501183437,12.000000000000009
0.00175,-0.64,3.141592653589793,12.0,9.051036300376213,8.000000000000048,14.960479947162643,11.999999999999968
0.00175,-0.61,3.141592653589793,12.0,8.78224825697093,8.000000000000053,14.42290386035208,11.99999999999999
0.00175,-0.58,3.141592653589793,12.0,8.614213365827046,7.999999999999983,14.086834078064305,11.999999999999993
0.00175,-0.55,3.141592653589793,12.0,8.504866586473582,8.000000000000014,13.868140519357361,12.000000000000014
0.00175,-0.525,3.141592653589793,12.0,8.442308846484675,8.00000000000004,13.743025039379544,12.00000000000001
0.00175,-0.5,3.141592653589793,12.0,8.397379850228946,7.999999999999991,13.65316704686811,11.999999999999988
0.00175,-0.475,3.141592653589793,12.0,8.365005235981627,8.000000000000028,13.588417818373461,11.999999999999964
0.00175,-0.45,3.141592653589793,12.0,8.341688537781252,7.999999999999974,13.541784421972721,11.999999999999998
0.002,-0.7125,3.141592653589793,12.0,12.300839625311298,8.000000000000073,21.46008659703282,12.00000000000012
0.002,-0.69,3.141592653589793,12.0,10.532697168290204,8.000000000000108,17.923801682990646,11.999999999999964
0.002,-0.6666666666666666,3.141592653589793,12.0,9.710934918173912,8.000000000000018,16.280277182758038,11.999999999999995
0.002,-0.64,3.141592653589793,12.0,9.201065908029328,8.000000000000059,15.260539162468879,11.999999999999975
0.002,-0.61,3.141592653589793,12.0,8.869881857539307,8.000000000000046,14.598171061488827,12.00000000000001
0.002,-0.58,3.141592653589793,12.0,8.668422540037252,8.00000000000002,14.195252426484702,11.999999999999979
0.002,-0.55,3.141592653589793,12.0,8.53949489839288,8.000000000000032,13.937397143195945,12.000000000000009
0.002,-0.525,3.141592653589793,12.0,8.46647786386581,8.000000000000046,13.79136307414184,12.000000000000016
0.002,-0.5,3.141592653589793,12.0,8.414364032603077,7.999999999999985,13.687135411616378,12.000000000000021
0.002,-0.475,3.141592653589793,12.0,8.376979708159004,8.000000000000004,13.612366762728215,11.999999999999982
0.002,-0.45,3.141592653589793,12.0,8.350141110404179,7.999999999999993,13.558689567218572,11.999999999999975
0.00225,-0.7125,3.141592653589793,12.0,14.406407853813663,8.0000000000001,25.67122305403739,11.999999999999968
0.00225,-0.69,3.141592653589793,12.0,11.175229268127431,7.99999999999999,19.208865882665076,11.999999999999964
0.00225,-0.6666666666666666,3.141592653589793,12.0,10.019324218982854,8.000000000000007,16.897055784375887,12.000000000000007
0.00225,-0.64,3.141592653589793,12.0,9.366078454829347,8.000000000000021,15.59056425606888,11.999999999999993
0.00225,-0.61,3.141592653589793,12.0,8.96282689638626,8.000000000000016,14.784061139182732,12.000000000000032
0.00225,-0.58,3.141592653589793,12.0,8.724708355348268,7.999999999999981,14.30782405710675,12.000000000000005
0.00225,-0.55,3.141592653589793,12.0,8.57497487667499,8.000000000000028,14.008357099760206,11.999999999999975
0.00225,-0.525,3.141592653589793,12.0,8.491058123423867,8.000000000000005,13.840523593257926,12.000000000000016
0.00225,-0.5,3.141592653589793,12.0,8.4315469114284,8.00000000000001,13.721501169266999,11.999999999999975
0.00225,-0.475,3.141592653589793,12.0,8.389049409001156,8.000000000000016,13.636506164412493,11.999999999999988
0.00225,-0.45,3.141592653589793,12.0,8.358638704564687,8.000000000000023,13.575684755539598,12.000000000000005
0.0025,-0.7125,3.141592653589793,12.0,23.110349653769426,8.000000000000046,43.07910665395406,12.000000000000107
0.0025,-0.69,3.141592653589793,12.0,12.061855808641841,8.00000000000001,20.982118963693917,11.999999999999996
0.0025,-0.6666666666666666,3.141592653589793,12.0,10.385726169188283,8.000000000000014,17.62985968478674,12.0
0.0025,-0.64,3.141592653589793,12.0,9.548679921029938,8.00000000000003,15.955767188470102,12.0
0.0025,-0.61,3.141592653589793,12.0,9.061628460769178,8.00000000000002,14.98166426794856,11.999999999999982
0.0025,-0.58,3.141592653589793,12.0,8.783203842077938,8.000000000000057,14.424815030566085,11.999999999999982
0.0025,-0.55,3.141592653589793,12.0,8.611341410518651,8.000000000000007,14.081090167447497,11.999999999999984
0.0025,-0.525,3.141592653589793,12.0,8.516061290071356,8.000000000000027,13.89052992655292,12.0
0.0025,-0.5,3.141592653589793,12.0,8.448932373836898,8.000000000000018,13.756272094084025,11.999999999999979
0.0025,-0.475,3.141592653589793,12.0,8.401215609540305,8.000000000000004,13.660838565490822,11.999999999999996
0.0025,-0.45,3.141592653589793,12.0,8.367181723323146,8.00000000000004,13.592770793056491,12.0
