protocol,direction,model,feature_set,target,target_coverage,empirical_coverage,average_width,median_width,n
directional_extrapolation,high_k_to_low_k,hgb,all_shooting,k,0.9,0.2787878787878788,0.0009077945260778,0.0008976792458031,165
directional_extrapolation,high_k_to_low_k,hgb,all_shooting,wq,0.9,0.6818181818181818,0.09484879093473043,0.0891522095475532,110
directional_extrapolation,high_k_to_low_k,hgb,orbital,k,0.9,0.2909090909090909,0.002058510291542815,0.0020600167928076676,165
directional_extrapolation,high_k_to_low_k,hgb,orbital,wq,0.9,0.41818181818181815,0.13010548394219415,0.13637105578503772,110
directional_extrapolation,high_k_to_low_k,hgb,photon_geometry,k,0.9,0.5878787878787879,0.0018303680206620799,0.0018610488937193,165
directional_extrapolation,high_k_to_low_k,hgb,photon_geometry,wq,0.9,0.5909090909090909,0.10710155696441445,0.101633387639012,110
directional_extrapolation,high_k_to_low_k,hgb,redshift,k,0.9,1.0,0.002004961690538561,0.0020788642644518052,165
directional_extrapolation,high_k_to_low_k,hgb,redshift,wq,0.9,0.6181818181818182,0.09522639820419292,0.09704922790853798,110
directional_extrapolation,high_k_to_low_k,hgb,ringdown,k,0.9,0.0,0.0005864490417018399,0.0005549188414866,165
directional_extrapolation,high_k_to_low_k,hgb,ringdown,wq,0.9,0.8727272727272727,0.27484532653069643,0.2646726096043321,110
directional_extrapolation,high_k_to_low_k,hgb,ringdown_plus_all_shooting,k,0.9,0.07878787878787878,0.0005727113415307,0.0006012042219482,165
directional_extrapolation,high_k_to_low_k,hgb,ringdown_plus_all_shooting,wq,0.9,0.6818181818181818,0.0935856738004611,0.0880153749765653,110
directional_extrapolation,high_k_to_low_k,hgb,ringdown_plus_photon_geometry,k,0.9,0.03636363636363636,0.0006431398195172201,0.0006595544684274,165
directional_extrapolation,high_k_to_low_k,hgb,ringdown_plus_photon_geometry,wq,0.9,0.5909090909090909,0.1068525637766979,0.0970077158153921,110
directional_extrapolation,high_k_to_low_k,hgb,timing,k,0.9,0.32727272727272727,0.0010280771043908472,0.0010583240517700425,165
directional_extrapolation,high_k_to_low_k,hgb,timing,wq,0.9,0.5181818181818182,0.10964775346318133,0.08974352577874778,110
directional_extrapolation,high_k_to_low_k,mlp,all_shooting,k,0.9,0.9333333333333333,0.004468112042069063,0.0023866810119488077,165
directional_extrapolation,high_k_to_low_k,mlp,all_shooting,wq,0.9,0.6090909090909091,1.1588335239784113,0.052316315413348025,110
directional_extrapolation,high_k_to_low_k,mlp,orbital,k,0.9,0.30303030303030304,0.0025769306305521733,0.002045869469119615,165
directional_extrapolation,high_k_to_low_k,mlp,orbital,wq,0.9,0.38181818181818183,0.13456321939291369,0.14315913517093626,110
directional_extrapolation,high_k_to_low_k,mlp,photon_geometry,k,0.9,0.6606060606060606,0.005118675468322545,0.0014268119297762292,165
directional_extrapolation,high_k_to_low_k,mlp,photon_geometry,wq,0.9,0.6545454545454545,0.6410390576616868,0.1512219852106279,110
directional_extrapolation,high_k_to_low_k,mlp,redshift,k,0.9,0.30303030303030304,0.003134444336856643,0.002039456083130776,165
directional_extrapolation,high_k_to_low_k,mlp,redshift,wq,0.9,0.4909090909090909,0.11706902639211614,0.09393041948116099,110
directional_extrapolation,high_k_to_low_k,mlp,ringdown,k,0.9,0.6121212121212121,0.00022828129560395466,0.0002142764121229289,165
directional_extrapolation,high_k_to_low_k,mlp,ringdown,wq,0.9,0.3,0.057645188048535655,0.06108439467225091,110
directional_extrapolation,high_k_to_low_k,mlp,ringdown_plus_all_shooting,k,0.9,0.6,0.0012313377290079956,0.00037983781621286146,165
directional_extrapolation,high_k_to_low_k,mlp,ringdown_plus_all_shooting,wq,0.9,0.7,0.1383951155732175,0.08897625339861459,110
directional_extrapolation,high_k_to_low_k,mlp,ringdown_plus_photon_geometry,k,0.9,0.7757575757575758,0.0010765517741522738,0.00042410344603384387,165
directional_extrapolation,high_k_to_low_k,mlp,ringdown_plus_photon_geometry,wq,0.9,0.7090909090909091,0.11762685421991192,0.10239289277756602,110
directional_extrapolation,high_k_to_low_k,mlp,timing,k,0.9,0.6060606060606061,0.002120956145056702,0.0011760832506872649,165
directional_extrapolation,high_k_to_low_k,mlp,timing,wq,0.9,0.6636363636363637,0.7672775648285172,0.09387656242685982,110
directional_extrapolation,high_k_to_low_k,random_forest,all_shooting,k,0.9,0.32727272727272727,0.0008009935897435899,0.0007755952380952393,165
directional_extrapolation,high_k_to_low_k,random_forest,all_shooting,wq,0.9,0.509090909090909,0.07212422839506163,0.0557638888888875,110
directional_extrapolation,high_k_to_low_k,random_forest,orbital,k,0.9,0.49696969696969695,0.0019112705846757085,0.0018506554019457255,165
directional_extrapolation,high_k_to_low_k,random_forest,orbital,wq,0.9,0.35454545454545455,0.11976708994709032,0.12698154761904767,110
directional_extrapolation,high_k_to_low_k,random_forest,photon_geometry,k,0.9,0.44242424242424244,0.001215550655363156,0.0011990972222222247,165
directional_extrapolation,high_k_to_low_k,random_forest,photon_geometry,wq,0.9,0.4636363636363636,0.09809949074074105,0.07740264550264664,110
directional_extrapolation,high_k_to_low_k,random_forest,redshift,k,0.9,0.9212121212121213,0.001717112914862915,0.001865153769841269,165
directional_extrapolation,high_k_to_low_k,random_forest,redshift,wq,0.9,0.5,0.07816860088985035,0.08034999999999926,110
directional_extrapolation,high_k_to_low_k,random_forest,ringdown,k,0.9,0.048484848484848485,0.0004802867063492056,0.0004798710317460309,165
directional_extrapolation,high_k_to_low_k,random_forest,ringdown,wq,0.9,0.5272727272727272,0.1758956889329805,0.16769433972663084,110
directional_extrapolation,high_k_to_low_k,random_forest,ringdown_plus_all_shooting,k,0.9,0.0,0.00045424999999999963,0.0004516666666666679,165
directional_extrapolation,high_k_to_low_k,random_forest,ringdown_plus_all_shooting,wq,0.9,0.4909090909090909,0.07261626543209865,0.05531249999999843,110
directional_extrapolation,high_k_to_low_k,random_forest,ringdown_plus_photon_geometry,k,0.9,0.012121212121212121,0.00047028472222222187,0.0004729166666666653,165
directional_extrapolation,high_k_to_low_k,random_forest,ringdown_plus_photon_geometry,wq,0.9,0.4727272727272727,0.09982596891534427,0.07947301587301747,110
directional_extrapolation,high_k_to_low_k,random_forest,timing,k,0.9,0.21212121212121213,0.0007247748015873015,0.0006147023809523807,165
directional_extrapolation,high_k_to_low_k,random_forest,timing,wq,0.9,0.4090909090909091,0.08979094246031773,0.07581597222222125,110
directional_extrapolation,high_wq_to_low_wq,hgb,all_shooting,k,0.9,0.703030303030303,0.0009695457389945999,0.0009982866216668,165
directional_extrapolation,high_wq_to_low_wq,hgb,all_shooting,wq,0.9,0.6133333333333333,0.17826687347372241,0.2203308902891625,150
directional_extrapolation,high_wq_to_low_wq,hgb,orbital,k,0.9,0.6121212121212121,0.0021204455635182163,0.001984808491692283,165
directional_extrapolation,high_wq_to_low_wq,hgb,orbital,wq,0.9,0.72,0.2241593167219042,0.26231773377650347,150
directional_extrapolation,high_wq_to_low_wq,hgb,photon_geometry,k,0.9,0.7333333333333333,0.0015982293196471803,0.0015514123827622,165
directional_extrapolation,high_wq_to_low_wq,hgb,photon_geometry,wq,0.9,0.78,0.214095299113489,0.2713641685518628,150
directional_extrapolation,high_wq_to_low_wq,hgb,redshift,k,0.9,0.7393939393939394,0.0016048952844444752,0.0016080630185718561,165
directional_extrapolation,high_wq_to_low_wq,hgb,redshift,wq,0.9,0.7333333333333333,0.19058770688787818,0.2142743717444815,150
directional_extrapolation,high_wq_to_low_wq,hgb,ringdown,k,0.9,0.9454545454545454,0.0007670735426464799,0.0007644164837459,165
directional_extrapolation,high_wq_to_low_wq,hgb,ringdown,wq,0.9,0.4066666666666667,0.22871559669587285,0.2323470734176878,150
directional_extrapolation,high_wq_to_low_wq,hgb,ringdown_plus_all_shooting,k,0.9,0.9151515151515152,0.0007756600297589999,0.0009008051876881,165
directional_extrapolation,high_wq_to_low_wq,hgb,ringdown_plus_all_shooting,wq,0.9,0.6133333333333333,0.17816147634125806,0.2203544281413572,150
directional_extrapolation,high_wq_to_low_wq,hgb,ringdown_plus_photon_geometry,k,0.9,0.9393939393939394,0.00078305152430892,0.0007995853137228,165
directional_extrapolation,high_wq_to_low_wq,hgb,ringdown_plus_photon_geometry,wq,0.9,0.76,0.2127743225253004,0.2695950434207426,150
directional_extrapolation,high_wq_to_low_wq,hgb,timing,k,0.9,0.6484848484848484,0.000898680459630912,0.0009974791590270284,165
directional_extrapolation,high_wq_to_low_wq,hgb,timing,wq,0.9,0.76,0.19338359167666203,0.23465262775885964,150
directional_extrapolation,high_wq_to_low_wq,mlp,all_shooting,k,0.9,0.37575757575757573,0.00047961409588883,0.0003548321282708907,165
directional_extrapolation,high_wq_to_low_wq,mlp,all_shooting,wq,0.9,0.52,0.22868043587339534,0.269999824749072,150
directional_extrapolation,high_wq_to_low_wq,mlp,orbital,k,0.9,0.48484848484848486,0.002253284404556173,0.0019487513317776785,165
directional_extrapolation,high_wq_to_low_wq,mlp,orbital,wq,0.9,0.44666666666666666,0.6040650426944982,0.23634869763563793,150
directional_extrapolation,high_wq_to_low_wq,mlp,photon_geometry,k,0.9,0.49696969696969695,0.0011626019311010399,0.0006577668563925018,165
directional_extrapolation,high_wq_to_low_wq,mlp,photon_geometry,wq,0.9,0.7533333333333333,0.2174295371439191,0.2364945164536556,150
directional_extrapolation,high_wq_to_low_wq,mlp,redshift,k,0.9,0.30303030303030304,0.00038948724225914655,0.0004100194973263131,165
directional_extrapolation,high_wq_to_low_wq,mlp,redshift,wq,0.9,0.4,0.1893822290623977,0.2349408684406935,150
directional_extrapolation,high_wq_to_low_wq,mlp,ringdown,k,0.9,0.7090909090909091,0.0005166777890320701,0.0005288324362260058,165
directional_extrapolation,high_wq_to_low_wq,mlp,ringdown,wq,0.9,0.56,0.2067685102420329,0.21640274780740187,150
directional_extrapolation,high_wq_to_low_wq,mlp,ringdown_plus_all_shooting,k,0.9,0.36363636363636365,0.0013740755568565452,0.0004673410872836829,165
directional_extrapolation,high_wq_to_low_wq,mlp,ringdown_plus_all_shooting,wq,0.9,0.42,0.3594990079928662,0.20268917342028403,150
directional_extrapolation,high_wq_to_low_wq,mlp,ringdown_plus_photon_geometry,k,0.9,0.30303030303030304,0.0002463175491812288,0.00024804478291640553,165
directional_extrapolation,high_wq_to_low_wq,mlp,ringdown_plus_photon_geometry,wq,0.9,0.6,0.16550376626605967,0.2291665453206766,150
directional_extrapolation,high_wq_to_low_wq,mlp,timing,k,0.9,0.37575757575757573,0.00048117921344490876,0.000345055086554919,165
directional_extrapolation,high_wq_to_low_wq,mlp,timing,wq,0.9,0.6466666666666666,0.1816962015254999,0.24841605736563088,150
directional_extrapolation,high_wq_to_low_wq,random_forest,all_shooting,k,0.9,0.5515151515151515,0.0006644632936507942,0.0006404513888888883,165
directional_extrapolation,high_wq_to_low_wq,random_forest,all_shooting,wq,0.9,0.6466666666666666,0.1600763505013505,0.1901902111777104,150
directional_extrapolation,high_wq_to_low_wq,random_forest,orbital,k,0.9,0.6424242424242425,0.002280955327080327,0.002314523809523808,165
directional_extrapolation,high_wq_to_low_wq,random_forest,orbital,wq,0.9,0.72,0.19900890683390698,0.19596087014837082,150
directional_extrapolation,high_wq_to_low_wq,random_forest,photon_geometry,k,0.9,0.5272727272727272,0.0011137896825396823,0.001073563161375662,165
directional_extrapolation,high_wq_to_low_wq,random_forest,photon_geometry,wq,0.9,0.66,0.17060062974062948,0.19464018759018797,150
directional_extrapolation,high_wq_to_low_wq,random_forest,redshift,k,0.9,0.42424242424242425,0.0009954381613756615,0.0009804365079365087,165
directional_extrapolation,high_wq_to_low_wq,random_forest,redshift,wq,0.9,0.68,0.1657610780885781,0.19322285006659945,150
directional_extrapolation,high_wq_to_low_wq,random_forest,ringdown,k,0.9,0.8909090909090909,0.00047904662698412657,0.0004997222222222195,165
directional_extrapolation,high_wq_to_low_wq,random_forest,ringdown,wq,0.9,0.82,0.23841457481845643,0.2394357448107447,150
directional_extrapolation,high_wq_to_low_wq,random_forest,ringdown_plus_all_shooting,k,0.9,0.9090909090909091,0.00044567261904761887,0.0004436111111111125,165
directional_extrapolation,high_wq_to_low_wq,random_forest,ringdown_plus_all_shooting,wq,0.9,0.64,0.15992172165797205,0.19015701104451166,150
directional_extrapolation,high_wq_to_low_wq,random_forest,ringdown_plus_photon_geometry,k,0.9,0.8909090909090909,0.00047143154761904784,0.00047760416666666784,165
directional_extrapolation,high_wq_to_low_wq,random_forest,ringdown_plus_photon_geometry,wq,0.9,0.66,0.17016660857660826,0.19464018759018775,150
directional_extrapolation,high_wq_to_low_wq,random_forest,timing,k,0.9,0.5818181818181818,0.0006102328042328056,0.0006058862433862429,165
directional_extrapolation,high_wq_to_low_wq,random_forest,timing,wq,0.9,0.7533333333333333,0.17786621380933873,0.1958374488936988,150
directional_extrapolation,low_k_to_high_k,hgb,all_shooting,k,0.9,0.30303030303030304,0.0012305077647826199,0.0008985081122991,165
directional_extrapolation,low_k_to_high_k,hgb,all_shooting,wq,0.9,0.9515151515151515,0.23579498984076058,0.2626137206546429,165
directional_extrapolation,low_k_to_high_k,hgb,orbital,k,0.9,0.43636363636363634,0.0021287999318151105,0.0017733132491799398,165
directional_extrapolation,low_k_to_high_k,hgb,orbital,wq,0.9,0.9878787878787879,0.2906491516382529,0.3134220020854188,165
directional_extrapolation,low_k_to_high_k,hgb,photon_geometry,k,0.9,0.296969696969697,0.0013305255054004402,0.001349612593223,165
directional_extrapolation,low_k_to_high_k,hgb,photon_geometry,wq,0.9,0.9818181818181818,0.2558378607015308,0.273956963099173,165
directional_extrapolation,low_k_to_high_k,hgb,redshift,k,0.9,0.14545454545454545,0.0012295464262959866,0.001108460878273849,165
directional_extrapolation,low_k_to_high_k,hgb,redshift,wq,0.9,0.9454545454545454,0.24834634758402774,0.26988928812496016,165
directional_extrapolation,low_k_to_high_k,hgb,ringdown,k,0.9,0.0,0.0005833126108658799,0.0005381900838447,165
directional_extrapolation,low_k_to_high_k,hgb,ringdown,wq,0.9,0.8484848484848485,0.275973882103284,0.2688558963211925,165
directional_extrapolation,low_k_to_high_k,hgb,ringdown_plus_all_shooting,k,0.9,0.0,0.0005929129508120999,0.0006365887241435,165
directional_extrapolation,low_k_to_high_k,hgb,ringdown_plus_all_shooting,wq,0.9,0.9515151515151515,0.23597065258821895,0.2626416306148645,165
directional_extrapolation,low_k_to_high_k,hgb,ringdown_plus_photon_geometry,k,0.9,0.006060606060606061,0.0005392732972816401,0.0005607041669457,165
directional_extrapolation,low_k_to_high_k,hgb,ringdown_plus_photon_geometry,wq,0.9,0.9696969696969697,0.2490515690434779,0.2689922723467233,165
directional_extrapolation,low_k_to_high_k,hgb,timing,k,0.9,0.3696969696969697,0.0015744787317637625,0.001063318158374918,165
directional_extrapolation,low_k_to_high_k,hgb,timing,wq,0.9,0.9575757575757575,0.2437452872868304,0.26449673702149257,165
directional_extrapolation,low_k_to_high_k,mlp,all_shooting,k,0.9,0.503030303030303,0.0010978580887258285,0.0003538879991950032,165
directional_extrapolation,low_k_to_high_k,mlp,all_shooting,wq,0.9,0.8909090909090909,0.2587824742024499,0.31724909107110744,165
directional_extrapolation,low_k_to_high_k,mlp,orbital,k,0.9,0.5272727272727272,0.0034155302260316066,0.0022125630915277956,165
directional_extrapolation,low_k_to_high_k,mlp,orbital,wq,0.9,0.9030303030303031,0.3164817364969075,0.3146369759936405,165
directional_extrapolation,low_k_to_high_k,mlp,photon_geometry,k,0.9,0.40606060606060607,0.0008177516624596936,0.00046615186455193193,165
directional_extrapolation,low_k_to_high_k,mlp,photon_geometry,wq,0.9,0.8909090909090909,0.3403186107844062,0.2809388033336657,165
directional_extrapolation,low_k_to_high_k,mlp,redshift,k,0.9,0.509090909090909,0.0020341788347279827,0.002139453533954714,165
directional_extrapolation,low_k_to_high_k,mlp,redshift,wq,0.9,0.9636363636363636,0.40304423300421266,0.3313946514014128,165
directional_extrapolation,low_k_to_high_k,mlp,ringdown,k,0.9,0.6424242424242425,0.00026899373396128203,0.000233065710897921,165
directional_extrapolation,low_k_to_high_k,mlp,ringdown,wq,0.9,0.8424242424242424,0.24885856508325388,0.2971539384554004,165
directional_extrapolation,low_k_to_high_k,mlp,ringdown_plus_all_shooting,k,0.9,0.4909090909090909,0.0004049712474940905,0.0003796791782988422,165
directional_extrapolation,low_k_to_high_k,mlp,ringdown_plus_all_shooting,wq,0.9,0.896969696969697,0.35245841739864625,0.28400378739966525,165
directional_extrapolation,low_k_to_high_k,mlp,ringdown_plus_photon_geometry,k,0.9,0.3393939393939394,0.000565756607467994,0.0003159974088118062,165
directional_extrapolation,low_k_to_high_k,mlp,ringdown_plus_photon_geometry,wq,0.9,0.9090909090909091,0.24545611163444866,0.25480249049964077,165
directional_extrapolation,low_k_to_high_k,mlp,timing,k,0.9,0.5393939393939394,0.000957155174115835,0.0006148387881612068,165
directional_extrapolation,low_k_to_high_k,mlp,timing,wq,0.9,0.896969696969697,0.3597471837162624,0.31828399228881554,165
directional_extrapolation,low_k_to_high_k,random_forest,all_shooting,k,0.9,0.3515151515151515,0.0012348508597883588,0.0008419642857142849,165
directional_extrapolation,low_k_to_high_k,random_forest,all_shooting,wq,0.9,0.9818181818181818,0.2395432020697598,0.2757859026775692,165
directional_extrapolation,low_k_to_high_k,random_forest,orbital,k,0.9,0.44242424242424244,0.002032174075674689,0.0019405325577200577,165
directional_extrapolation,low_k_to_high_k,random_forest,orbital,wq,0.9,1.0,0.27534881678211964,0.27592832136998824,165
directional_extrapolation,low_k_to_high_k,random_forest,photon_geometry,k,0.9,0.2606060606060606,0.001211221741221741,0.001204671867484367,165
directional_extrapolation,low_k_to_high_k,random_forest,photon_geometry,wq,0.9,0.9757575757575757,0.24488374125171322,0.27526626228709616,165
directional_extrapolation,low_k_to_high_k,random_forest,redshift,k,0.9,0.3878787878787879,0.001270159722222222,0.0012818452380952373,165
directional_extrapolation,low_k_to_high_k,random_forest,redshift,wq,0.9,1.0,0.24641400721456103,0.27553652998236344,165
directional_extrapolation,low_k_to_high_k,random_forest,ringdown,k,0.9,0.012121212121212121,0.0003326249999999992,0.0003991666666666666,165
directional_extrapolation,low_k_to_high_k,random_forest,ringdown,wq,0.9,0.8727272727272727,0.2773655778551058,0.28819850458523855,165
directional_extrapolation,low_k_to_high_k,random_forest,ringdown_plus_all_shooting,k,0.9,0.012121212121212121,0.0003401388888888884,0.00036041666666666644,165
directional_extrapolation,low_k_to_high_k,random_forest,ringdown_plus_all_shooting,wq,0.9,0.9757575757575757,0.2395048494964072,0.2757859026775692,165
directional_extrapolation,low_k_to_high_k,random_forest,ringdown_plus_photon_geometry,k,0.9,0.012121212121212121,0.0003200833333333328,0.00038291666666666726,165
directional_extrapolation,low_k_to_high_k,random_forest,ringdown_plus_photon_geometry,wq,0.9,0.9696969696969697,0.24440284449823055,0.27526626228709616,165
directional_extrapolation,low_k_to_high_k,random_forest,timing,k,0.9,0.3939393939393939,0.0015532936507936506,0.0009738740079365069,165
directional_extrapolation,low_k_to_high_k,random_forest,timing,wq,0.9,0.9030303030303031,0.2388342408347133,0.2791625366917033,165
directional_extrapolation,low_wq_to_high_wq,hgb,all_shooting,k,0.9,0.4909090909090909,0.00090763334509952,0.0009939382119671,165
directional_extrapolation,low_wq_to_high_wq,hgb,all_shooting,wq,0.9,0.6,0.15747110132369138,0.2038153852979689,150
directional_extrapolation,low_wq_to_high_wq,hgb,orbital,k,0.9,0.8181818181818182,0.0026876389244350095,0.0027767472548809375,165
directional_extrapolation,low_wq_to_high_wq,hgb,orbital,wq,0.9,0.7733333333333333,0.2347797761154571,0.22861707876833437,150
directional_extrapolation,low_wq_to_high_wq,hgb,photon_geometry,k,0.9,0.703030303030303,0.0015448916498512395,0.0015877194341672,165
directional_extrapolation,low_wq_to_high_wq,hgb,photon_geometry,wq,0.9,0.5533333333333333,0.18877618779558147,0.1980427944166589,150
directional_extrapolation,low_wq_to_high_wq,hgb,redshift,k,0.9,0.7272727272727273,0.0016865765121355,0.0017218343812321103,165
directional_extrapolation,low_wq_to_high_wq,hgb,redshift,wq,0.9,0.5866666666666667,0.1681417959045155,0.2039233003070673,150
directional_extrapolation,low_wq_to_high_wq,hgb,ringdown,k,0.9,0.9151515151515152,0.00075858684946744,0.0007610824340162,165
directional_extrapolation,low_wq_to_high_wq,hgb,ringdown,wq,0.9,0.5,0.2229626960834584,0.2272520362391599,150
directional_extrapolation,low_wq_to_high_wq,hgb,ringdown_plus_all_shooting,k,0.9,0.7757575757575758,0.0006902008526502002,0.0006259048796893,165
directional_extrapolation,low_wq_to_high_wq,hgb,ringdown_plus_all_shooting,wq,0.9,0.6066666666666667,0.15764572432326968,0.2036524572993259,150
directional_extrapolation,low_wq_to_high_wq,hgb,ringdown_plus_photon_geometry,k,0.9,0.7636363636363637,0.0007198872037357,0.0007883736770701,165
directional_extrapolation,low_wq_to_high_wq,hgb,ringdown_plus_photon_geometry,wq,0.9,0.5866666666666667,0.18681882221328658,0.202986022401773,150
directional_extrapolation,low_wq_to_high_wq,hgb,timing,k,0.9,0.48484848484848486,0.0009821194264174,0.0010682361047314546,165
directional_extrapolation,low_wq_to_high_wq,hgb,timing,wq,0.9,0.6333333333333333,0.18434910782097857,0.20954859922227098,150
directional_extrapolation,low_wq_to_high_wq,mlp,all_shooting,k,0.9,0.48484848484848486,0.0005460436866772676,0.0004020886084055049,165
directional_extrapolation,low_wq_to_high_wq,mlp,all_shooting,wq,0.9,0.7333333333333333,0.19059943614522384,0.23151530175806356,150
directional_extrapolation,low_wq_to_high_wq,mlp,orbital,k,0.9,0.8,0.0037050102263602018,0.0026954452588053945,165
directional_extrapolation,low_wq_to_high_wq,mlp,orbital,wq,0.9,0.4266666666666667,0.3055864089474819,0.22972686659528585,150
directional_extrapolation,low_wq_to_high_wq,mlp,photon_geometry,k,0.9,0.6606060606060606,0.0023260604523622883,0.002349907893777461,165
directional_extrapolation,low_wq_to_high_wq,mlp,photon_geometry,wq,0.9,0.66,0.2176893397116559,0.22069110796656433,150
directional_extrapolation,low_wq_to_high_wq,mlp,redshift,k,0.9,0.7696969696969697,0.003511356164826621,0.0022948008106505255,165
directional_extrapolation,low_wq_to_high_wq,mlp,redshift,wq,0.9,0.6,0.23777028169470066,0.2833457932722636,150
directional_extrapolation,low_wq_to_high_wq,mlp,ringdown,k,0.9,0.43636363636363634,0.0003368648707587819,0.00038183870213107183,165
directional_extrapolation,low_wq_to_high_wq,mlp,ringdown,wq,0.9,0.48,0.19675912617438399,0.22334602580557528,150
directional_extrapolation,low_wq_to_high_wq,mlp,ringdown_plus_all_shooting,k,0.9,0.5757575757575758,0.0005452366307699204,0.00029959717012591723,165
directional_extrapolation,low_wq_to_high_wq,mlp,ringdown_plus_all_shooting,wq,0.9,0.7066666666666667,0.2320314535337954,0.2155546119491316,150
directional_extrapolation,low_wq_to_high_wq,mlp,ringdown_plus_photon_geometry,k,0.9,0.8303030303030303,0.0028365301541137637,0.0003764771924346334,165
directional_extrapolation,low_wq_to_high_wq,mlp,ringdown_plus_photon_geometry,wq,0.9,0.7066666666666667,0.309255075045452,0.21444641760812977,150
directional_extrapolation,low_wq_to_high_wq,mlp,timing,k,0.9,0.6060606060606061,0.0011681953436053925,0.0007834611553906388,165
directional_extrapolation,low_wq_to_high_wq,mlp,timing,wq,0.9,0.7733333333333333,0.4556662416108539,0.23533783996671942,150
directional_extrapolation,low_wq_to_high_wq,random_forest,all_shooting,k,0.9,0.34545454545454546,0.00070311507936508,0.0007400694444444436,165
directional_extrapolation,low_wq_to_high_wq,random_forest,all_shooting,wq,0.9,0.66,0.16198341900383587,0.20682810291560294,150
directional_extrapolation,low_wq_to_high_wq,random_forest,orbital,k,0.9,0.8303030303030303,0.002689590365312791,0.002723581349206348,165
directional_extrapolation,low_wq_to_high_wq,random_forest,orbital,wq,0.9,0.8333333333333334,0.23051924693362205,0.22937595899470953,150
directional_extrapolation,low_wq_to_high_wq,random_forest,photon_geometry,k,0.9,0.5636363636363636,0.0013135604696229697,0.001239178610741111,165
directional_extrapolation,low_wq_to_high_wq,random_forest,photon_geometry,wq,0.9,0.62,0.1724398459565127,0.2014184964726633,150
directional_extrapolation,low_wq_to_high_wq,random_forest,redshift,k,0.9,0.7636363636363637,0.0016065577801827808,0.0015865228174603168,165
directional_extrapolation,low_wq_to_high_wq,random_forest,redshift,wq,0.9,0.7133333333333334,0.16777077926702974,0.20438757215007253,150
directional_extrapolation,low_wq_to_high_wq,random_forest,ringdown,k,0.9,0.46060606060606063,0.000385275793650794,0.0004831944444444458,165
directional_extrapolation,low_wq_to_high_wq,random_forest,ringdown,wq,0.9,0.7,0.22489281117416557,0.22085820606862305,150
directional_extrapolation,low_wq_to_high_wq,random_forest,ringdown_plus_all_shooting,k,0.9,0.37575757575757573,0.000406736111111111,0.00044708333333333405,165
directional_extrapolation,low_wq_to_high_wq,random_forest,ringdown_plus_all_shooting,wq,0.9,0.66,0.16195382023840374,0.2073697695822696,150
directional_extrapolation,low_wq_to_high_wq,random_forest,ringdown_plus_photon_geometry,k,0.9,0.46060606060606063,0.00037794444444444475,0.0004644444444444453,165
directional_extrapolation,low_wq_to_high_wq,random_forest,ringdown_plus_photon_geometry,wq,0.9,0.6133333333333333,0.17011373865332216,0.20148099647266315,150
directional_extrapolation,low_wq_to_high_wq,random_forest,timing,k,0.9,0.34545454545454546,0.0007066944444444445,0.0007520734126984126,165
directional_extrapolation,low_wq_to_high_wq,random_forest,timing,wq,0.9,0.72,0.18501406952615274,0.20652278824570547,150
grouped_physical_interpolation,,hgb,orbital,k,0.9,0.731404958677686,0.002111406284309246,0.00206964480122187,1210
grouped_physical_interpolation,,hgb,orbital,wq,0.9,0.8645454545454545,0.20709448584646814,0.21263387913378984,1100
grouped_physical_interpolation,,hgb,redshift,k,0.9,0.7487603305785124,0.001498982851555435,0.0014523733572379969,1210
grouped_physical_interpolation,,hgb,redshift,wq,0.9,0.8918181818181818,0.14769896307433425,0.1262830284787675,1100
grouped_physical_interpolation,,hgb,timing,k,0.9,0.6917355371900826,0.0009286570313281331,0.0009135443918885872,1210
grouped_physical_interpolation,,hgb,timing,wq,0.9,0.8418181818181818,0.15465392102170428,0.15698826174623526,1100
grouped_physical_interpolation,,mlp,all_shooting,k,0.9,0.7586776859504132,0.000900213790950171,0.0004397559656398593,1210
grouped_physical_interpolation,,mlp,all_shooting,wq,0.9,0.8436363636363636,0.19802270037540068,0.18423813084689622,1100
grouped_physical_interpolation,,mlp,orbital,k,0.9,0.7462809917355372,0.0020852295247681656,0.0021221426525065857,1210
grouped_physical_interpolation,,mlp,orbital,wq,0.9,0.8390909090909091,0.24461917176384573,0.21862085786044638,1100
grouped_physical_interpolation,,mlp,photon_geometry,k,0.9,0.731404958677686,0.000794913812812612,0.00045628982730474936,1210
grouped_physical_interpolation,,mlp,photon_geometry,wq,0.9,0.8627272727272727,0.18599922747006647,0.18667756497483867,1100
grouped_physical_interpolation,,mlp,redshift,k,0.9,0.7165289256198347,0.0014760173170924689,0.0011480685034219924,1210
grouped_physical_interpolation,,mlp,redshift,wq,0.9,0.8463636363636363,0.21625949353492754,0.1940214668787622,1100
grouped_physical_interpolation,,mlp,ringdown,k,0.9,0.7322314049586777,0.00032319520230061357,0.00018909121209034806,1210
grouped_physical_interpolation,,mlp,ringdown,wq,0.9,0.84,0.15845750280760879,0.15460048156199768,1100
grouped_physical_interpolation,,mlp,ringdown_plus_all_shooting,k,0.9,0.7322314049586777,0.0004441091677395583,0.00029991723948270734,1210
grouped_physical_interpolation,,mlp,ringdown_plus_all_shooting,wq,0.9,0.8572727272727273,0.18964087823776424,0.17040615581283136,1100
grouped_physical_interpolation,,mlp,ringdown_plus_photon_geometry,k,0.9,0.7322314049586777,0.0004280836222658577,0.00025329597910588985,1210
grouped_physical_interpolation,,mlp,ringdown_plus_photon_geometry,wq,0.9,0.8554545454545455,0.17897626012941178,0.17801210981200755,1100
grouped_physical_interpolation,,mlp,timing,k,0.9,0.7289256198347107,0.0005859490197828886,0.00037587840593862913,1210
grouped_physical_interpolation,,mlp,timing,wq,0.9,0.8454545454545455,0.20051830097783785,0.194556008305372,1100
grouped_physical_interpolation,,random_forest,all_shooting,k,0.9,0.5735537190082645,0.0007108391651010456,0.000691951884920636,1210
grouped_physical_interpolation,,random_forest,all_shooting,wq,0.9,0.8672727272727273,0.13729847626144298,0.13585267305996385,1100
grouped_physical_interpolation,,random_forest,orbital,k,0.9,0.7338842975206612,0.0020548255902029426,0.002003040800770581,1210
grouped_physical_interpolation,,random_forest,orbital,wq,0.9,0.8563636363636363,0.19807398312743837,0.20100853174603261,1100
grouped_physical_interpolation,,random_forest,photon_geometry,k,0.9,0.5454545454545454,0.0009916076923180974,0.0009963568722943716,1210
grouped_physical_interpolation,,random_forest,photon_geometry,wq,0.9,0.8436363636363636,0.15265323220840338,0.15154270790937496,1100
grouped_physical_interpolation,,random_forest,redshift,k,0.9,0.7322314049586777,0.001406995694412146,0.0013889351851851836,1210
grouped_physical_interpolation,,random_forest,redshift,wq,0.9,0.8781818181818182,0.14639226182511805,0.13520329886163274,1100
grouped_physical_interpolation,,random_forest,ringdown,k,0.9,0.7082644628099174,0.0003503321349315665,0.00036545138888889,1210
grouped_physical_interpolation,,random_forest,ringdown,wq,0.9,0.6654545454545454,0.19313630281777988,0.18720390211640203,1100
grouped_physical_interpolation,,random_forest,ringdown_plus_all_shooting,k,0.9,0.6760330578512397,0.00032759732060868413,0.00032109126984127163,1210
grouped_physical_interpolation,,random_forest,ringdown_plus_all_shooting,wq,0.9,0.8672727272727273,0.13715893574556426,0.13585267305996407,1100
grouped_physical_interpolation,,random_forest,ringdown_plus_photon_geometry,k,0.9,0.675206611570248,0.0003311487136600773,0.0003378472222222229,1210
grouped_physical_interpolation,,random_forest,ringdown_plus_photon_geometry,wq,0.9,0.8290909090909091,0.15050641673316958,0.14921566951566922,1100
grouped_physical_interpolation,,random_forest,timing,k,0.9,0.6247933884297521,0.0007132762667008538,0.0006810763888888886,1210
grouped_physical_interpolation,,random_forest,timing,wq,0.9,0.8181818181818182,0.15739133090589222,0.15641392843267798,1100
grouped_physical_interpolation,,hgb,all_shooting,k,0.9,0.6504132231404959,0.0008574467010529903,0.0008761977571694,1210
grouped_physical_interpolation,,hgb,all_shooting,wq,0.9,0.8909090909090909,0.13660311168659658,0.1132763406997005,1100
grouped_physical_interpolation,,hgb,photon_geometry,k,0.9,0.6942148760330579,0.001257095445774977,0.001201243390476,1210
grouped_physical_interpolation,,hgb,photon_geometry,wq,0.9,0.850909090909091,0.15014916731733502,0.1473848855399498,1100
grouped_physical_interpolation,,hgb,ringdown,k,0.9,0.8909090909090909,0.0006076545264117668,0.0005950281481659,1210
grouped_physical_interpolation,,hgb,ringdown,wq,0.9,0.7118181818181818,0.2195385485308067,0.2154001541721691,1100
grouped_physical_interpolation,,hgb,ringdown_plus_all_shooting,k,0.9,0.8396694214876033,0.0005642365291162616,0.0005486191442189,1210
grouped_physical_interpolation,,hgb,ringdown_plus_all_shooting,wq,0.9,0.8881818181818182,0.13645814865544847,0.1118879112177583,1100
grouped_physical_interpolation,,hgb,ringdown_plus_photon_geometry,k,0.9,0.8578512396694215,0.0005931300629881273,0.0005708720725503,1210
grouped_physical_interpolation,,hgb,ringdown_plus_photon_geometry,wq,0.9,0.85,0.14732641487341822,0.1483001637548991,1100
random_interpolation,,hgb,orbital,k,0.9,0.875,0.002198320708847338,0.0021860225116279337,120
random_interpolation,,hgb,orbital,wq,0.9,0.9469026548672567,0.1948569649919332,0.20424544927253196,113
random_interpolation,,hgb,redshift,k,0.9,0.9416666666666667,0.0018511251054092867,0.0015038301327315391,120
random_interpolation,,hgb,redshift,wq,0.9,0.9823008849557522,0.15297299774604753,0.15263025120559015,113
random_interpolation,,hgb,timing,k,0.9,0.9333333333333333,0.001175794034505603,0.0012925749550610987,120
random_interpolation,,hgb,timing,wq,0.9,0.9734513274336283,0.17843438007857382,0.17655038616114194,113
random_interpolation,,mlp,all_shooting,k,0.9,0.9666666666666667,0.0004304167417269916,0.000311639647252985,120
random_interpolation,,mlp,all_shooting,wq,0.9,0.9734513274336283,0.17039851273739734,0.18493257527320206,113
random_interpolation,,mlp,orbital,k,0.9,0.95,0.003489628867279529,0.0021757660835274527,120
random_interpolation,,mlp,orbital,wq,0.9,0.9203539823008849,0.22053942032603283,0.20708713079692842,113
random_interpolation,,mlp,photon_geometry,k,0.9,0.9416666666666667,0.0012687839306802355,0.00036481752016015705,120
random_interpolation,,mlp,photon_geometry,wq,0.9,0.9734513274336283,0.18803963076084862,0.18215594979555694,113
random_interpolation,,mlp,redshift,k,0.9,0.8916666666666667,0.0029757588960880764,0.0019026661414901142,120
random_interpolation,,mlp,redshift,wq,0.9,0.9557522123893806,0.26397981896692935,0.2142256067676327,113
random_interpolation,,mlp,ringdown,k,0.9,0.9,0.0004685124490133615,0.00022540294878266223,120
random_interpolation,,mlp,ringdown,wq,0.9,0.9469026548672567,0.18433391957153902,0.20439923054669806,113
random_interpolation,,mlp,ringdown_plus_all_shooting,k,0.9,0.8916666666666667,0.0024680198475547283,0.00035116140526827945,120
random_interpolation,,mlp,ringdown_plus_all_shooting,wq,0.9,0.9469026548672567,0.6239473958896348,0.1669439500888681,113
random_interpolation,,mlp,ringdown_plus_photon_geometry,k,0.9,0.9,0.00040004682543853565,0.0002704264845649418,120
random_interpolation,,mlp,ringdown_plus_photon_geometry,wq,0.9,0.9646017699115044,0.20634408302095886,0.1714387404662301,113
random_interpolation,,mlp,timing,k,0.9,0.9583333333333334,0.0009247061170171188,0.0004834527906592183,120
random_interpolation,,mlp,timing,wq,0.9,0.9646017699115044,0.20882392827234017,0.18604084967244228,113
random_interpolation,,random_forest,all_shooting,k,0.9,0.8583333333333333,0.0008409706890331895,0.0007307837301587282,120
random_interpolation,,random_forest,all_shooting,wq,0.9,0.9734513274336283,0.13689038623786812,0.1393163636517798,113
random_interpolation,,random_forest,orbital,k,0.9,0.875,0.0021360787382552087,0.001996976865726866,120
random_interpolation,,random_forest,orbital,wq,0.9,0.9292035398230089,0.1959818106395817,0.1876277777777775,113
random_interpolation,,random_forest,photon_geometry,k,0.9,0.8166666666666667,0.0009619249789562295,0.0008729232804232795,120
random_interpolation,,random_forest,photon_geometry,wq,0.9,0.9646017699115044,0.165581299301903,0.1694528032923871,113
random_interpolation,,random_forest,redshift,k,0.9,0.8666666666666667,0.0016218485449735445,0.0012533052248677248,120
random_interpolation,,random_forest,redshift,wq,0.9,0.9823008849557522,0.15238003334983802,0.13790532519178322,113
random_interpolation,,random_forest,ringdown,k,0.9,0.8583333333333333,0.0003423908730158725,0.0003803273809523805,120
random_interpolation,,random_forest,ringdown,wq,0.9,0.9469026548672567,0.24400613895077378,0.2535193823152153,113
random_interpolation,,random_forest,ringdown_plus_all_shooting,k,0.9,0.7833333333333333,0.0002903333333333332,0.00031444444444444445,120
random_interpolation,,random_forest,ringdown_plus_all_shooting,wq,0.9,0.9734513274336283,0.13636477987929718,0.1393163636517798,113
random_interpolation,,random_forest,ringdown_plus_photon_geometry,k,0.9,0.8,0.00031582539682539686,0.00032643849206349246,120
random_interpolation,,random_forest,ringdown_plus_photon_geometry,wq,0.9,0.9646017699115044,0.1656493867290613,0.1687848138743976,113
random_interpolation,,random_forest,timing,k,0.9,0.8333333333333334,0.0008713153860028859,0.0005939583333333326,120
random_interpolation,,random_forest,timing,wq,0.9,0.9557522123893806,0.18461071759177414,0.17617544326815193,113
random_interpolation,,hgb,all_shooting,k,0.9,0.8583333333333333,0.00090815905414126,0.0008661063581616,120
random_interpolation,,hgb,all_shooting,wq,0.9,0.9823008849557522,0.14629771841440634,0.1439078420179895,113
random_interpolation,,hgb,photon_geometry,k,0.9,0.8083333333333333,0.00107958733394094,0.0011942515852925,120
random_interpolation,,hgb,photon_geometry,wq,0.9,0.9557522123893806,0.15948603409134737,0.160245655303666,113
random_interpolation,,hgb,ringdown,k,0.9,0.95,0.0006495713099411001,0.0006223823075473,120
random_interpolation,,hgb,ringdown,wq,0.9,0.9469026548672567,0.23863892498034744,0.2516271781948563,113
random_interpolation,,hgb,ringdown_plus_all_shooting,k,0.9,0.925,0.00074703694056408,0.0006179392544022,120
random_interpolation,,hgb,ringdown_plus_all_shooting,wq,0.9,0.9823008849557522,0.14673310661433303,0.1444286860826407,113
random_interpolation,,hgb,ringdown_plus_photon_geometry,k,0.9,0.9083333333333333,0.0006789053891671202,0.0006074592466582,120
random_interpolation,,hgb,ringdown_plus_photon_geometry,wq,0.9,0.9646017699115044,0.16243144053566477,0.1632406122897443,113
