source_csv,filtering_rule,protocol,feature_set,sample_count,aggregation,value,status
artifacts/traditional_baselines/traditional_vs_ml_summary.csv,method=HGB; feature_set=all_shooting; target=k; k=0 excluded only for wq,directional_extrapolation,all_shooting,20,median across registered fold/seed NMAE values,0.2506323885119129,PASS
artifacts/traditional_baselines/traditional_vs_ml_summary.csv,method=HGB; feature_set=all_shooting; target=identifiable_wq; k=0 excluded only for wq,directional_extrapolation,all_shooting,20,median across registered fold/seed NMAE values,0.1901592115190337,PASS
artifacts/traditional_baselines/traditional_vs_ml_summary.csv,method=HGB; feature_set=photon_geometry; target=k; k=0 excluded only for wq,directional_extrapolation,photon_geometry,20,median across registered fold/seed NMAE values,0.2570268459081533,PASS
artifacts/traditional_baselines/traditional_vs_ml_summary.csv,method=HGB; feature_set=photon_geometry; target=identifiable_wq; k=0 excluded only for wq,directional_extrapolation,photon_geometry,20,median across registered fold/seed NMAE values,0.2183507172864136,PASS
artifacts/traditional_baselines/traditional_vs_ml_summary.csv,method=HGB; feature_set=ringdown; target=k; k=0 excluded only for wq,directional_extrapolation,ringdown,20,median across registered fold/seed NMAE values,0.1714089285892485,PASS
artifacts/traditional_baselines/traditional_vs_ml_summary.csv,method=HGB; feature_set=ringdown; target=identifiable_wq; k=0 excluded only for wq,directional_extrapolation,ringdown,20,median across registered fold/seed NMAE values,0.3502083027239304,PASS
artifacts/traditional_baselines/traditional_vs_ml_summary.csv,method=HGB; feature_set=ringdown_plus_all_shooting; target=k; k=0 excluded only for wq,directional_extrapolation,ringdown_plus_all_shooting,20,median across registered fold/seed NMAE values,0.158830171405083,PASS
artifacts/traditional_baselines/traditional_vs_ml_summary.csv,method=HGB; feature_set=ringdown_plus_all_shooting; target=identifiable_wq; k=0 excluded only for wq,directional_extrapolation,ringdown_plus_all_shooting,20,median across registered fold/seed NMAE values,0.1904123826129158,PASS
artifacts/traditional_baselines/traditional_vs_ml_summary.csv,method=HGB; feature_set=ringdown_plus_photon_geometry; target=k; k=0 excluded only for wq,directional_extrapolation,ringdown_plus_photon_geometry,20,median across registered fold/seed NMAE values,0.180336285185512,PASS
artifacts/traditional_baselines/traditional_vs_ml_summary.csv,method=HGB; feature_set=ringdown_plus_photon_geometry; target=identifiable_wq; k=0 excluded only for wq,directional_extrapolation,ringdown_plus_photon_geometry,20,median across registered fold/seed NMAE values,0.2146388532465263,PASS
artifacts/traditional_baselines/traditional_vs_ml_summary.csv,method=HGB; feature_set=all_shooting; target=k; k=0 excluded only for wq,grouped_physical_interpolation,all_shooting,90,median across registered fold/seed NMAE values,0.1377935574705104,PASS
artifacts/traditional_baselines/traditional_vs_ml_summary.csv,method=HGB; feature_set=all_shooting; target=identifiable_wq; k=0 excluded only for wq,grouped_physical_interpolation,all_shooting,90,median across registered fold/seed NMAE values,0.0716332863494278,PASS
artifacts/traditional_baselines/traditional_vs_ml_summary.csv,method=HGB; feature_set=photon_geometry; target=k; k=0 excluded only for wq,grouped_physical_interpolation,photon_geometry,90,median across registered fold/seed NMAE values,0.1814419277625793,PASS
artifacts/traditional_baselines/traditional_vs_ml_summary.csv,method=HGB; feature_set=photon_geometry; target=identifiable_wq; k=0 excluded only for wq,grouped_physical_interpolation,photon_geometry,90,median across registered fold/seed NMAE values,0.1112364352789292,PASS
artifacts/traditional_baselines/traditional_vs_ml_summary.csv,method=HGB; feature_set=ringdown; target=k; k=0 excluded only for wq,grouped_physical_interpolation,ringdown,90,median across registered fold/seed NMAE values,0.0739397495809666,PASS
artifacts/traditional_baselines/traditional_vs_ml_summary.csv,method=HGB; feature_set=ringdown; target=identifiable_wq; k=0 excluded only for wq,grouped_physical_interpolation,ringdown,90,median across registered fold/seed NMAE values,0.3145413718853994,PASS
artifacts/traditional_baselines/traditional_vs_ml_summary.csv,method=HGB; feature_set=ringdown_plus_all_shooting; target=k; k=0 excluded only for wq,grouped_physical_interpolation,ringdown_plus_all_shooting,90,median across registered fold/seed NMAE values,0.0504043226366335,PASS
artifacts/traditional_baselines/traditional_vs_ml_summary.csv,method=HGB; feature_set=ringdown_plus_all_shooting; target=identifiable_wq; k=0 excluded only for wq,grouped_physical_interpolation,ringdown_plus_all_shooting,90,median across registered fold/seed NMAE values,0.073405131576106,PASS
artifacts/traditional_baselines/traditional_vs_ml_summary.csv,method=HGB; feature_set=ringdown_plus_photon_geometry; target=k; k=0 excluded only for wq,grouped_physical_interpolation,ringdown_plus_photon_geometry,90,median across registered fold/seed NMAE values,0.0529777321763249,PASS
artifacts/traditional_baselines/traditional_vs_ml_summary.csv,method=HGB; feature_set=ringdown_plus_photon_geometry; target=identifiable_wq; k=0 excluded only for wq,grouped_physical_interpolation,ringdown_plus_photon_geometry,90,median across registered fold/seed NMAE values,0.0865216633607987,PASS
artifacts/traditional_baselines/traditional_vs_ml_summary.csv,method=HGB; feature_set=all_shooting; target=k; k=0 excluded only for wq,random_interpolation,all_shooting,5,median across registered fold/seed NMAE values,0.0915423840558884,PASS
artifacts/traditional_baselines/traditional_vs_ml_summary.csv,method=HGB; feature_set=all_shooting; target=identifiable_wq; k=0 excluded only for wq,random_interpolation,all_shooting,5,median across registered fold/seed NMAE values,0.045910942991689,PASS
artifacts/traditional_baselines/traditional_vs_ml_summary.csv,method=HGB; feature_set=photon_geometry; target=k; k=0 excluded only for wq,random_interpolation,photon_geometry,5,median across registered fold/seed NMAE values,0.1256434832959583,PASS
artifacts/traditional_baselines/traditional_vs_ml_summary.csv,method=HGB; feature_set=photon_geometry; target=identifiable_wq; k=0 excluded only for wq,random_interpolation,photon_geometry,5,median across registered fold/seed NMAE values,0.0966145963872555,PASS
artifacts/traditional_baselines/traditional_vs_ml_summary.csv,method=HGB; feature_set=ringdown; target=k; k=0 excluded only for wq,random_interpolation,ringdown,5,median across registered fold/seed NMAE values,0.0521669459472283,PASS
artifacts/traditional_baselines/traditional_vs_ml_summary.csv,method=HGB; feature_set=ringdown; target=identifiable_wq; k=0 excluded only for wq,random_interpolation,ringdown,5,median across registered fold/seed NMAE values,0.1952284127984838,PASS
artifacts/traditional_baselines/traditional_vs_ml_summary.csv,method=HGB; feature_set=ringdown_plus_all_shooting; target=k; k=0 excluded only for wq,random_interpolation,ringdown_plus_all_shooting,5,median across registered fold/seed NMAE values,0.0511089784182559,PASS
artifacts/traditional_baselines/traditional_vs_ml_summary.csv,method=HGB; feature_set=ringdown_plus_all_shooting; target=identifiable_wq; k=0 excluded only for wq,random_interpolation,ringdown_plus_all_shooting,5,median across registered fold/seed NMAE values,0.0453628679438577,PASS
artifacts/traditional_baselines/traditional_vs_ml_summary.csv,method=HGB; feature_set=ringdown_plus_photon_geometry; target=k; k=0 excluded only for wq,random_interpolation,ringdown_plus_photon_geometry,5,median across registered fold/seed NMAE values,0.0560087389402604,PASS
artifacts/traditional_baselines/traditional_vs_ml_summary.csv,method=HGB; feature_set=ringdown_plus_photon_geometry; target=identifiable_wq; k=0 excluded only for wq,random_interpolation,ringdown_plus_photon_geometry,5,median across registered fold/seed NMAE values,0.0739711397928914,PASS
artifacts/traditional_baselines/traditional_vs_ml_summary.csv,method=Jacobian local inverse; feature_set=all_shooting; target=k; k=0 excluded only for wq,directional_extrapolation,all_shooting,20,median across registered fold/seed NMAE values,0.0997786378206705,PASS
artifacts/traditional_baselines/traditional_vs_ml_summary.csv,method=Jacobian local inverse; feature_set=all_shooting; target=identifiable_wq; k=0 excluded only for wq,directional_extrapolation,all_shooting,20,median across registered fold/seed NMAE values,0.1293260146762391,PASS
artifacts/traditional_baselines/traditional_vs_ml_summary.csv,method=Jacobian local inverse; feature_set=photon_geometry; target=k; k=0 excluded only for wq,directional_extrapolation,photon_geometry,20,median across registered fold/seed NMAE values,0.2174221442408791,PASS
artifacts/traditional_baselines/traditional_vs_ml_summary.csv,method=Jacobian local inverse; feature_set=photon_geometry; target=identifiable_wq; k=0 excluded only for wq,directional_extrapolation,photon_geometry,20,median across registered fold/seed NMAE values,0.1645297636608679,PASS
artifacts/traditional_baselines/traditional_vs_ml_summary.csv,method=Jacobian local inverse; feature_set=ringdown; target=k; k=0 excluded only for wq,directional_extrapolation,ringdown,20,median across registered fold/seed NMAE values,0.0198279583613906,PASS
artifacts/traditional_baselines/traditional_vs_ml_summary.csv,method=Jacobian local inverse; feature_set=ringdown; target=identifiable_wq; k=0 excluded only for wq,directional_extrapolation,ringdown,20,median across registered fold/seed NMAE values,0.0653580103388903,PASS
artifacts/traditional_baselines/traditional_vs_ml_summary.csv,method=Jacobian local inverse; feature_set=ringdown_plus_all_shooting; target=k; k=0 excluded only for wq,directional_extrapolation,ringdown_plus_all_shooting,20,median across registered fold/seed NMAE values,0.0623530497307789,PASS
artifacts/traditional_baselines/traditional_vs_ml_summary.csv,method=Jacobian local inverse; feature_set=ringdown_plus_all_shooting; target=identifiable_wq; k=0 excluded only for wq,directional_extrapolation,ringdown_plus_all_shooting,20,median across registered fold/seed NMAE values,0.1228152008990731,PASS
artifacts/traditional_baselines/traditional_vs_ml_summary.csv,method=Jacobian local inverse; feature_set=ringdown_plus_photon_geometry; target=k; k=0 excluded only for wq,directional_extrapolation,ringdown_plus_photon_geometry,20,median across registered fold/seed NMAE values,0.0660503732572813,PASS
artifacts/traditional_baselines/traditional_vs_ml_summary.csv,method=Jacobian local inverse; feature_set=ringdown_plus_photon_geometry; target=identifiable_wq; k=0 excluded only for wq,directional_extrapolation,ringdown_plus_photon_geometry,20,median across registered fold/seed NMAE values,0.1171959328611131,PASS
artifacts/traditional_baselines/traditional_vs_ml_summary.csv,method=Jacobian local inverse; feature_set=all_shooting; target=k; k=0 excluded only for wq,grouped_physical_interpolation,all_shooting,90,median across registered fold/seed NMAE values,0.0402666861767654,PASS
artifacts/traditional_baselines/traditional_vs_ml_summary.csv,method=Jacobian local inverse; feature_set=all_shooting; target=identifiable_wq; k=0 excluded only for wq,grouped_physical_interpolation,all_shooting,90,median across registered fold/seed NMAE values,0.0408916424413438,PASS
artifacts/traditional_baselines/traditional_vs_ml_summary.csv,method=Jacobian local inverse; feature_set=photon_geometry; target=k; k=0 excluded only for wq,grouped_physical_interpolation,photon_geometry,90,median across registered fold/seed NMAE values,0.0585761050005463,PASS
artifacts/traditional_baselines/traditional_vs_ml_summary.csv,method=Jacobian local inverse; feature_set=photon_geometry; target=identifiable_wq; k=0 excluded only for wq,grouped_physical_interpolation,photon_geometry,90,median across registered fold/seed NMAE values,0.0434853252856736,PASS
artifacts/traditional_baselines/traditional_vs_ml_summary.csv,method=Jacobian local inverse; feature_set=ringdown; target=k; k=0 excluded only for wq,grouped_physical_interpolation,ringdown,90,median across registered fold/seed NMAE values,0.0137886111428934,PASS
artifacts/traditional_baselines/traditional_vs_ml_summary.csv,method=Jacobian local inverse; feature_set=ringdown; target=identifiable_wq; k=0 excluded only for wq,grouped_physical_interpolation,ringdown,90,median across registered fold/seed NMAE values,0.0458557564880307,PASS
artifacts/traditional_baselines/traditional_vs_ml_summary.csv,method=Jacobian local inverse; feature_set=ringdown_plus_all_shooting; target=k; k=0 excluded only for wq,grouped_physical_interpolation,ringdown_plus_all_shooting,90,median across registered fold/seed NMAE values,0.0219097995508294,PASS
artifacts/traditional_baselines/traditional_vs_ml_summary.csv,method=Jacobian local inverse; feature_set=ringdown_plus_all_shooting; target=identifiable_wq; k=0 excluded only for wq,grouped_physical_interpolation,ringdown_plus_all_shooting,90,median across registered fold/seed NMAE values,0.0380676349316974,PASS
artifacts/traditional_baselines/traditional_vs_ml_summary.csv,method=Jacobian local inverse; feature_set=ringdown_plus_photon_geometry; target=k; k=0 excluded only for wq,grouped_physical_interpolation,ringdown_plus_photon_geometry,90,median across registered fold/seed NMAE values,0.0183718126755993,PASS
artifacts/traditional_baselines/traditional_vs_ml_summary.csv,method=Jacobian local inverse; feature_set=ringdown_plus_photon_geometry; target=identifiable_wq; k=0 excluded only for wq,grouped_physical_interpolation,ringdown_plus_photon_geometry,90,median across registered fold/seed NMAE values,0.0454247330475629,PASS
artifacts/traditional_baselines/traditional_vs_ml_summary.csv,method=Jacobian local inverse; feature_set=all_shooting; target=k; k=0 excluded only for wq,random_interpolation,all_shooting,5,median across registered fold/seed NMAE values,0.03687147575054,PASS
artifacts/traditional_baselines/traditional_vs_ml_summary.csv,method=Jacobian local inverse; feature_set=all_shooting; target=identifiable_wq; k=0 excluded only for wq,random_interpolation,all_shooting,5,median across registered fold/seed NMAE values,0.0255162922153115,PASS
artifacts/traditional_baselines/traditional_vs_ml_summary.csv,method=Jacobian local inverse; feature_set=photon_geometry; target=k; k=0 excluded only for wq,random_interpolation,photon_geometry,5,median across registered fold/seed NMAE values,0.0530262761623342,PASS
artifacts/traditional_baselines/traditional_vs_ml_summary.csv,method=Jacobian local inverse; feature_set=photon_geometry; target=identifiable_wq; k=0 excluded only for wq,random_interpolation,photon_geometry,5,median across registered fold/seed NMAE values,0.0329766685708973,PASS
artifacts/traditional_baselines/traditional_vs_ml_summary.csv,method=Jacobian local inverse; feature_set=ringdown; target=k; k=0 excluded only for wq,random_interpolation,ringdown,5,median across registered fold/seed NMAE values,0.0042677964567378,PASS
artifacts/traditional_baselines/traditional_vs_ml_summary.csv,method=Jacobian local inverse; feature_set=ringdown; target=identifiable_wq; k=0 excluded only for wq,random_interpolation,ringdown,5,median across registered fold/seed NMAE values,0.0175120731969174,PASS
artifacts/traditional_baselines/traditional_vs_ml_summary.csv,method=Jacobian local inverse; feature_set=ringdown_plus_all_shooting; target=k; k=0 excluded only for wq,random_interpolation,ringdown_plus_all_shooting,5,median across registered fold/seed NMAE values,0.0180985709134207,PASS
artifacts/traditional_baselines/traditional_vs_ml_summary.csv,method=Jacobian local inverse; feature_set=ringdown_plus_all_shooting; target=identifiable_wq; k=0 excluded only for wq,random_interpolation,ringdown_plus_all_shooting,5,median across registered fold/seed NMAE values,0.023824256401795,PASS
artifacts/traditional_baselines/traditional_vs_ml_summary.csv,method=Jacobian local inverse; feature_set=ringdown_plus_photon_geometry; target=k; k=0 excluded only for wq,random_interpolation,ringdown_plus_photon_geometry,5,median across registered fold/seed NMAE values,0.014722808353513,PASS
artifacts/traditional_baselines/traditional_vs_ml_summary.csv,method=Jacobian local inverse; feature_set=ringdown_plus_photon_geometry; target=identifiable_wq; k=0 excluded only for wq,random_interpolation,ringdown_plus_photon_geometry,5,median across registered fold/seed NMAE values,0.0259026890825003,PASS
artifacts/traditional_baselines/traditional_vs_ml_summary.csv,method=MLP; feature_set=all_shooting; target=k; k=0 excluded only for wq,directional_extrapolation,all_shooting,20,median across registered fold/seed NMAE values,0.2070352890263403,PASS
artifacts/traditional_baselines/traditional_vs_ml_summary.csv,method=MLP; feature_set=all_shooting; target=identifiable_wq; k=0 excluded only for wq,directional_extrapolation,all_shooting,20,median across registered fold/seed NMAE values,0.2692825090943205,PASS
artifacts/traditional_baselines/traditional_vs_ml_summary.csv,method=MLP; feature_set=photon_geometry; target=k; k=0 excluded only for wq,directional_extrapolation,photon_geometry,20,median across registered fold/seed NMAE values,0.2696006189282035,PASS
artifacts/traditional_baselines/traditional_vs_ml_summary.csv,method=MLP; feature_set=photon_geometry; target=identifiable_wq; k=0 excluded only for wq,directional_extrapolation,photon_geometry,20,median across registered fold/seed NMAE values,0.2917863214759345,PASS
artifacts/traditional_baselines/traditional_vs_ml_summary.csv,method=MLP; feature_set=ringdown; target=k; k=0 excluded only for wq,directional_extrapolation,ringdown,20,median across registered fold/seed NMAE values,0.0512823709304579,PASS
artifacts/traditional_baselines/traditional_vs_ml_summary.csv,method=MLP; feature_set=ringdown; target=identifiable_wq; k=0 excluded only for wq,directional_extrapolation,ringdown,20,median across registered fold/seed NMAE values,0.1839006186101663,PASS
artifacts/traditional_baselines/traditional_vs_ml_summary.csv,method=MLP; feature_set=ringdown_plus_all_shooting; target=k; k=0 excluded only for wq,directional_extrapolation,ringdown_plus_all_shooting,20,median across registered fold/seed NMAE values,0.1178273442094607,PASS
artifacts/traditional_baselines/traditional_vs_ml_summary.csv,method=MLP; feature_set=ringdown_plus_all_shooting; target=identifiable_wq; k=0 excluded only for wq,directional_extrapolation,ringdown_plus_all_shooting,20,median across registered fold/seed NMAE values,0.2384869721471434,PASS
artifacts/traditional_baselines/traditional_vs_ml_summary.csv,method=MLP; feature_set=ringdown_plus_photon_geometry; target=k; k=0 excluded only for wq,directional_extrapolation,ringdown_plus_photon_geometry,20,median across registered fold/seed NMAE values,0.0966463766806442,PASS
artifacts/traditional_baselines/traditional_vs_ml_summary.csv,method=MLP; feature_set=ringdown_plus_photon_geometry; target=identifiable_wq; k=0 excluded only for wq,directional_extrapolation,ringdown_plus_photon_geometry,20,median across registered fold/seed NMAE values,0.1896016271970194,PASS
artifacts/traditional_baselines/traditional_vs_ml_summary.csv,method=MLP; feature_set=all_shooting; target=k; k=0 excluded only for wq,grouped_physical_interpolation,all_shooting,90,median across registered fold/seed NMAE values,0.0680709513349134,PASS
artifacts/traditional_baselines/traditional_vs_ml_summary.csv,method=MLP; feature_set=all_shooting; target=identifiable_wq; k=0 excluded only for wq,grouped_physical_interpolation,all_shooting,90,median across registered fold/seed NMAE values,0.0983296929756329,PASS
artifacts/traditional_baselines/traditional_vs_ml_summary.csv,method=MLP; feature_set=photon_geometry; target=k; k=0 excluded only for wq,grouped_physical_interpolation,photon_geometry,90,median across registered fold/seed NMAE values,0.0752105832287619,PASS
artifacts/traditional_baselines/traditional_vs_ml_summary.csv,method=MLP; feature_set=photon_geometry; target=identifiable_wq; k=0 excluded only for wq,grouped_physical_interpolation,photon_geometry,90,median across registered fold/seed NMAE values,0.1036563598998301,PASS
artifacts/traditional_baselines/traditional_vs_ml_summary.csv,method=MLP; feature_set=ringdown; target=k; k=0 excluded only for wq,grouped_physical_interpolation,ringdown,90,median across registered fold/seed NMAE values,0.0253475169551665,PASS
artifacts/traditional_baselines/traditional_vs_ml_summary.csv,method=MLP; feature_set=ringdown; target=identifiable_wq; k=0 excluded only for wq,grouped_physical_interpolation,ringdown,90,median across registered fold/seed NMAE values,0.0728975978980645,PASS
artifacts/traditional_baselines/traditional_vs_ml_summary.csv,method=MLP; feature_set=ringdown_plus_all_shooting; target=k; k=0 excluded only for wq,grouped_physical_interpolation,ringdown_plus_all_shooting,90,median across registered fold/seed NMAE values,0.0372946603541348,PASS
artifacts/traditional_baselines/traditional_vs_ml_summary.csv,method=MLP; feature_set=ringdown_plus_all_shooting; target=identifiable_wq; k=0 excluded only for wq,grouped_physical_interpolation,ringdown_plus_all_shooting,90,median across registered fold/seed NMAE values,0.0827232734767754,PASS
artifacts/traditional_baselines/traditional_vs_ml_summary.csv,method=MLP; feature_set=ringdown_plus_photon_geometry; target=k; k=0 excluded only for wq,grouped_physical_interpolation,ringdown_plus_photon_geometry,90,median across registered fold/seed NMAE values,0.0343872685032601,PASS
artifacts/traditional_baselines/traditional_vs_ml_summary.csv,method=MLP; feature_set=ringdown_plus_photon_geometry; target=identifiable_wq; k=0 excluded only for wq,grouped_physical_interpolation,ringdown_plus_photon_geometry,90,median across registered fold/seed NMAE values,0.0737505742892194,PASS
artifacts/traditional_baselines/traditional_vs_ml_summary.csv,method=MLP; feature_set=all_shooting; target=k; k=0 excluded only for wq,random_interpolation,all_shooting,5,median across registered fold/seed NMAE values,0.0238380311480467,PASS
artifacts/traditional_baselines/traditional_vs_ml_summary.csv,method=MLP; feature_set=all_shooting; target=identifiable_wq; k=0 excluded only for wq,random_interpolation,all_shooting,5,median across registered fold/seed NMAE values,0.0652983978541262,PASS
artifacts/traditional_baselines/traditional_vs_ml_summary.csv,method=MLP; feature_set=photon_geometry; target=k; k=0 excluded only for wq,random_interpolation,photon_geometry,5,median across registered fold/seed NMAE values,0.0254059366670984,PASS
artifacts/traditional_baselines/traditional_vs_ml_summary.csv,method=MLP; feature_set=photon_geometry; target=identifiable_wq; k=0 excluded only for wq,random_interpolation,photon_geometry,5,median across registered fold/seed NMAE values,0.0480550241899358,PASS
artifacts/traditional_baselines/traditional_vs_ml_summary.csv,method=MLP; feature_set=ringdown; target=k; k=0 excluded only for wq,random_interpolation,ringdown,5,median across registered fold/seed NMAE values,0.0256913456963187,PASS
artifacts/traditional_baselines/traditional_vs_ml_summary.csv,method=MLP; feature_set=ringdown; target=identifiable_wq; k=0 excluded only for wq,random_interpolation,ringdown,5,median across registered fold/seed NMAE values,0.0581181700687056,PASS
artifacts/traditional_baselines/traditional_vs_ml_summary.csv,method=MLP; feature_set=ringdown_plus_all_shooting; target=k; k=0 excluded only for wq,random_interpolation,ringdown_plus_all_shooting,5,median across registered fold/seed NMAE values,0.0418014844364117,PASS
artifacts/traditional_baselines/traditional_vs_ml_summary.csv,method=MLP; feature_set=ringdown_plus_all_shooting; target=identifiable_wq; k=0 excluded only for wq,random_interpolation,ringdown_plus_all_shooting,5,median across registered fold/seed NMAE values,0.0603340713031544,PASS
artifacts/traditional_baselines/traditional_vs_ml_summary.csv,method=MLP; feature_set=ringdown_plus_photon_geometry; target=k; k=0 excluded only for wq,random_interpolation,ringdown_plus_photon_geometry,5,median across registered fold/seed NMAE values,0.0205580609535946,PASS
artifacts/traditional_baselines/traditional_vs_ml_summary.csv,method=MLP; feature_set=ringdown_plus_photon_geometry; target=identifiable_wq; k=0 excluded only for wq,random_interpolation,ringdown_plus_photon_geometry,5,median across registered fold/seed NMAE values,0.038305742245012,PASS
artifacts/traditional_baselines/traditional_vs_ml_summary.csv,method=Nearest physical model; feature_set=all_shooting; target=k; k=0 excluded only for wq,directional_extrapolation,all_shooting,20,median across registered fold/seed NMAE values,0.1999999999999999,PASS
artifacts/traditional_baselines/traditional_vs_ml_summary.csv,method=Nearest physical model; feature_set=all_shooting; target=identifiable_wq; k=0 excluded only for wq,directional_extrapolation,all_shooting,20,median across registered fold/seed NMAE values,0.1918518518518517,PASS
artifacts/traditional_baselines/traditional_vs_ml_summary.csv,method=Nearest physical model; feature_set=photon_geometry; target=k; k=0 excluded only for wq,directional_extrapolation,photon_geometry,20,median across registered fold/seed NMAE values,0.2166666666666666,PASS
artifacts/traditional_baselines/traditional_vs_ml_summary.csv,method=Nearest physical model; feature_set=photon_geometry; target=identifiable_wq; k=0 excluded only for wq,directional_extrapolation,photon_geometry,20,median across registered fold/seed NMAE values,0.1937566137566136,PASS
artifacts/traditional_baselines/traditional_vs_ml_summary.csv,method=Nearest physical model; feature_set=ringdown; target=k; k=0 excluded only for wq,directional_extrapolation,ringdown,20,median across registered fold/seed NMAE values,0.1287878787878787,PASS
artifacts/traditional_baselines/traditional_vs_ml_summary.csv,method=Nearest physical model; feature_set=ringdown; target=identifiable_wq; k=0 excluded only for wq,directional_extrapolation,ringdown,20,median across registered fold/seed NMAE values,0.2541606541606542,PASS
artifacts/traditional_baselines/traditional_vs_ml_summary.csv,method=Nearest physical model; feature_set=ringdown_plus_all_shooting; target=k; k=0 excluded only for wq,directional_extrapolation,ringdown_plus_all_shooting,20,median across registered fold/seed NMAE values,0.1999999999999999,PASS
artifacts/traditional_baselines/traditional_vs_ml_summary.csv,method=Nearest physical model; feature_set=ringdown_plus_all_shooting; target=identifiable_wq; k=0 excluded only for wq,directional_extrapolation,ringdown_plus_all_shooting,20,median across registered fold/seed NMAE values,0.1934391534391533,PASS
artifacts/traditional_baselines/traditional_vs_ml_summary.csv,method=Nearest physical model; feature_set=ringdown_plus_photon_geometry; target=k; k=0 excluded only for wq,directional_extrapolation,ringdown_plus_photon_geometry,20,median across registered fold/seed NMAE values,0.1999999999999999,PASS
artifacts/traditional_baselines/traditional_vs_ml_summary.csv,method=Nearest physical model; feature_set=ringdown_plus_photon_geometry; target=identifiable_wq; k=0 excluded only for wq,directional_extrapolation,ringdown_plus_photon_geometry,20,median across registered fold/seed NMAE values,0.1950264550264549,PASS
artifacts/traditional_baselines/traditional_vs_ml_summary.csv,method=Nearest physical model; feature_set=all_shooting; target=k; k=0 excluded only for wq,grouped_physical_interpolation,all_shooting,90,median across registered fold/seed NMAE values,0.1604166666666666,PASS
artifacts/traditional_baselines/traditional_vs_ml_summary.csv,method=Nearest physical model; feature_set=all_shooting; target=identifiable_wq; k=0 excluded only for wq,grouped_physical_interpolation,all_shooting,90,median across registered fold/seed NMAE values,0.1226190476190476,PASS
artifacts/traditional_baselines/traditional_vs_ml_summary.csv,method=Nearest physical model; feature_set=photon_geometry; target=k; k=0 excluded only for wq,grouped_physical_interpolation,photon_geometry,90,median across registered fold/seed NMAE values,0.2104166666666667,PASS
artifacts/traditional_baselines/traditional_vs_ml_summary.csv,method=Nearest physical model; feature_set=photon_geometry; target=identifiable_wq; k=0 excluded only for wq,grouped_physical_interpolation,photon_geometry,90,median across registered fold/seed NMAE values,0.123015873015873,PASS
artifacts/traditional_baselines/traditional_vs_ml_summary.csv,method=Nearest physical model; feature_set=ringdown; target=k; k=0 excluded only for wq,grouped_physical_interpolation,ringdown,90,median across registered fold/seed NMAE values,0.05625,PASS
artifacts/traditional_baselines/traditional_vs_ml_summary.csv,method=Nearest physical model; feature_set=ringdown; target=identifiable_wq; k=0 excluded only for wq,grouped_physical_interpolation,ringdown,90,median across registered fold/seed NMAE values,0.2208333333333334,PASS
artifacts/traditional_baselines/traditional_vs_ml_summary.csv,method=Nearest physical model; feature_set=ringdown_plus_all_shooting; target=k; k=0 excluded only for wq,grouped_physical_interpolation,ringdown_plus_all_shooting,90,median across registered fold/seed NMAE values,0.11875,PASS
artifacts/traditional_baselines/traditional_vs_ml_summary.csv,method=Nearest physical model; feature_set=ringdown_plus_all_shooting; target=identifiable_wq; k=0 excluded only for wq,grouped_physical_interpolation,ringdown_plus_all_shooting,90,median across registered fold/seed NMAE values,0.1314814814814815,PASS
artifacts/traditional_baselines/traditional_vs_ml_summary.csv,method=Nearest physical model; feature_set=ringdown_plus_photon_geometry; target=k; k=0 excluded only for wq,grouped_physical_interpolation,ringdown_plus_photon_geometry,90,median across registered fold/seed NMAE values,0.10625,PASS
artifacts/traditional_baselines/traditional_vs_ml_summary.csv,method=Nearest physical model; feature_set=ringdown_plus_photon_geometry; target=identifiable_wq; k=0 excluded only for wq,grouped_physical_interpolation,ringdown_plus_photon_geometry,90,median across registered fold/seed NMAE values,0.1481481481481482,PASS
artifacts/traditional_baselines/traditional_vs_ml_summary.csv,method=Nearest physical model; feature_set=all_shooting; target=k; k=0 excluded only for wq,random_interpolation,all_shooting,5,median across registered fold/seed NMAE values,0.1166666666666666,PASS
artifacts/traditional_baselines/traditional_vs_ml_summary.csv,method=Nearest physical model; feature_set=all_shooting; target=identifiable_wq; k=0 excluded only for wq,random_interpolation,all_shooting,5,median across registered fold/seed NMAE values,0.088023088023088,PASS
artifacts/traditional_baselines/traditional_vs_ml_summary.csv,method=Nearest physical model; feature_set=photon_geometry; target=k; k=0 excluded only for wq,random_interpolation,photon_geometry,5,median across registered fold/seed NMAE values,0.1541666666666666,PASS
artifacts/traditional_baselines/traditional_vs_ml_summary.csv,method=Nearest physical model; feature_set=photon_geometry; target=identifiable_wq; k=0 excluded only for wq,random_interpolation,photon_geometry,5,median across registered fold/seed NMAE values,0.1137336093857833,PASS
artifacts/traditional_baselines/traditional_vs_ml_summary.csv,method=Nearest physical model; feature_set=ringdown; target=k; k=0 excluded only for wq,random_interpolation,ringdown,5,median across registered fold/seed NMAE values,0.025,PASS
artifacts/traditional_baselines/traditional_vs_ml_summary.csv,method=Nearest physical model; feature_set=ringdown; target=identifiable_wq; k=0 excluded only for wq,random_interpolation,ringdown,5,median across registered fold/seed NMAE values,0.1238095238095238,PASS
artifacts/traditional_baselines/traditional_vs_ml_summary.csv,method=Nearest physical model; feature_set=ringdown_plus_all_shooting; target=k; k=0 excluded only for wq,random_interpolation,ringdown_plus_all_shooting,5,median across registered fold/seed NMAE values,0.0791666666666666,PASS
artifacts/traditional_baselines/traditional_vs_ml_summary.csv,method=Nearest physical model; feature_set=ringdown_plus_all_shooting; target=identifiable_wq; k=0 excluded only for wq,random_interpolation,ringdown_plus_all_shooting,5,median across registered fold/seed NMAE values,0.0835058661145617,PASS
artifacts/traditional_baselines/traditional_vs_ml_summary.csv,method=Nearest physical model; feature_set=ringdown_plus_photon_geometry; target=k; k=0 excluded only for wq,random_interpolation,ringdown_plus_photon_geometry,5,median across registered fold/seed NMAE values,0.0666666666666666,PASS
artifacts/traditional_baselines/traditional_vs_ml_summary.csv,method=Nearest physical model; feature_set=ringdown_plus_photon_geometry; target=identifiable_wq; k=0 excluded only for wq,random_interpolation,ringdown_plus_photon_geometry,5,median across registered fold/seed NMAE values,0.0865800865800865,PASS
artifacts/traditional_baselines/traditional_vs_ml_summary.csv,method=RF; feature_set=all_shooting; target=k; k=0 excluded only for wq,directional_extrapolation,all_shooting,20,median across registered fold/seed NMAE values,0.2263896947959449,PASS
artifacts/traditional_baselines/traditional_vs_ml_summary.csv,method=RF; feature_set=all_shooting; target=identifiable_wq; k=0 excluded only for wq,directional_extrapolation,all_shooting,20,median across registered fold/seed NMAE values,0.2000045666414689,PASS
artifacts/traditional_baselines/traditional_vs_ml_summary.csv,method=RF; feature_set=photon_geometry; target=k; k=0 excluded only for wq,directional_extrapolation,photon_geometry,20,median across registered fold/seed NMAE values,0.2462095542294405,PASS
artifacts/traditional_baselines/traditional_vs_ml_summary.csv,method=RF; feature_set=photon_geometry; target=identifiable_wq; k=0 excluded only for wq,directional_extrapolation,photon_geometry,20,median across registered fold/seed NMAE values,0.2027156663956261,PASS
artifacts/traditional_baselines/traditional_vs_ml_summary.csv,method=RF; feature_set=ringdown; target=k; k=0 excluded only for wq,directional_extrapolation,ringdown,20,median across registered fold/seed NMAE values,0.1373105759980759,PASS
artifacts/traditional_baselines/traditional_vs_ml_summary.csv,method=RF; feature_set=ringdown; target=identifiable_wq; k=0 excluded only for wq,directional_extrapolation,ringdown,20,median across registered fold/seed NMAE values,0.3515967680247444,PASS
artifacts/traditional_baselines/traditional_vs_ml_summary.csv,method=RF; feature_set=ringdown_plus_all_shooting; target=k; k=0 excluded only for wq,directional_extrapolation,ringdown_plus_all_shooting,20,median across registered fold/seed NMAE values,0.1507678872053872,PASS
artifacts/traditional_baselines/traditional_vs_ml_summary.csv,method=RF; feature_set=ringdown_plus_all_shooting; target=identifiable_wq; k=0 excluded only for wq,directional_extrapolation,ringdown_plus_all_shooting,20,median across registered fold/seed NMAE values,0.2000614638447956,PASS
artifacts/traditional_baselines/traditional_vs_ml_summary.csv,method=RF; feature_set=ringdown_plus_photon_geometry; target=k; k=0 excluded only for wq,directional_extrapolation,ringdown_plus_photon_geometry,20,median across registered fold/seed NMAE values,0.1417914562289562,PASS
artifacts/traditional_baselines/traditional_vs_ml_summary.csv,method=RF; feature_set=ringdown_plus_photon_geometry; target=identifiable_wq; k=0 excluded only for wq,directional_extrapolation,ringdown_plus_photon_geometry,20,median across registered fold/seed NMAE values,0.203280753109324,PASS
artifacts/traditional_baselines/traditional_vs_ml_summary.csv,method=RF; feature_set=all_shooting; target=k; k=0 excluded only for wq,grouped_physical_interpolation,all_shooting,90,median across registered fold/seed NMAE values,0.1235602659782348,PASS
artifacts/traditional_baselines/traditional_vs_ml_summary.csv,method=RF; feature_set=all_shooting; target=identifiable_wq; k=0 excluded only for wq,grouped_physical_interpolation,all_shooting,90,median across registered fold/seed NMAE values,0.0693107940707141,PASS
artifacts/traditional_baselines/traditional_vs_ml_summary.csv,method=RF; feature_set=photon_geometry; target=k; k=0 excluded only for wq,grouped_physical_interpolation,photon_geometry,90,median across registered fold/seed NMAE values,0.1855605895372669,PASS
artifacts/traditional_baselines/traditional_vs_ml_summary.csv,method=RF; feature_set=photon_geometry; target=identifiable_wq; k=0 excluded only for wq,grouped_physical_interpolation,photon_geometry,90,median across registered fold/seed NMAE values,0.1143909307550169,PASS
artifacts/traditional_baselines/traditional_vs_ml_summary.csv,method=RF; feature_set=ringdown; target=k; k=0 excluded only for wq,grouped_physical_interpolation,ringdown,90,median across registered fold/seed NMAE values,0.048473968667328,PASS
artifacts/traditional_baselines/traditional_vs_ml_summary.csv,method=RF; feature_set=ringdown; target=identifiable_wq; k=0 excluded only for wq,grouped_physical_interpolation,ringdown,90,median across registered fold/seed NMAE values,0.3092754095184649,PASS
artifacts/traditional_baselines/traditional_vs_ml_summary.csv,method=RF; feature_set=ringdown_plus_all_shooting; target=k; k=0 excluded only for wq,grouped_physical_interpolation,ringdown_plus_all_shooting,90,median across registered fold/seed NMAE values,0.0445781663359789,PASS
artifacts/traditional_baselines/traditional_vs_ml_summary.csv,method=RF; feature_set=ringdown_plus_all_shooting; target=identifiable_wq; k=0 excluded only for wq,grouped_physical_interpolation,ringdown_plus_all_shooting,90,median across registered fold/seed NMAE values,0.0688828026581001,PASS
artifacts/traditional_baselines/traditional_vs_ml_summary.csv,method=RF; feature_set=ringdown_plus_photon_geometry; target=k; k=0 excluded only for wq,grouped_physical_interpolation,ringdown_plus_photon_geometry,90,median across registered fold/seed NMAE values,0.0457258184523808,PASS
artifacts/traditional_baselines/traditional_vs_ml_summary.csv,method=RF; feature_set=ringdown_plus_photon_geometry; target=identifiable_wq; k=0 excluded only for wq,grouped_physical_interpolation,ringdown_plus_photon_geometry,90,median across registered fold/seed NMAE values,0.1113168711432592,PASS
artifacts/traditional_baselines/traditional_vs_ml_summary.csv,method=RF; feature_set=all_shooting; target=k; k=0 excluded only for wq,random_interpolation,all_shooting,5,median across registered fold/seed NMAE values,0.074779783199054,PASS
artifacts/traditional_baselines/traditional_vs_ml_summary.csv,method=RF; feature_set=all_shooting; target=identifiable_wq; k=0 excluded only for wq,random_interpolation,all_shooting,5,median across registered fold/seed NMAE values,0.0437469377430605,PASS
artifacts/traditional_baselines/traditional_vs_ml_summary.csv,method=RF; feature_set=photon_geometry; target=k; k=0 excluded only for wq,random_interpolation,photon_geometry,5,median across registered fold/seed NMAE values,0.1065227911556037,PASS
artifacts/traditional_baselines/traditional_vs_ml_summary.csv,method=RF; feature_set=photon_geometry; target=identifiable_wq; k=0 excluded only for wq,random_interpolation,photon_geometry,5,median across registered fold/seed NMAE values,0.088658645954281,PASS
artifacts/traditional_baselines/traditional_vs_ml_summary.csv,method=RF; feature_set=ringdown; target=k; k=0 excluded only for wq,random_interpolation,ringdown,5,median across registered fold/seed NMAE values,0.0360880456349207,PASS
artifacts/traditional_baselines/traditional_vs_ml_summary.csv,method=RF; feature_set=ringdown; target=identifiable_wq; k=0 excluded only for wq,random_interpolation,ringdown,5,median across registered fold/seed NMAE values,0.1687453832048382,PASS
artifacts/traditional_baselines/traditional_vs_ml_summary.csv,method=RF; feature_set=ringdown_plus_all_shooting; target=k; k=0 excluded only for wq,random_interpolation,ringdown_plus_all_shooting,5,median across registered fold/seed NMAE values,0.0374558531746032,PASS
artifacts/traditional_baselines/traditional_vs_ml_summary.csv,method=RF; feature_set=ringdown_plus_all_shooting; target=identifiable_wq; k=0 excluded only for wq,random_interpolation,ringdown_plus_all_shooting,5,median across registered fold/seed NMAE values,0.0447518285653214,PASS
artifacts/traditional_baselines/traditional_vs_ml_summary.csv,method=RF; feature_set=ringdown_plus_photon_geometry; target=k; k=0 excluded only for wq,random_interpolation,ringdown_plus_photon_geometry,5,median across registered fold/seed NMAE values,0.037802166005291,PASS
artifacts/traditional_baselines/traditional_vs_ml_summary.csv,method=RF; feature_set=ringdown_plus_photon_geometry; target=identifiable_wq; k=0 excluded only for wq,random_interpolation,ringdown_plus_photon_geometry,5,median across registered fold/seed NMAE values,0.0843580953144447,PASS
