method,protocol,feature_set,k_NMAE,identifiable_wq_NMAE,k_q25,k_q75,wq_q25,wq_q75,n
HGB,directional_extrapolation,all_shooting,0.25063238851191294,0.19015921151903376,0.1968190280156323,0.2651672964491121,0.12001309093664256,0.23333724178144266,20
HGB,directional_extrapolation,photon_geometry,0.2570268459081533,0.2183507172864136,0.21890500528810372,0.3097037751635018,0.16923411278216413,0.25283225066591847,20
HGB,directional_extrapolation,ringdown,0.1714089285892485,0.35020830272393044,0.07666644862467026,0.27266686610588,0.3009453125895845,0.4553803869144294,20
HGB,directional_extrapolation,ringdown_plus_all_shooting,0.15883017140508304,0.19041238261291585,0.07350108441525693,0.25005244338768595,0.11965186037989906,0.2327729584421848,20
HGB,directional_extrapolation,ringdown_plus_photon_geometry,0.18033628518551204,0.21463885324652637,0.08685389137050957,0.2730086195983509,0.15766431502296308,0.24862768082776046,20
HGB,grouped_physical_interpolation,all_shooting,0.1377935574705104,0.07163328634942781,0.062884820441763,0.22145809023954366,0.0512177129176067,0.0904931592524174,90
HGB,grouped_physical_interpolation,photon_geometry,0.18144192776257934,0.11123643527892925,0.09804815995363166,0.26013566894293166,0.07383048064684952,0.1512313827880663,90
HGB,grouped_physical_interpolation,ringdown,0.07393974958096661,0.3145413718853994,0.05115885960445555,0.08989482031505411,0.1763680324889244,0.4190856716220415,90
HGB,grouped_physical_interpolation,ringdown_plus_all_shooting,0.050404322636633594,0.07340513157610601,0.031046469315605674,0.08887632995604662,0.0515955655643248,0.09082580526052347,90
HGB,grouped_physical_interpolation,ringdown_plus_photon_geometry,0.052977732176324996,0.0865216633607987,0.0409754001247897,0.0904537618673941,0.06319601015976738,0.13829087935316373,90
HGB,random_interpolation,all_shooting,0.0915423840558884,0.045910942991689,0.0746323767458101,0.0957783661004739,0.0433058813666667,0.0588810608108839,5
HGB,random_interpolation,photon_geometry,0.1256434832959583,0.0966145963872555,0.1091215544499849,0.14032040887635,0.0799196988276778,0.10265708112302,5
HGB,random_interpolation,ringdown,0.0521669459472283,0.1952284127984838,0.0417168975496583,0.0626672133490116,0.1688062827460505,0.2123975301098613,5
HGB,random_interpolation,ringdown_plus_all_shooting,0.0511089784182559,0.0453628679438577,0.0430645818526738,0.0613273213076083,0.0418842405386127,0.059980955862321,5
HGB,random_interpolation,ringdown_plus_photon_geometry,0.0560087389402604,0.0739711397928914,0.0402548010082323,0.0575711292369262,0.0610878254292475,0.0836141394456889,5
Jacobian local inverse,directional_extrapolation,all_shooting,0.09977863782067053,0.12932601467623916,0.06158597365320301,9.04747248432894,0.07881384714598874,5.721483927241418,20
Jacobian local inverse,directional_extrapolation,photon_geometry,0.21742214424087913,0.16452976366086797,0.08486029444895574,1.194617506114846,0.07936392592944966,0.6500329226614192,20
Jacobian local inverse,directional_extrapolation,ringdown,0.019827958361390643,0.06535801033889035,0.013398033808842774,0.025130162479407987,0.05515935268632817,0.11211486646831333,20
Jacobian local inverse,directional_extrapolation,ringdown_plus_all_shooting,0.06235304973077896,0.12281520089907313,0.02831576004301713,7.722276432925429,0.0953671958668929,4.774337283530169,20
Jacobian local inverse,directional_extrapolation,ringdown_plus_photon_geometry,0.06605037325728132,0.11719593286111318,0.02292598856064896,0.5774648298503408,0.10206515301694927,0.22697123840291877,20
Jacobian local inverse,grouped_physical_interpolation,all_shooting,0.04026668617676546,0.04089164244134383,0.02615570920751571,0.0643975880070975,0.02642499774101715,0.07776463037712507,90
Jacobian local inverse,grouped_physical_interpolation,photon_geometry,0.05857610500054635,0.043485325285673615,0.04246070180995411,0.08578805308987768,0.02716364904121299,0.08788658872292841,90
Jacobian local inverse,grouped_physical_interpolation,ringdown,0.013788611142893491,0.04585575648803078,0.004904595360216801,0.021274553109583833,0.02887464108826031,0.07155487584831326,90
Jacobian local inverse,grouped_physical_interpolation,ringdown_plus_all_shooting,0.02190979955082941,0.03806763493169749,0.011492302071828126,0.039014054564900855,0.029537305800587055,0.06958909908403618,90
Jacobian local inverse,grouped_physical_interpolation,ringdown_plus_photon_geometry,0.018371812675599355,0.04542473304756299,0.008771260708170883,0.03114507496124718,0.03350143445554356,0.06636395282331187,90
Jacobian local inverse,random_interpolation,all_shooting,0.03687147575054009,0.02551629221531152,0.03037119396248783,0.04005353046824541,0.024368725172310434,0.02836429809106893,5
Jacobian local inverse,random_interpolation,photon_geometry,0.05302627616233422,0.03297666857089731,0.04859261166046656,0.05515546983058378,0.03271707887641031,0.03765360468095893,5
Jacobian local inverse,random_interpolation,ringdown,0.004267796456737847,0.01751207319691745,0.004174452156757026,0.005042651722882406,0.016197285879603444,0.02160863681115409,5
Jacobian local inverse,random_interpolation,ringdown_plus_all_shooting,0.01809857091342076,0.023824256401795026,0.01763471186460646,0.023847665359838167,0.020940669308230703,0.02482011228482677,5
Jacobian local inverse,random_interpolation,ringdown_plus_photon_geometry,0.014722808353513021,0.025902689082500326,0.012520387151058694,0.01587546200592829,0.024033964182094986,0.02644089004021177,5
MLP,directional_extrapolation,all_shooting,0.2070352890263403,0.2692825090943205,0.10343339627916927,2.20989192064474,0.17985022534396142,0.7600704114295498,20
MLP,directional_extrapolation,photon_geometry,0.2696006189282035,0.29178632147593453,0.13400150498733088,0.4454642597368813,0.1830320420959601,0.433713983846958,20
MLP,directional_extrapolation,ringdown,0.051282370930457996,0.18390061861016638,0.03698722839134683,0.0726613948865884,0.10253422012035107,0.28630746380971445,20
MLP,directional_extrapolation,ringdown_plus_all_shooting,0.11782734420946075,0.2384869721471434,0.06808045331731892,0.4701307977827489,0.16685349929547133,2.434398147803802,20
MLP,directional_extrapolation,ringdown_plus_photon_geometry,0.09664637668064426,0.1896016271970194,0.0517082446976503,0.2811377822907899,0.1471624996989605,0.4529121317164322,20
MLP,grouped_physical_interpolation,all_shooting,0.0680709513349134,0.09832969297563296,0.0245048672544893,0.16016918163772012,0.04258550072251705,0.23069483265121563,90
MLP,grouped_physical_interpolation,photon_geometry,0.0752105832287619,0.1036563598998301,0.03574508700689422,0.14631817357982202,0.047568448799095525,0.25734779360971893,90
MLP,grouped_physical_interpolation,ringdown,0.02534751695516655,0.0728975978980645,0.011896842847774975,0.04893039686003675,0.04182998989787948,0.1546464628715028,90
MLP,grouped_physical_interpolation,ringdown_plus_all_shooting,0.037294660354134895,0.08272327347677545,0.016408783017105275,0.0723210680822435,0.046330409133334374,0.21080474994248707,90
MLP,grouped_physical_interpolation,ringdown_plus_photon_geometry,0.034387268503260196,0.07375057428921941,0.014879175152242876,0.07250856553035209,0.041857672383400754,0.21109312755830784,90
MLP,random_interpolation,all_shooting,0.0238380311480467,0.0652983978541262,0.0193097841881258,0.0474395811637436,0.0305932313449316,0.0690597879857421,5
MLP,random_interpolation,photon_geometry,0.0254059366670984,0.0480550241899358,0.0219095018789716,0.2731531186098272,0.0434503280149887,0.1619322549463844,5
MLP,random_interpolation,ringdown,0.0256913456963187,0.0581181700687056,0.0246209484643664,0.0515007143209182,0.0331356461360026,0.0666223512219335,5
MLP,random_interpolation,ringdown_plus_all_shooting,0.0418014844364117,0.0603340713031544,0.014299824781885,0.0628955928695112,0.0601193119942843,0.089391252647941,5
MLP,random_interpolation,ringdown_plus_photon_geometry,0.0205580609535946,0.038305742245012,0.017150289993864,0.0213109454597815,0.0321283308840423,0.0419618774468501,5
Nearest physical model,directional_extrapolation,all_shooting,0.19999999999999998,0.19185185185185177,0.19621212121212123,0.22272727272727272,0.15966810966810965,0.2046176046176046,20
Nearest physical model,directional_extrapolation,photon_geometry,0.21666666666666667,0.19375661375661368,0.20606060606060608,0.24621212121212122,0.1463203463203463,0.20507936507936494,20
Nearest physical model,directional_extrapolation,ringdown,0.12878787878787876,0.2541606541606542,0.04545454545454547,0.19999999999999996,0.23079365079365066,0.30274170274170276,20
Nearest physical model,directional_extrapolation,ringdown_plus_all_shooting,0.19999999999999998,0.19343915343915336,0.16590909090909092,0.20833333333333331,0.16392496392496375,0.21619047619047624,20
Nearest physical model,directional_extrapolation,ringdown_plus_photon_geometry,0.19999999999999998,0.19502645502645496,0.14924242424242423,0.2068181818181818,0.16464646464646449,0.22743145743145746,20
Nearest physical model,grouped_physical_interpolation,all_shooting,0.16041666666666668,0.1226190476190476,0.07777777777777778,0.21822916666666664,0.10396825396825397,0.16931216931216939,90
Nearest physical model,grouped_physical_interpolation,photon_geometry,0.2104166666666667,0.12301587301587301,0.1125,0.24999999999999997,0.10952380952380947,0.19298941798941796,90
Nearest physical model,grouped_physical_interpolation,ringdown,0.056250000000000015,0.2208333333333334,0.00625,0.06875,0.19345238095238088,0.24735449735449738,90
Nearest physical model,grouped_physical_interpolation,ringdown_plus_all_shooting,0.11875000000000001,0.1314814814814815,0.06666666666666668,0.1875,0.09980158730158734,0.1620039682539683,90
Nearest physical model,grouped_physical_interpolation,ringdown_plus_photon_geometry,0.10625000000000001,0.1481481481481482,0.06666666666666668,0.16249999999999998,0.09973544973544973,0.17738095238095244,90
Nearest physical model,random_interpolation,all_shooting,0.11666666666666665,0.088023088023088,0.1125,0.11666666666666665,0.08709454796411321,0.10310559006211185,5
Nearest physical model,random_interpolation,photon_geometry,0.15416666666666667,0.1137336093857833,0.15416666666666665,0.17499999999999996,0.10735930735930733,0.11976911976911976,5
Nearest physical model,random_interpolation,ringdown,0.025000000000000012,0.1238095238095238,0.012500000000000002,0.029166666666666674,0.11911663216011042,0.1352092352092351,5
Nearest physical model,random_interpolation,ringdown_plus_all_shooting,0.07916666666666668,0.08350586611456179,0.07083333333333335,0.08750000000000002,0.08225108225108226,0.08626639061421672,5
Nearest physical model,random_interpolation,ringdown_plus_photon_geometry,0.06666666666666668,0.08658008658008659,0.05833333333333334,0.07083333333333333,0.0761904761904762,0.09123533471359563,5
RF,directional_extrapolation,all_shooting,0.22638969479594495,0.20000456664146893,0.21175654611592104,0.25723241843033484,0.09967756041234875,0.20395255751009536,20
RF,directional_extrapolation,photon_geometry,0.2462095542294405,0.2027156663956261,0.21733849065146407,0.26761732394639587,0.15624981127411683,0.2345124209148668,20
RF,directional_extrapolation,ringdown,0.13731057599807595,0.3515967680247444,0.05814156445406427,0.2007844065656565,0.325197313022616,0.36454392054781815,20
RF,directional_extrapolation,ringdown_plus_all_shooting,0.1507678872053872,0.20006146384479562,0.07311265181577663,0.2019065656565656,0.09644632664335623,0.20346575797071648,20
RF,directional_extrapolation,ringdown_plus_photon_geometry,0.1417914562289562,0.203280753109324,0.0638129434223182,0.20156355218855215,0.15312253091046962,0.22960727850436707,20
RF,grouped_physical_interpolation,all_shooting,0.1235602659782348,0.06931079407071415,0.08283774250440923,0.1946522197420634,0.05144633742947265,0.1052137249447099,90
RF,grouped_physical_interpolation,photon_geometry,0.1855605895372669,0.11439093075501695,0.132886812518757,0.2665272018924361,0.0697767310370655,0.20817250225707565,90
RF,grouped_physical_interpolation,ringdown,0.048473968667328046,0.3092754095184649,0.016869774130190827,0.06468646660052896,0.2246125933012095,0.401950467228245,90
RF,grouped_physical_interpolation,ringdown_plus_all_shooting,0.0445781663359789,0.0688828026581001,0.02546166087962965,0.06284968171296293,0.05187175807823145,0.10459234457671933,90
RF,grouped_physical_interpolation,ringdown_plus_photon_geometry,0.04572581845238085,0.1113168711432592,0.027455150462962798,0.06618373842592595,0.07162180209836462,0.20519280872071033,90
RF,random_interpolation,all_shooting,0.074779783199054,0.0437469377430605,0.062945357593795,0.07621413414903,0.0431372741015605,0.0468747198536713,5
RF,random_interpolation,photon_geometry,0.1065227911556037,0.088658645954281,0.102444234392151,0.1337314794183667,0.0749761822603437,0.098649878969151,5
RF,random_interpolation,ringdown,0.0360880456349207,0.1687453832048382,0.0232481286075036,0.0377048748897707,0.1561359141299619,0.1726807934529798,5
RF,random_interpolation,ringdown_plus_all_shooting,0.0374558531746032,0.0447518285653214,0.0289505095598845,0.0374633349867725,0.0427872317277086,0.0470312464801772,5
RF,random_interpolation,ringdown_plus_photon_geometry,0.037802166005291,0.0843580953144447,0.0282033204064454,0.0393255621693122,0.071926329871723,0.0914369630389651,5
