reviewer/source,concern,status,exact manuscript location,revision step,rationale
Original reviewer,Exact k=0 non-identifiability control,fully addressed,Sections 1-2 and Appendix D,Step 1,Analytic chain from metric independence to zero w_q Jacobian column and exact rank loss is explicit.
Original reviewer,Numerical convergence threshold was unclear,fully addressed,Section 7 and Appendix G.1,Step 2,Predeclared feature and estimator thresholds plus unresolved semantics are stated.
Original reviewer,Figure 5/statistics relationship,fully addressed,Figure 5 caption and machine-readable aggregation audit,prior figure audit plus Step 7,Central plotted statistic and lower-level IQR are distinguished explicitly.
Original reviewer,Targeted 321-phase audit covers only 35 points,acknowledged limitation,Section 7; Limitations; Appendix G.1,Steps 2-3 and 8,Manuscript repeatedly states that the audit is selected and not uniform over 121 systems.
Original reviewer,Justification of targeted selection,fully addressed,Section 7 and Appendix G.1,Step 3,Deterministic pre-outcome union of stress rankings boundaries directions conditioning extremes and grouped blocks is documented.
Original reviewer,Jacobian scale dependence,fully addressed,Section 4; Discussion; Appendix G.2,Step 4,Three alternative normalizations and a family-count-balanced stress test are reported without claiming invariant magnitudes.
Original reviewer,Excessive precision of Jacobian gains,fully addressed,Section 4 and Appendix E.4,Steps 4-5,Main text rounds headline factors and reports finite-grid bootstrap intervals; machine-readable precision remains archived.
Original reviewer,Uncertainty on conformal coverage,fully addressed,Section 6 and Appendix E.4,Step 5,Row-level IQR directional summaries unit denominators and Wilson diagnostics are reported without false pooling.
Original reviewer,Equivalent k=0 records,fully addressed,Sections 5-6; Appendix E.5; Limitations,Steps 6 and 8,Exact feature equality split crossing collapsed-equivalence sensitivity and confounding of multiplicity/label removal are explicit.
Original reviewer,Readability of central figures,fully addressed,Figures 3-9 and Step 7 figure/table audit,Step 7,All 17 figures and 9 tables were inspected at final scale; no regeneration was needed.
Original reviewer,Tail reporting,fully addressed,Sections 4 6 7; Appendix E.4 and I,Steps 5 and 7,Medians are paired with IQR bootstrap p95 maximum unresolved counts or model/protocol detail where tails matter.
Original reviewer,Repository/reproducibility gap,partially addressed,Data Availability; current-study README; Step 7 matrix,Step 7,Tracked tables reproduce headline aggregations but the 5520 serialized estimators lack a permanent public archive.
Original reviewer,Single spacetime family and one photon branch,acknowledged limitation,Section 3 and Limitations,Step 8,Study remains one static spherical Kiselev family with the direct branch; broader physical modeling is outside scope.
Original reviewer,Over-generalization risk,fully addressed,Introduction; Discussion; Conclusion,Steps 1 4 and 8,Claims are scoped to the controlled benchmark finite grid tested normalizations and methods.
Original reviewer,No comparison to structural-identifiability/profile-likelihood tools,intentionally not pursued,Introduction and Discussion,Step 8,Structural-identifiability literature is cited and local/nonlocal diagnostics are used; adding a new profile-likelihood experiment after review would be a distinct study.
Original reviewer,Frozen-estimator single-snapshot/model robustness concern,partially addressed,Section 7; Appendix I; Data Availability,Steps 2-3 and 7,Multiple frozen HGB RF and MLP estimators plus perturbation controls were audited but full estimator binaries are external and the study does not span all possible model classes.
Original reviewer,Desire for practitioner decision rules,intentionally not pursued,Section 7 and Discussion,Steps 2 and 8,Study exposes predeclared benchmark-specific criteria; universal thresholds would be scientifically unjustified across simulators scales and applications.
