protocol,direction,fold,seed,k0_train_records,k0_calibration_records,k0_test_records,k0_nominal_records,train_test_equivalence_crossing,train_calibration_equivalence_crossing,calibration_test_equivalence_crossing,collapsed_majority_role,registered_identity_key,physical_equivalence_key,nominal_wq_distinguishes_records,k0_train_nominal_wq,k0_calibration_nominal_wq,k0_test_nominal_wq,k0_registered_physical_group_ids,grouping_treatment
directional_extrapolation,high_k_to_low_k,high_k_to_low_k,2026,0,0,11,11,False,False,False,test,"nominal point_id=(k,wq)",schwarzschild_k0,True,,,-0.71250000;-0.69000000;-0.66666667;-0.64000000;-0.61000000;-0.58000000;-0.55000000;-0.52500000;-0.50000000;-0.47500000;-0.45000000,directional threshold membership,nominal wq threshold distinguishes rows for wq directions; k threshold groups all k0 rows
directional_extrapolation,high_k_to_low_k,high_k_to_low_k,2027,0,0,11,11,False,False,False,test,"nominal point_id=(k,wq)",schwarzschild_k0,True,,,-0.71250000;-0.69000000;-0.66666667;-0.64000000;-0.61000000;-0.58000000;-0.55000000;-0.52500000;-0.50000000;-0.47500000;-0.45000000,directional threshold membership,nominal wq threshold distinguishes rows for wq directions; k threshold groups all k0 rows
directional_extrapolation,high_k_to_low_k,high_k_to_low_k,2028,0,0,11,11,False,False,False,test,"nominal point_id=(k,wq)",schwarzschild_k0,True,,,-0.71250000;-0.69000000;-0.66666667;-0.64000000;-0.61000000;-0.58000000;-0.55000000;-0.52500000;-0.50000000;-0.47500000;-0.45000000,directional threshold membership,nominal wq threshold distinguishes rows for wq directions; k threshold groups all k0 rows
directional_extrapolation,high_k_to_low_k,high_k_to_low_k,2029,0,0,11,11,False,False,False,test,"nominal point_id=(k,wq)",schwarzschild_k0,True,,,-0.71250000;-0.69000000;-0.66666667;-0.64000000;-0.61000000;-0.58000000;-0.55000000;-0.52500000;-0.50000000;-0.47500000;-0.45000000,directional threshold membership,nominal wq threshold distinguishes rows for wq directions; k threshold groups all k0 rows
directional_extrapolation,high_k_to_low_k,high_k_to_low_k,2030,0,0,11,11,False,False,False,test,"nominal point_id=(k,wq)",schwarzschild_k0,True,,,-0.71250000;-0.69000000;-0.66666667;-0.64000000;-0.61000000;-0.58000000;-0.55000000;-0.52500000;-0.50000000;-0.47500000;-0.45000000,directional threshold membership,nominal wq threshold distinguishes rows for wq directions; k threshold groups all k0 rows
directional_extrapolation,high_wq_to_low_wq,high_wq_to_low_wq,2026,8,0,3,11,True,False,False,train,"nominal point_id=(k,wq)",schwarzschild_k0,True,-0.64000000;-0.61000000;-0.58000000;-0.55000000;-0.52500000;-0.50000000;-0.47500000;-0.45000000,,-0.71250000;-0.69000000;-0.66666667,directional threshold membership,nominal wq threshold distinguishes rows for wq directions; k threshold groups all k0 rows
directional_extrapolation,high_wq_to_low_wq,high_wq_to_low_wq,2027,5,3,3,11,True,True,True,train,"nominal point_id=(k,wq)",schwarzschild_k0,True,-0.58000000;-0.52500000;-0.50000000;-0.47500000;-0.45000000,-0.64000000;-0.61000000;-0.55000000,-0.71250000;-0.69000000;-0.66666667,directional threshold membership,nominal wq threshold distinguishes rows for wq directions; k threshold groups all k0 rows
directional_extrapolation,high_wq_to_low_wq,high_wq_to_low_wq,2028,8,0,3,11,True,False,False,train,"nominal point_id=(k,wq)",schwarzschild_k0,True,-0.64000000;-0.61000000;-0.58000000;-0.55000000;-0.52500000;-0.50000000;-0.47500000;-0.45000000,,-0.71250000;-0.69000000;-0.66666667,directional threshold membership,nominal wq threshold distinguishes rows for wq directions; k threshold groups all k0 rows
directional_extrapolation,high_wq_to_low_wq,high_wq_to_low_wq,2029,5,3,3,11,True,True,True,train,"nominal point_id=(k,wq)",schwarzschild_k0,True,-0.61000000;-0.58000000;-0.55000000;-0.50000000;-0.47500000,-0.64000000;-0.52500000;-0.45000000,-0.71250000;-0.69000000;-0.66666667,directional threshold membership,nominal wq threshold distinguishes rows for wq directions; k threshold groups all k0 rows
directional_extrapolation,high_wq_to_low_wq,high_wq_to_low_wq,2030,7,1,3,11,True,True,True,train,"nominal point_id=(k,wq)",schwarzschild_k0,True,-0.61000000;-0.58000000;-0.55000000;-0.52500000;-0.50000000;-0.47500000;-0.45000000,-0.64000000,-0.71250000;-0.69000000;-0.66666667,directional threshold membership,nominal wq threshold distinguishes rows for wq directions; k threshold groups all k0 rows
directional_extrapolation,low_k_to_high_k,low_k_to_high_k,2026,10,1,0,11,False,True,False,train,"nominal point_id=(k,wq)",schwarzschild_k0,True,-0.71250000;-0.69000000;-0.66666667;-0.64000000;-0.61000000;-0.58000000;-0.55000000;-0.52500000;-0.50000000;-0.47500000,-0.45000000,,directional threshold membership,nominal wq threshold distinguishes rows for wq directions; k threshold groups all k0 rows
directional_extrapolation,low_k_to_high_k,low_k_to_high_k,2027,7,4,0,11,False,True,False,train,"nominal point_id=(k,wq)",schwarzschild_k0,True,-0.66666667;-0.61000000;-0.58000000;-0.55000000;-0.52500000;-0.47500000;-0.45000000,-0.71250000;-0.69000000;-0.64000000;-0.50000000,,directional threshold membership,nominal wq threshold distinguishes rows for wq directions; k threshold groups all k0 rows
directional_extrapolation,low_k_to_high_k,low_k_to_high_k,2028,11,0,0,11,False,False,False,train,"nominal point_id=(k,wq)",schwarzschild_k0,True,-0.71250000;-0.69000000;-0.66666667;-0.64000000;-0.61000000;-0.58000000;-0.55000000;-0.52500000;-0.50000000;-0.47500000;-0.45000000,,,directional threshold membership,nominal wq threshold distinguishes rows for wq directions; k threshold groups all k0 rows
directional_extrapolation,low_k_to_high_k,low_k_to_high_k,2029,7,4,0,11,False,True,False,train,"nominal point_id=(k,wq)",schwarzschild_k0,True,-0.69000000;-0.66666667;-0.64000000;-0.58000000;-0.55000000;-0.50000000;-0.47500000,-0.71250000;-0.61000000;-0.52500000;-0.45000000,,directional threshold membership,nominal wq threshold distinguishes rows for wq directions; k threshold groups all k0 rows
directional_extrapolation,low_k_to_high_k,low_k_to_high_k,2030,8,3,0,11,False,True,False,train,"nominal point_id=(k,wq)",schwarzschild_k0,True,-0.69000000;-0.66666667;-0.64000000;-0.61000000;-0.58000000;-0.55000000;-0.52500000;-0.45000000,-0.71250000;-0.50000000;-0.47500000,,directional threshold membership,nominal wq threshold distinguishes rows for wq directions; k threshold groups all k0 rows
directional_extrapolation,low_wq_to_high_wq,low_wq_to_high_wq,2026,8,0,3,11,True,False,False,train,"nominal point_id=(k,wq)",schwarzschild_k0,True,-0.71250000;-0.69000000;-0.66666667;-0.64000000;-0.61000000;-0.58000000;-0.55000000;-0.52500000,,-0.50000000;-0.47500000;-0.45000000,directional threshold membership,nominal wq threshold distinguishes rows for wq directions; k threshold groups all k0 rows
directional_extrapolation,low_wq_to_high_wq,low_wq_to_high_wq,2027,5,3,3,11,True,True,True,train,"nominal point_id=(k,wq)",schwarzschild_k0,True,-0.66666667;-0.61000000;-0.58000000;-0.55000000;-0.52500000,-0.71250000;-0.69000000;-0.64000000,-0.50000000;-0.47500000;-0.45000000,directional threshold membership,nominal wq threshold distinguishes rows for wq directions; k threshold groups all k0 rows
directional_extrapolation,low_wq_to_high_wq,low_wq_to_high_wq,2028,8,0,3,11,True,False,False,train,"nominal point_id=(k,wq)",schwarzschild_k0,True,-0.71250000;-0.69000000;-0.66666667;-0.64000000;-0.61000000;-0.58000000;-0.55000000;-0.52500000,,-0.50000000;-0.47500000;-0.45000000,directional threshold membership,nominal wq threshold distinguishes rows for wq directions; k threshold groups all k0 rows
directional_extrapolation,low_wq_to_high_wq,low_wq_to_high_wq,2029,5,3,3,11,True,True,True,train,"nominal point_id=(k,wq)",schwarzschild_k0,True,-0.69000000;-0.66666667;-0.64000000;-0.58000000;-0.55000000,-0.71250000;-0.61000000;-0.52500000,-0.50000000;-0.47500000;-0.45000000,directional threshold membership,nominal wq threshold distinguishes rows for wq directions; k threshold groups all k0 rows
directional_extrapolation,low_wq_to_high_wq,low_wq_to_high_wq,2030,7,1,3,11,True,True,True,train,"nominal point_id=(k,wq)",schwarzschild_k0,True,-0.69000000;-0.66666667;-0.64000000;-0.61000000;-0.58000000;-0.55000000;-0.52500000,-0.71250000,-0.50000000;-0.47500000;-0.45000000,directional threshold membership,nominal wq threshold distinguishes rows for wq directions; k threshold groups all k0 rows
grouped_physical_interpolation,,blocks_3x3_g0,2026,7,0,4,11,True,False,False,train,"nominal point_id=(k,wq)",schwarzschild_k0,True,-0.61000000;-0.58000000;-0.55000000;-0.52500000;-0.50000000;-0.47500000;-0.45000000,,-0.71250000;-0.69000000;-0.66666667;-0.64000000,0;1;2,nominal wq block distinguishes equivalent k=0 rows
grouped_physical_interpolation,,blocks_3x3_g0,2027,6,1,4,11,True,True,True,train,"nominal point_id=(k,wq)",schwarzschild_k0,True,-0.61000000;-0.55000000;-0.52500000;-0.50000000;-0.47500000;-0.45000000,-0.58000000,-0.71250000;-0.69000000;-0.66666667;-0.64000000,0;1;2,nominal wq block distinguishes equivalent k=0 rows
grouped_physical_interpolation,,blocks_3x3_g0,2028,7,0,4,11,True,False,False,train,"nominal point_id=(k,wq)",schwarzschild_k0,True,-0.61000000;-0.58000000;-0.55000000;-0.52500000;-0.50000000;-0.47500000;-0.45000000,,-0.71250000;-0.69000000;-0.66666667;-0.64000000,0;1;2,nominal wq block distinguishes equivalent k=0 rows
grouped_physical_interpolation,,blocks_3x3_g0,2029,5,2,4,11,True,True,True,train,"nominal point_id=(k,wq)",schwarzschild_k0,True,-0.58000000;-0.55000000;-0.52500000;-0.47500000;-0.45000000,-0.61000000;-0.50000000,-0.71250000;-0.69000000;-0.66666667;-0.64000000,0;1;2,nominal wq block distinguishes equivalent k=0 rows
grouped_physical_interpolation,,blocks_3x3_g0,2030,7,0,4,11,True,False,False,train,"nominal point_id=(k,wq)",schwarzschild_k0,True,-0.61000000;-0.58000000;-0.55000000;-0.52500000;-0.50000000;-0.47500000;-0.45000000,,-0.71250000;-0.69000000;-0.66666667;-0.64000000,0;1;2,nominal wq block distinguishes equivalent k=0 rows
grouped_physical_interpolation,,blocks_3x3_g1,2026,5,2,4,11,True,True,True,train,"nominal point_id=(k,wq)",schwarzschild_k0,True,-0.71250000;-0.69000000;-0.64000000;-0.47500000;-0.45000000,-0.66666667;-0.50000000,-0.61000000;-0.58000000;-0.55000000;-0.52500000,0;1;2,nominal wq block distinguishes equivalent k=0 rows
grouped_physical_interpolation,,blocks_3x3_g1,2027,6,1,4,11,True,True,True,train,"nominal point_id=(k,wq)",schwarzschild_k0,True,-0.71250000;-0.66666667;-0.64000000;-0.50000000;-0.47500000;-0.45000000,-0.69000000,-0.61000000;-0.58000000;-0.55000000;-0.52500000,0;1;2,nominal wq block distinguishes equivalent k=0 rows
grouped_physical_interpolation,,blocks_3x3_g1,2028,5,2,4,11,True,True,True,train,"nominal point_id=(k,wq)",schwarzschild_k0,True,-0.69000000;-0.66666667;-0.64000000;-0.47500000;-0.45000000,-0.71250000;-0.50000000,-0.61000000;-0.58000000;-0.55000000;-0.52500000,0;1;2,nominal wq block distinguishes equivalent k=0 rows
grouped_physical_interpolation,,blocks_3x3_g1,2029,6,1,4,11,True,True,True,train,"nominal point_id=(k,wq)",schwarzschild_k0,True,-0.71250000;-0.69000000;-0.66666667;-0.64000000;-0.50000000;-0.45000000,-0.47500000,-0.61000000;-0.58000000;-0.55000000;-0.52500000,0;1;2,nominal wq block distinguishes equivalent k=0 rows
grouped_physical_interpolation,,blocks_3x3_g1,2030,4,3,4,11,True,True,True,train,"nominal point_id=(k,wq)",schwarzschild_k0,True,-0.71250000;-0.64000000;-0.47500000;-0.45000000,-0.69000000;-0.66666667;-0.50000000,-0.61000000;-0.58000000;-0.55000000;-0.52500000,0;1;2,nominal wq block distinguishes equivalent k=0 rows
grouped_physical_interpolation,,blocks_3x3_g2,2026,6,2,3,11,True,True,True,train,"nominal point_id=(k,wq)",schwarzschild_k0,True,-0.71250000;-0.69000000;-0.66666667;-0.61000000;-0.55000000;-0.52500000,-0.64000000;-0.58000000,-0.50000000;-0.47500000;-0.45000000,0;1;2,nominal wq block distinguishes equivalent k=0 rows
grouped_physical_interpolation,,blocks_3x3_g2,2027,5,3,3,11,True,True,True,train,"nominal point_id=(k,wq)",schwarzschild_k0,True,-0.71250000;-0.69000000;-0.66666667;-0.61000000;-0.58000000,-0.64000000;-0.55000000;-0.52500000,-0.50000000;-0.47500000;-0.45000000,0;1;2,nominal wq block distinguishes equivalent k=0 rows
grouped_physical_interpolation,,blocks_3x3_g2,2028,7,1,3,11,True,True,True,train,"nominal point_id=(k,wq)",schwarzschild_k0,True,-0.71250000;-0.66666667;-0.64000000;-0.61000000;-0.58000000;-0.55000000;-0.52500000,-0.69000000,-0.50000000;-0.47500000;-0.45000000,0;1;2,nominal wq block distinguishes equivalent k=0 rows
grouped_physical_interpolation,,blocks_3x3_g2,2029,5,3,3,11,True,True,True,train,"nominal point_id=(k,wq)",schwarzschild_k0,True,-0.69000000;-0.66666667;-0.64000000;-0.61000000;-0.58000000,-0.71250000;-0.55000000;-0.52500000,-0.50000000;-0.47500000;-0.45000000,0;1;2,nominal wq block distinguishes equivalent k=0 rows
grouped_physical_interpolation,,blocks_3x3_g2,2030,5,3,3,11,True,True,True,train,"nominal point_id=(k,wq)",schwarzschild_k0,True,-0.69000000;-0.64000000;-0.58000000;-0.55000000;-0.52500000,-0.71250000;-0.66666667;-0.61000000,-0.50000000;-0.47500000;-0.45000000,0;1;2,nominal wq block distinguishes equivalent k=0 rows
grouped_physical_interpolation,,blocks_3x3_g3,2026,9,2,0,11,False,True,False,train,"nominal point_id=(k,wq)",schwarzschild_k0,True,-0.71250000;-0.69000000;-0.66666667;-0.64000000;-0.58000000;-0.55000000;-0.50000000;-0.47500000;-0.45000000,-0.61000000;-0.52500000,,0;1;2,nominal wq block distinguishes equivalent k=0 rows
grouped_physical_interpolation,,blocks_3x3_g3,2027,7,4,0,11,False,True,False,train,"nominal point_id=(k,wq)",schwarzschild_k0,True,-0.71250000;-0.69000000;-0.64000000;-0.52500000;-0.50000000;-0.47500000;-0.45000000,-0.66666667;-0.61000000;-0.58000000;-0.55000000,,0;1;2,nominal wq block distinguishes equivalent k=0 rows
grouped_physical_interpolation,,blocks_3x3_g3,2028,6,5,0,11,False,True,False,train,"nominal point_id=(k,wq)",schwarzschild_k0,True,-0.69000000;-0.64000000;-0.52500000;-0.50000000;-0.47500000;-0.45000000,-0.71250000;-0.66666667;-0.61000000;-0.58000000;-0.55000000,,0;1;2,nominal wq block distinguishes equivalent k=0 rows
grouped_physical_interpolation,,blocks_3x3_g3,2029,8,3,0,11,False,True,False,train,"nominal point_id=(k,wq)",schwarzschild_k0,True,-0.69000000;-0.64000000;-0.61000000;-0.58000000;-0.52500000;-0.50000000;-0.47500000;-0.45000000,-0.71250000;-0.66666667;-0.55000000,,0;1;2,nominal wq block distinguishes equivalent k=0 rows
grouped_physical_interpolation,,blocks_3x3_g3,2030,8,3,0,11,False,True,False,train,"nominal point_id=(k,wq)",schwarzschild_k0,True,-0.71250000;-0.69000000;-0.66666667;-0.58000000;-0.55000000;-0.50000000;-0.47500000;-0.45000000,-0.64000000;-0.61000000;-0.52500000,,0;1;2,nominal wq block distinguishes equivalent k=0 rows
grouped_physical_interpolation,,blocks_3x3_g4,2026,9,2,0,11,False,True,False,train,"nominal point_id=(k,wq)",schwarzschild_k0,True,-0.71250000;-0.69000000;-0.66666667;-0.64000000;-0.58000000;-0.55000000;-0.52500000;-0.47500000;-0.45000000,-0.61000000;-0.50000000,,0;1;2,nominal wq block distinguishes equivalent k=0 rows
grouped_physical_interpolation,,blocks_3x3_g4,2027,8,3,0,11,False,True,False,train,"nominal point_id=(k,wq)",schwarzschild_k0,True,-0.71250000;-0.64000000;-0.61000000;-0.58000000;-0.52500000;-0.50000000;-0.47500000;-0.45000000,-0.69000000;-0.66666667;-0.55000000,,0;1;2,nominal wq block distinguishes equivalent k=0 rows
grouped_physical_interpolation,,blocks_3x3_g4,2028,8,3,0,11,False,True,False,train,"nominal point_id=(k,wq)",schwarzschild_k0,True,-0.71250000;-0.69000000;-0.64000000;-0.61000000;-0.58000000;-0.55000000;-0.52500000;-0.45000000,-0.66666667;-0.50000000;-0.47500000,,0;1;2,nominal wq block distinguishes equivalent k=0 rows
grouped_physical_interpolation,,blocks_3x3_g4,2029,9,2,0,11,False,True,False,train,"nominal point_id=(k,wq)",schwarzschild_k0,True,-0.69000000;-0.66666667;-0.64000000;-0.61000000;-0.58000000;-0.55000000;-0.52500000;-0.50000000;-0.47500000,-0.71250000;-0.45000000,,0;1;2,nominal wq block distinguishes equivalent k=0 rows
grouped_physical_interpolation,,blocks_3x3_g4,2030,9,2,0,11,False,True,False,train,"nominal point_id=(k,wq)",schwarzschild_k0,True,-0.71250000;-0.69000000;-0.64000000;-0.61000000;-0.58000000;-0.55000000;-0.52500000;-0.47500000;-0.45000000,-0.66666667;-0.50000000,,0;1;2,nominal wq block distinguishes equivalent k=0 rows
grouped_physical_interpolation,,blocks_3x3_g5,2026,8,3,0,11,False,True,False,train,"nominal point_id=(k,wq)",schwarzschild_k0,True,-0.71250000;-0.69000000;-0.66666667;-0.58000000;-0.55000000;-0.52500000;-0.50000000;-0.47500000,-0.64000000;-0.61000000;-0.45000000,,0;1;2,nominal wq block distinguishes equivalent k=0 rows
grouped_physical_interpolation,,blocks_3x3_g5,2027,8,3,0,11,False,True,False,train,"nominal point_id=(k,wq)",schwarzschild_k0,True,-0.69000000;-0.66666667;-0.64000000;-0.58000000;-0.55000000;-0.52500000;-0.50000000;-0.47500000,-0.71250000;-0.61000000;-0.45000000,,0;1;2,nominal wq block distinguishes equivalent k=0 rows
grouped_physical_interpolation,,blocks_3x3_g5,2028,7,4,0,11,False,True,False,train,"nominal point_id=(k,wq)",schwarzschild_k0,True,-0.71250000;-0.66666667;-0.58000000;-0.52500000;-0.50000000;-0.47500000;-0.45000000,-0.69000000;-0.64000000;-0.61000000;-0.55000000,,0;1;2,nominal wq block distinguishes equivalent k=0 rows
grouped_physical_interpolation,,blocks_3x3_g5,2029,10,1,0,11,False,True,False,train,"nominal point_id=(k,wq)",schwarzschild_k0,True,-0.71250000;-0.69000000;-0.66666667;-0.64000000;-0.61000000;-0.58000000;-0.55000000;-0.52500000;-0.50000000;-0.47500000,-0.45000000,,0;1;2,nominal wq block distinguishes equivalent k=0 rows
grouped_physical_interpolation,,blocks_3x3_g5,2030,7,4,0,11,False,True,False,train,"nominal point_id=(k,wq)",schwarzschild_k0,True,-0.69000000;-0.66666667;-0.64000000;-0.61000000;-0.58000000;-0.55000000;-0.47500000,-0.71250000;-0.52500000;-0.50000000;-0.45000000,,0;1;2,nominal wq block distinguishes equivalent k=0 rows
grouped_physical_interpolation,,blocks_3x3_g6,2026,8,3,0,11,False,True,False,train,"nominal point_id=(k,wq)",schwarzschild_k0,True,-0.69000000;-0.66666667;-0.61000000;-0.58000000;-0.55000000;-0.52500000;-0.50000000;-0.47500000,-0.71250000;-0.64000000;-0.45000000,,0;1;2,nominal wq block distinguishes equivalent k=0 rows
grouped_physical_interpolation,,blocks_3x3_g6,2027,9,2,0,11,False,True,False,train,"nominal point_id=(k,wq)",schwarzschild_k0,True,-0.71250000;-0.66666667;-0.61000000;-0.58000000;-0.55000000;-0.52500000;-0.50000000;-0.47500000;-0.45000000,-0.69000000;-0.64000000,,0;1;2,nominal wq block distinguishes equivalent k=0 rows
grouped_physical_interpolation,,blocks_3x3_g6,2028,9,2,0,11,False,True,False,train,"nominal point_id=(k,wq)",schwarzschild_k0,True,-0.71250000;-0.66666667;-0.64000000;-0.58000000;-0.55000000;-0.52500000;-0.50000000;-0.47500000;-0.45000000,-0.69000000;-0.61000000,,0;1;2,nominal wq block distinguishes equivalent k=0 rows
grouped_physical_interpolation,,blocks_3x3_g6,2029,8,3,0,11,False,True,False,train,"nominal point_id=(k,wq)",schwarzschild_k0,True,-0.71250000;-0.66666667;-0.64000000;-0.61000000;-0.55000000;-0.52500000;-0.50000000;-0.47500000,-0.69000000;-0.58000000;-0.45000000,,0;1;2,nominal wq block distinguishes equivalent k=0 rows
grouped_physical_interpolation,,blocks_3x3_g6,2030,9,2,0,11,False,True,False,train,"nominal point_id=(k,wq)",schwarzschild_k0,True,-0.71250000;-0.66666667;-0.64000000;-0.61000000;-0.55000000;-0.52500000;-0.50000000;-0.47500000;-0.45000000,-0.69000000;-0.58000000,,0;1;2,nominal wq block distinguishes equivalent k=0 rows
grouped_physical_interpolation,,blocks_3x3_g7,2026,10,1,0,11,False,True,False,train,"nominal point_id=(k,wq)",schwarzschild_k0,True,-0.71250000;-0.69000000;-0.66666667;-0.64000000;-0.61000000;-0.58000000;-0.55000000;-0.50000000;-0.47500000;-0.45000000,-0.52500000,,0;1;2,nominal wq block distinguishes equivalent k=0 rows
grouped_physical_interpolation,,blocks_3x3_g7,2027,7,4,0,11,False,True,False,train,"nominal point_id=(k,wq)",schwarzschild_k0,True,-0.71250000;-0.66666667;-0.64000000;-0.61000000;-0.58000000;-0.55000000;-0.47500000,-0.69000000;-0.52500000;-0.50000000;-0.45000000,,0;1;2,nominal wq block distinguishes equivalent k=0 rows
grouped_physical_interpolation,,blocks_3x3_g7,2028,7,4,0,11,False,True,False,train,"nominal point_id=(k,wq)",schwarzschild_k0,True,-0.66666667;-0.58000000;-0.55000000;-0.52500000;-0.50000000;-0.47500000;-0.45000000,-0.71250000;-0.69000000;-0.64000000;-0.61000000,,0;1;2,nominal wq block distinguishes equivalent k=0 rows
grouped_physical_interpolation,,blocks_3x3_g7,2029,7,4,0,11,False,True,False,train,"nominal point_id=(k,wq)",schwarzschild_k0,True,-0.71250000;-0.69000000;-0.64000000;-0.61000000;-0.55000000;-0.52500000;-0.45000000,-0.66666667;-0.58000000;-0.50000000;-0.47500000,,0;1;2,nominal wq block distinguishes equivalent k=0 rows
grouped_physical_interpolation,,blocks_3x3_g7,2030,9,2,0,11,False,True,False,train,"nominal point_id=(k,wq)",schwarzschild_k0,True,-0.71250000;-0.66666667;-0.64000000;-0.61000000;-0.58000000;-0.55000000;-0.52500000;-0.50000000;-0.47500000,-0.69000000;-0.45000000,,0;1;2,nominal wq block distinguishes equivalent k=0 rows
grouped_physical_interpolation,,blocks_3x3_g8,2026,10,1,0,11,False,True,False,train,"nominal point_id=(k,wq)",schwarzschild_k0,True,-0.71250000;-0.69000000;-0.66666667;-0.64000000;-0.61000000;-0.58000000;-0.55000000;-0.52500000;-0.47500000;-0.45000000,-0.50000000,,0;1;2,nominal wq block distinguishes equivalent k=0 rows
grouped_physical_interpolation,,blocks_3x3_g8,2027,10,1,0,11,False,True,False,train,"nominal point_id=(k,wq)",schwarzschild_k0,True,-0.71250000;-0.69000000;-0.66666667;-0.64000000;-0.61000000;-0.58000000;-0.55000000;-0.50000000;-0.47500000;-0.45000000,-0.52500000,,0;1;2,nominal wq block distinguishes equivalent k=0 rows
grouped_physical_interpolation,,blocks_3x3_g8,2028,10,1,0,11,False,True,False,train,"nominal point_id=(k,wq)",schwarzschild_k0,True,-0.71250000;-0.69000000;-0.66666667;-0.64000000;-0.61000000;-0.55000000;-0.52500000;-0.50000000;-0.47500000;-0.45000000,-0.58000000,,0;1;2,nominal wq block distinguishes equivalent k=0 rows
grouped_physical_interpolation,,blocks_3x3_g8,2029,9,2,0,11,False,True,False,train,"nominal point_id=(k,wq)",schwarzschild_k0,True,-0.71250000;-0.66666667;-0.64000000;-0.61000000;-0.58000000;-0.55000000;-0.50000000;-0.47500000;-0.45000000,-0.69000000;-0.52500000,,0;1;2,nominal wq block distinguishes equivalent k=0 rows
grouped_physical_interpolation,,blocks_3x3_g8,2030,8,3,0,11,False,True,False,train,"nominal point_id=(k,wq)",schwarzschild_k0,True,-0.71250000;-0.69000000;-0.66666667;-0.58000000;-0.55000000;-0.52500000;-0.50000000;-0.47500000,-0.64000000;-0.61000000;-0.45000000,,0;1;2,nominal wq block distinguishes equivalent k=0 rows
grouped_physical_interpolation,,blocks_3x3_shifted_g0,2026,8,0,3,11,True,False,False,train,"nominal point_id=(k,wq)",schwarzschild_k0,True,-0.64000000;-0.61000000;-0.58000000;-0.55000000;-0.52500000;-0.50000000;-0.47500000;-0.45000000,,-0.71250000;-0.69000000;-0.66666667,0;1;2,nominal wq block distinguishes equivalent k=0 rows
grouped_physical_interpolation,,blocks_3x3_shifted_g0,2027,7,1,3,11,True,True,True,train,"nominal point_id=(k,wq)",schwarzschild_k0,True,-0.64000000;-0.58000000;-0.55000000;-0.52500000;-0.50000000;-0.47500000;-0.45000000,-0.61000000,-0.71250000;-0.69000000;-0.66666667,0;1;2,nominal wq block distinguishes equivalent k=0 rows
grouped_physical_interpolation,,blocks_3x3_shifted_g0,2028,8,0,3,11,True,False,False,train,"nominal point_id=(k,wq)",schwarzschild_k0,True,-0.64000000;-0.61000000;-0.58000000;-0.55000000;-0.52500000;-0.50000000;-0.47500000;-0.45000000,,-0.71250000;-0.69000000;-0.66666667,0;1;2,nominal wq block distinguishes equivalent k=0 rows
grouped_physical_interpolation,,blocks_3x3_shifted_g0,2029,5,3,3,11,True,True,True,train,"nominal point_id=(k,wq)",schwarzschild_k0,True,-0.61000000;-0.58000000;-0.55000000;-0.50000000;-0.47500000,-0.64000000;-0.52500000;-0.45000000,-0.71250000;-0.69000000;-0.66666667,0;1;2,nominal wq block distinguishes equivalent k=0 rows
grouped_physical_interpolation,,blocks_3x3_shifted_g0,2030,8,0,3,11,True,False,False,train,"nominal point_id=(k,wq)",schwarzschild_k0,True,-0.64000000;-0.61000000;-0.58000000;-0.55000000;-0.52500000;-0.50000000;-0.47500000;-0.45000000,,-0.71250000;-0.69000000;-0.66666667,0;1;2,nominal wq block distinguishes equivalent k=0 rows
grouped_physical_interpolation,,blocks_3x3_shifted_g1,2026,5,2,4,11,True,True,True,train,"nominal point_id=(k,wq)",schwarzschild_k0,True,-0.71250000;-0.69000000;-0.52500000;-0.47500000;-0.45000000,-0.66666667;-0.50000000,-0.64000000;-0.61000000;-0.58000000;-0.55000000,0;1;2,nominal wq block distinguishes equivalent k=0 rows
grouped_physical_interpolation,,blocks_3x3_shifted_g1,2027,6,1,4,11,True,True,True,train,"nominal point_id=(k,wq)",schwarzschild_k0,True,-0.71250000;-0.66666667;-0.52500000;-0.50000000;-0.47500000;-0.45000000,-0.69000000,-0.64000000;-0.61000000;-0.58000000;-0.55000000,0;1;2,nominal wq block distinguishes equivalent k=0 rows
grouped_physical_interpolation,,blocks_3x3_shifted_g1,2028,7,0,4,11,True,False,False,train,"nominal point_id=(k,wq)",schwarzschild_k0,True,-0.71250000;-0.69000000;-0.66666667;-0.52500000;-0.50000000;-0.47500000;-0.45000000,,-0.64000000;-0.61000000;-0.58000000;-0.55000000,0;1;2,nominal wq block distinguishes equivalent k=0 rows
grouped_physical_interpolation,,blocks_3x3_shifted_g1,2029,5,2,4,11,True,True,True,train,"nominal point_id=(k,wq)",schwarzschild_k0,True,-0.69000000;-0.66666667;-0.52500000;-0.50000000;-0.45000000,-0.71250000;-0.47500000,-0.64000000;-0.61000000;-0.58000000;-0.55000000,0;1;2,nominal wq block distinguishes equivalent k=0 rows
grouped_physical_interpolation,,blocks_3x3_shifted_g1,2030,4,3,4,11,True,True,True,train,"nominal point_id=(k,wq)",schwarzschild_k0,True,-0.71250000;-0.52500000;-0.47500000;-0.45000000,-0.69000000;-0.66666667;-0.50000000,-0.64000000;-0.61000000;-0.58000000;-0.55000000,0;1;2,nominal wq block distinguishes equivalent k=0 rows
grouped_physical_interpolation,,blocks_3x3_shifted_g2,2026,5,2,4,11,True,True,True,train,"nominal point_id=(k,wq)",schwarzschild_k0,True,-0.71250000;-0.69000000;-0.66666667;-0.61000000;-0.55000000,-0.64000000;-0.58000000,-0.52500000;-0.50000000;-0.47500000;-0.45000000,0;1;2,nominal wq block distinguishes equivalent k=0 rows
grouped_physical_interpolation,,blocks_3x3_shifted_g2,2027,5,2,4,11,True,True,True,train,"nominal point_id=(k,wq)",schwarzschild_k0,True,-0.71250000;-0.69000000;-0.66666667;-0.61000000;-0.58000000,-0.64000000;-0.55000000,-0.52500000;-0.50000000;-0.47500000;-0.45000000,0;1;2,nominal wq block distinguishes equivalent k=0 rows
grouped_physical_interpolation,,blocks_3x3_shifted_g2,2028,6,1,4,11,True,True,True,train,"nominal point_id=(k,wq)",schwarzschild_k0,True,-0.71250000;-0.66666667;-0.64000000;-0.61000000;-0.58000000;-0.55000000,-0.69000000,-0.52500000;-0.50000000;-0.47500000;-0.45000000,0;1;2,nominal wq block distinguishes equivalent k=0 rows
grouped_physical_interpolation,,blocks_3x3_shifted_g2,2029,5,2,4,11,True,True,True,train,"nominal point_id=(k,wq)",schwarzschild_k0,True,-0.69000000;-0.66666667;-0.64000000;-0.61000000;-0.58000000,-0.71250000;-0.55000000,-0.52500000;-0.50000000;-0.47500000;-0.45000000,0;1;2,nominal wq block distinguishes equivalent k=0 rows
grouped_physical_interpolation,,blocks_3x3_shifted_g2,2030,6,1,4,11,True,True,True,train,"nominal point_id=(k,wq)",schwarzschild_k0,True,-0.69000000;-0.66666667;-0.64000000;-0.61000000;-0.58000000;-0.55000000,-0.71250000,-0.52500000;-0.50000000;-0.47500000;-0.45000000,0;1;2,nominal wq block distinguishes equivalent k=0 rows
grouped_physical_interpolation,,blocks_3x3_shifted_g3,2026,9,2,0,11,False,True,False,train,"nominal point_id=(k,wq)",schwarzschild_k0,True,-0.71250000;-0.69000000;-0.66666667;-0.64000000;-0.58000000;-0.55000000;-0.50000000;-0.47500000;-0.45000000,-0.61000000;-0.52500000,,0;1;2,nominal wq block distinguishes equivalent k=0 rows
grouped_physical_interpolation,,blocks_3x3_shifted_g3,2027,7,4,0,11,False,True,False,train,"nominal point_id=(k,wq)",schwarzschild_k0,True,-0.71250000;-0.64000000;-0.61000000;-0.55000000;-0.50000000;-0.47500000;-0.45000000,-0.69000000;-0.66666667;-0.58000000;-0.52500000,,0;1;2,nominal wq block distinguishes equivalent k=0 rows
grouped_physical_interpolation,,blocks_3x3_shifted_g3,2028,6,5,0,11,False,True,False,train,"nominal point_id=(k,wq)",schwarzschild_k0,True,-0.69000000;-0.64000000;-0.52500000;-0.50000000;-0.47500000;-0.45000000,-0.71250000;-0.66666667;-0.61000000;-0.58000000;-0.55000000,,0;1;2,nominal wq block distinguishes equivalent k=0 rows
grouped_physical_interpolation,,blocks_3x3_shifted_g3,2029,8,3,0,11,False,True,False,train,"nominal point_id=(k,wq)",schwarzschild_k0,True,-0.69000000;-0.64000000;-0.61000000;-0.58000000;-0.52500000;-0.50000000;-0.47500000;-0.45000000,-0.71250000;-0.66666667;-0.55000000,,0;1;2,nominal wq block distinguishes equivalent k=0 rows
grouped_physical_interpolation,,blocks_3x3_shifted_g3,2030,8,3,0,11,False,True,False,train,"nominal point_id=(k,wq)",schwarzschild_k0,True,-0.71250000;-0.69000000;-0.66666667;-0.58000000;-0.55000000;-0.50000000;-0.47500000;-0.45000000,-0.64000000;-0.61000000;-0.52500000,,0;1;2,nominal wq block distinguishes equivalent k=0 rows
grouped_physical_interpolation,,blocks_3x3_shifted_g4,2026,9,2,0,11,False,True,False,train,"nominal point_id=(k,wq)",schwarzschild_k0,True,-0.71250000;-0.69000000;-0.66666667;-0.64000000;-0.58000000;-0.55000000;-0.52500000;-0.47500000;-0.45000000,-0.61000000;-0.50000000,,0;1;2,nominal wq block distinguishes equivalent k=0 rows
grouped_physical_interpolation,,blocks_3x3_shifted_g4,2027,6,5,0,11,False,True,False,train,"nominal point_id=(k,wq)",schwarzschild_k0,True,-0.71250000;-0.69000000;-0.61000000;-0.52500000;-0.47500000;-0.45000000,-0.66666667;-0.64000000;-0.58000000;-0.55000000;-0.50000000,,0;1;2,nominal wq block distinguishes equivalent k=0 rows
grouped_physical_interpolation,,blocks_3x3_shifted_g4,2028,8,3,0,11,False,True,False,train,"nominal point_id=(k,wq)",schwarzschild_k0,True,-0.71250000;-0.69000000;-0.64000000;-0.61000000;-0.58000000;-0.55000000;-0.52500000;-0.45000000,-0.66666667;-0.50000000;-0.47500000,,0;1;2,nominal wq block distinguishes equivalent k=0 rows
grouped_physical_interpolation,,blocks_3x3_shifted_g4,2029,9,2,0,11,False,True,False,train,"nominal point_id=(k,wq)",schwarzschild_k0,True,-0.71250000;-0.69000000;-0.66666667;-0.64000000;-0.61000000;-0.58000000;-0.55000000;-0.52500000;-0.50000000,-0.47500000;-0.45000000,,0;1;2,nominal wq block distinguishes equivalent k=0 rows
grouped_physical_interpolation,,blocks_3x3_shifted_g4,2030,10,1,0,11,False,True,False,train,"nominal point_id=(k,wq)",schwarzschild_k0,True,-0.71250000;-0.69000000;-0.66666667;-0.64000000;-0.61000000;-0.58000000;-0.55000000;-0.52500000;-0.47500000;-0.45000000,-0.50000000,,0;1;2,nominal wq block distinguishes equivalent k=0 rows
grouped_physical_interpolation,,blocks_3x3_shifted_g5,2026,8,3,0,11,False,True,False,train,"nominal point_id=(k,wq)",schwarzschild_k0,True,-0.71250000;-0.69000000;-0.66666667;-0.61000000;-0.58000000;-0.52500000;-0.50000000;-0.47500000,-0.64000000;-0.55000000;-0.45000000,,0;1;2,nominal wq block distinguishes equivalent k=0 rows
grouped_physical_interpolation,,blocks_3x3_shifted_g5,2027,8,3,0,11,False,True,False,train,"nominal point_id=(k,wq)",schwarzschild_k0,True,-0.69000000;-0.66666667;-0.64000000;-0.58000000;-0.55000000;-0.52500000;-0.50000000;-0.47500000,-0.71250000;-0.61000000;-0.45000000,,0;1;2,nominal wq block distinguishes equivalent k=0 rows
grouped_physical_interpolation,,blocks_3x3_shifted_g5,2028,6,5,0,11,False,True,False,train,"nominal point_id=(k,wq)",schwarzschild_k0,True,-0.71250000;-0.66666667;-0.58000000;-0.52500000;-0.50000000;-0.45000000,-0.69000000;-0.64000000;-0.61000000;-0.55000000;-0.47500000,,0;1;2,nominal wq block distinguishes equivalent k=0 rows
grouped_physical_interpolation,,blocks_3x3_shifted_g5,2029,9,2,0,11,False,True,False,train,"nominal point_id=(k,wq)",schwarzschild_k0,True,-0.71250000;-0.69000000;-0.66666667;-0.64000000;-0.61000000;-0.58000000;-0.55000000;-0.52500000;-0.50000000,-0.47500000;-0.45000000,,0;1;2,nominal wq block distinguishes equivalent k=0 rows
grouped_physical_interpolation,,blocks_3x3_shifted_g5,2030,7,4,0,11,False,True,False,train,"nominal point_id=(k,wq)",schwarzschild_k0,True,-0.69000000;-0.66666667;-0.61000000;-0.58000000;-0.50000000;-0.47500000;-0.45000000,-0.71250000;-0.64000000;-0.55000000;-0.52500000,,0;1;2,nominal wq block distinguishes equivalent k=0 rows
grouped_physical_interpolation,,blocks_3x3_shifted_g6,2026,8,3,0,11,False,True,False,train,"nominal point_id=(k,wq)",schwarzschild_k0,True,-0.71250000;-0.69000000;-0.66666667;-0.61000000;-0.58000000;-0.55000000;-0.47500000;-0.45000000,-0.64000000;-0.52500000;-0.50000000,,0;1;2,nominal wq block distinguishes equivalent k=0 rows
grouped_physical_interpolation,,blocks_3x3_shifted_g6,2027,9,2,0,11,False,True,False,train,"nominal point_id=(k,wq)",schwarzschild_k0,True,-0.71250000;-0.66666667;-0.61000000;-0.58000000;-0.55000000;-0.52500000;-0.50000000;-0.47500000;-0.45000000,-0.69000000;-0.64000000,,0;1;2,nominal wq block distinguishes equivalent k=0 rows
grouped_physical_interpolation,,blocks_3x3_shifted_g6,2028,9,2,0,11,False,True,False,train,"nominal point_id=(k,wq)",schwarzschild_k0,True,-0.71250000;-0.66666667;-0.64000000;-0.58000000;-0.55000000;-0.52500000;-0.50000000;-0.47500000;-0.45000000,-0.69000000;-0.61000000,,0;1;2,nominal wq block distinguishes equivalent k=0 rows
grouped_physical_interpolation,,blocks_3x3_shifted_g6,2029,10,1,0,11,False,True,False,train,"nominal point_id=(k,wq)",schwarzschild_k0,True,-0.71250000;-0.66666667;-0.64000000;-0.61000000;-0.58000000;-0.55000000;-0.52500000;-0.50000000;-0.47500000;-0.45000000,-0.69000000,,0;1;2,nominal wq block distinguishes equivalent k=0 rows
grouped_physical_interpolation,,blocks_3x3_shifted_g6,2030,8,3,0,11,False,True,False,train,"nominal point_id=(k,wq)",schwarzschild_k0,True,-0.71250000;-0.66666667;-0.64000000;-0.61000000;-0.55000000;-0.50000000;-0.47500000;-0.45000000,-0.69000000;-0.58000000;-0.52500000,,0;1;2,nominal wq block distinguishes equivalent k=0 rows
grouped_physical_interpolation,,blocks_3x3_shifted_g7,2026,9,2,0,11,False,True,False,train,"nominal point_id=(k,wq)",schwarzschild_k0,True,-0.71250000;-0.69000000;-0.66666667;-0.64000000;-0.61000000;-0.58000000;-0.50000000;-0.47500000;-0.45000000,-0.55000000;-0.52500000,,0;1;2,nominal wq block distinguishes equivalent k=0 rows
grouped_physical_interpolation,,blocks_3x3_shifted_g7,2027,7,4,0,11,False,True,False,train,"nominal point_id=(k,wq)",schwarzschild_k0,True,-0.71250000;-0.66666667;-0.64000000;-0.61000000;-0.58000000;-0.55000000;-0.47500000,-0.69000000;-0.52500000;-0.50000000;-0.45000000,,0;1;2,nominal wq block distinguishes equivalent k=0 rows
grouped_physical_interpolation,,blocks_3x3_shifted_g7,2028,8,3,0,11,False,True,False,train,"nominal point_id=(k,wq)",schwarzschild_k0,True,-0.69000000;-0.66666667;-0.58000000;-0.55000000;-0.52500000;-0.50000000;-0.47500000;-0.45000000,-0.71250000;-0.64000000;-0.61000000,,0;1;2,nominal wq block distinguishes equivalent k=0 rows
grouped_physical_interpolation,,blocks_3x3_shifted_g7,2029,6,5,0,11,False,True,False,train,"nominal point_id=(k,wq)",schwarzschild_k0,True,-0.71250000;-0.66666667;-0.61000000;-0.55000000;-0.52500000;-0.47500000,-0.69000000;-0.64000000;-0.58000000;-0.50000000;-0.45000000,,0;1;2,nominal wq block distinguishes equivalent k=0 rows
grouped_physical_interpolation,,blocks_3x3_shifted_g7,2030,11,0,0,11,False,False,False,train,"nominal point_id=(k,wq)",schwarzschild_k0,True,-0.71250000;-0.69000000;-0.66666667;-0.64000000;-0.61000000;-0.58000000;-0.55000000;-0.52500000;-0.50000000;-0.47500000;-0.45000000,,,0;1;2,nominal wq block distinguishes equivalent k=0 rows
grouped_physical_interpolation,,blocks_3x3_shifted_g8,2026,10,1,0,11,False,True,False,train,"nominal point_id=(k,wq)",schwarzschild_k0,True,-0.71250000;-0.69000000;-0.66666667;-0.64000000;-0.61000000;-0.58000000;-0.55000000;-0.52500000;-0.47500000;-0.45000000,-0.50000000,,0;1;2,nominal wq block distinguishes equivalent k=0 rows
grouped_physical_interpolation,,blocks_3x3_shifted_g8,2027,10,1,0,11,False,True,False,train,"nominal point_id=(k,wq)",schwarzschild_k0,True,-0.71250000;-0.69000000;-0.66666667;-0.64000000;-0.61000000;-0.58000000;-0.55000000;-0.50000000;-0.47500000;-0.45000000,-0.52500000,,0;1;2,nominal wq block distinguishes equivalent k=0 rows
grouped_physical_interpolation,,blocks_3x3_shifted_g8,2028,10,1,0,11,False,True,False,train,"nominal point_id=(k,wq)",schwarzschild_k0,True,-0.71250000;-0.69000000;-0.66666667;-0.64000000;-0.61000000;-0.55000000;-0.52500000;-0.50000000;-0.47500000;-0.45000000,-0.58000000,,0;1;2,nominal wq block distinguishes equivalent k=0 rows
grouped_physical_interpolation,,blocks_3x3_shifted_g8,2029,9,2,0,11,False,True,False,train,"nominal point_id=(k,wq)",schwarzschild_k0,True,-0.71250000;-0.66666667;-0.64000000;-0.61000000;-0.58000000;-0.55000000;-0.50000000;-0.47500000;-0.45000000,-0.69000000;-0.52500000,,0;1;2,nominal wq block distinguishes equivalent k=0 rows
grouped_physical_interpolation,,blocks_3x3_shifted_g8,2030,9,2,0,11,False,True,False,train,"nominal point_id=(k,wq)",schwarzschild_k0,True,-0.71250000;-0.69000000;-0.66666667;-0.61000000;-0.58000000;-0.55000000;-0.52500000;-0.50000000;-0.47500000,-0.64000000;-0.45000000,,0;1;2,nominal wq block distinguishes equivalent k=0 rows
random_interpolation,,random_2026,2026,7,3,1,11,True,True,True,train,"nominal point_id=(k,wq)",schwarzschild_k0,True,-0.71250000;-0.69000000;-0.61000000;-0.58000000;-0.55000000;-0.52500000;-0.50000000,-0.66666667;-0.64000000;-0.47500000,-0.45000000,row-level shuffled identities,nominal point records shuffled independently
random_interpolation,,random_2027,2027,7,2,2,11,True,True,True,train,"nominal point_id=(k,wq)",schwarzschild_k0,True,-0.71250000;-0.66666667;-0.61000000;-0.58000000;-0.55000000;-0.52500000;-0.47500000,-0.69000000;-0.50000000,-0.64000000;-0.45000000,row-level shuffled identities,nominal point records shuffled independently
random_interpolation,,random_2028,2028,10,0,1,11,True,False,False,train,"nominal point_id=(k,wq)",schwarzschild_k0,True,-0.71250000;-0.69000000;-0.66666667;-0.64000000;-0.58000000;-0.55000000;-0.52500000;-0.50000000;-0.47500000;-0.45000000,,-0.61000000,row-level shuffled identities,nominal point records shuffled independently
random_interpolation,,random_2029,2029,7,3,1,11,True,True,True,train,"nominal point_id=(k,wq)",schwarzschild_k0,True,-0.69000000;-0.66666667;-0.64000000;-0.58000000;-0.55000000;-0.50000000;-0.47500000,-0.71250000;-0.61000000;-0.45000000,-0.52500000,row-level shuffled identities,nominal point records shuffled independently
random_interpolation,,random_2030,2030,7,2,2,11,True,True,True,train,"nominal point_id=(k,wq)",schwarzschild_k0,True,-0.69000000;-0.66666667;-0.64000000;-0.58000000;-0.55000000;-0.52500000;-0.45000000,-0.71250000;-0.61000000,-0.50000000;-0.47500000,row-level shuffled identities,nominal point records shuffled independently
