feature,feature_families,k0_min,k0_max,maximum_absolute_difference,q95_q05_scale,maximum_standardized_difference,exactly_equal_across_11_records
Omega,ringdown;ringdown_plus_photon_geometry;ringdown_plus_all_shooting,0.1924500897298752,0.1924500897298752,0.0,0.001982900580855318,0.0,True
delta_r,ringdown;ringdown_plus_photon_geometry;ringdown_plus_all_shooting,0.0,0.0,0.0,0.0103393646367233,0.0,True
lambda,ringdown;ringdown_plus_photon_geometry;ringdown_plus_all_shooting,0.1924500897298752,0.1924500897298752,0.0,0.002633471612791316,0.0,True
orbital__apsidal_advance,all_shooting;ringdown_plus_all_shooting,4.001125986246644,4.001125986246644,0.0,4.497897735974623,0.0,True
orbital__p_r_emit__amplitude,all_shooting;ringdown_plus_all_shooting,0.0486858212986637,0.0486858212986637,0.0,0.0280480550560372,0.0,True
orbital__p_r_emit__cos1,all_shooting;ringdown_plus_all_shooting,0.0319172876128599,0.0319172876128599,0.0,0.019203708912222697,0.0,True
orbital__p_r_emit__cos2,all_shooting;ringdown_plus_all_shooting,0.0059581921561204,0.0059581921561204,0.0,0.0033142081666783997,0.0,True
orbital__p_r_emit__cos3,all_shooting;ringdown_plus_all_shooting,0.002489576652799,0.002489576652799,0.0,0.0013302769286807,0.0,True
orbital__p_r_emit__mean,all_shooting;ringdown_plus_all_shooting,-0.0279435929512262,-0.0279435929512262,0.0,0.002949679361445797,0.0,True
orbital__p_r_emit__reference,all_shooting;ringdown_plus_all_shooting,0.0,0.0,0.0,0.0,0.0,True
orbital__p_r_emit__sin1,all_shooting;ringdown_plus_all_shooting,-0.0207860948940523,-0.0207860948940523,0.0,0.0280761189689167,0.0,True
orbital__p_r_emit__sin2,all_shooting;ringdown_plus_all_shooting,-0.0063534661160188,-0.0063534661160188,0.0,0.009197996833242,0.0,True
orbital__p_r_emit__sin3,all_shooting;ringdown_plus_all_shooting,-0.0040478302266652,-0.0040478302266652,0.0,0.0058911443049858,0.0,True
orbital__r_emit__amplitude,all_shooting;ringdown_plus_all_shooting,1.999847331227552,1.999847331227552,0.0,0.07202224537701851,0.0,True
orbital__r_emit__cos1,all_shooting;ringdown_plus_all_shooting,0.5817016121821427,0.5817016121821427,0.0,0.5596768670494398,0.0,True
orbital__r_emit__cos2,all_shooting;ringdown_plus_all_shooting,0.0551502847619662,0.0551502847619662,0.0,0.0734209552119952,0.0,True
orbital__r_emit__cos3,all_shooting;ringdown_plus_all_shooting,0.0186792544133529,0.0186792544133529,0.0,0.0269210899703834,0.0,True
orbital__r_emit__mean,all_shooting;ringdown_plus_all_shooting,9.444122030369288,9.444122030369288,0.0,0.6591685503628959,0.0,True
orbital__r_emit__reference,all_shooting;ringdown_plus_all_shooting,12.0,12.0,0.0,0.0,0.0,True
orbital__r_emit__sin1,all_shooting;ringdown_plus_all_shooting,1.6273922966119465,1.6273922966119465,0.0,0.13043576583392413,0.0,True
orbital__r_emit__sin2,all_shooting;ringdown_plus_all_shooting,0.6753047803622357,0.6753047803622357,0.0,0.04636574376759406,0.0,True
orbital__r_emit__sin3,all_shooting;ringdown_plus_all_shooting,0.414550792621797,0.414550792621797,0.0,0.021571966267436793,0.0,True
orbital__radial_azimuthal_period,all_shooting;ringdown_plus_all_shooting,10.28431129342623,10.28431129342623,0.0,4.497897735974622,0.0,True
photon_geometry__alpha_sky__amplitude,photon_geometry;all_shooting;ringdown_plus_photon_geometry;ringdown_plus_all_shooting,0.1250661205958959,0.1250661205958959,0.0,0.008499011921832597,0.0,True
photon_geometry__alpha_sky__cos1,photon_geometry;all_shooting;ringdown_plus_photon_geometry;ringdown_plus_all_shooting,-0.1044851433295684,-0.1044851433295684,0.0,0.005862856682948309,0.0,True
photon_geometry__alpha_sky__cos2,photon_geometry;all_shooting;ringdown_plus_photon_geometry;ringdown_plus_all_shooting,-7.788311254481593e-05,-7.788311254481593e-05,0.0,0.0028108070561692158,0.0,True
photon_geometry__alpha_sky__cos3,photon_geometry;all_shooting;ringdown_plus_photon_geometry;ringdown_plus_all_shooting,-0.0049184775858408,-0.0049184775858408,0.0,0.0011416863950532994,0.0,True
photon_geometry__alpha_sky__mean,photon_geometry;all_shooting;ringdown_plus_photon_geometry;ringdown_plus_all_shooting,0.0054396394547349,0.0054396394547349,0.0,0.0016126254067429999,0.0,True
photon_geometry__alpha_sky__reference,photon_geometry;all_shooting;ringdown_plus_photon_geometry;ringdown_plus_all_shooting,-0.1266022405785931,-0.1266022405785931,0.0,0.014582860098989694,0.0,True
photon_geometry__alpha_sky__sin1,photon_geometry;all_shooting;ringdown_plus_photon_geometry;ringdown_plus_all_shooting,0.052483514289464,0.052483514289464,0.0,0.0021066364007450017,0.0,True
photon_geometry__alpha_sky__sin2,photon_geometry;all_shooting;ringdown_plus_photon_geometry;ringdown_plus_all_shooting,-0.0081040061111646,-0.0081040061111646,0.0,0.0006105706901903991,0.0,True
photon_geometry__alpha_sky__sin3,photon_geometry;all_shooting;ringdown_plus_photon_geometry;ringdown_plus_all_shooting,-0.0072278881702895,-0.0072278881702895,0.0,0.0007450320231282004,0.0,True
photon_geometry__beta_sky__amplitude,photon_geometry;all_shooting;ringdown_plus_photon_geometry;ringdown_plus_all_shooting,0.122475542287267,0.122475542287267,0.0,0.006298263117062594,0.0,True
photon_geometry__beta_sky__cos1,photon_geometry;all_shooting;ringdown_plus_photon_geometry;ringdown_plus_all_shooting,0.0296019821976822,0.0296019821976822,0.0,0.0024543037216736008,0.0,True
photon_geometry__beta_sky__cos2,photon_geometry;all_shooting;ringdown_plus_photon_geometry;ringdown_plus_all_shooting,-0.0055124673414074,-0.0055124673414074,0.0,0.0005235756797284004,0.0,True
photon_geometry__beta_sky__cos3,photon_geometry;all_shooting;ringdown_plus_photon_geometry;ringdown_plus_all_shooting,-0.0044876606344441,-0.0044876606344441,0.0,0.0005931010318758001,0.0,True
photon_geometry__beta_sky__mean,photon_geometry;all_shooting;ringdown_plus_photon_geometry;ringdown_plus_all_shooting,0.0060377164801511,0.0060377164801511,0.0,0.0015290566198537994,0.0,True
photon_geometry__beta_sky__reference,photon_geometry;all_shooting;ringdown_plus_photon_geometry;ringdown_plus_all_shooting,0.0259803420539647,0.0259803420539647,0.0,0.0029925828466021015,0.0,True
photon_geometry__beta_sky__sin1,photon_geometry;all_shooting;ringdown_plus_photon_geometry;ringdown_plus_all_shooting,0.1184063847785677,0.1184063847785677,0.0,0.005921701687480102,0.0,True
photon_geometry__beta_sky__sin2,photon_geometry;all_shooting;ringdown_plus_photon_geometry;ringdown_plus_all_shooting,-0.000707310011726,-0.000707310011726,0.0,0.0026707678895736,0.0,True
photon_geometry__beta_sky__sin3,photon_geometry;all_shooting;ringdown_plus_photon_geometry;ringdown_plus_all_shooting,0.0046093904258269,0.0046093904258269,0.0,0.0009251349134063004,0.0,True
photon_geometry__impact_parameter__amplitude,photon_geometry;all_shooting;ringdown_plus_photon_geometry;ringdown_plus_all_shooting,2.1893155417647923,2.1893155417647923,0.0,0.5123760656303218,0.0,True
photon_geometry__impact_parameter__cos1,photon_geometry;all_shooting;ringdown_plus_photon_geometry;ringdown_plus_all_shooting,-0.4550367248468087,-0.4550367248468087,0.0,0.4802963840167235,0.0,True
photon_geometry__impact_parameter__cos2,photon_geometry;all_shooting;ringdown_plus_photon_geometry;ringdown_plus_all_shooting,-0.6301783498884378,-0.6301783498884378,0.0,0.1593740314837767,0.0,True
photon_geometry__impact_parameter__cos3,photon_geometry;all_shooting;ringdown_plus_photon_geometry;ringdown_plus_all_shooting,0.0172858982295769,0.0172858982295769,0.0,0.0080197292966155,0.0,True
photon_geometry__impact_parameter__mean,photon_geometry;all_shooting;ringdown_plus_photon_geometry;ringdown_plus_all_shooting,9.621616729147956,9.621616729147956,0.0,0.6990444530331086,0.0,True
photon_geometry__impact_parameter__reference,photon_geometry;all_shooting;ringdown_plus_photon_geometry;ringdown_plus_all_shooting,10.384586688878384,10.384586688878384,0.0,0.07962613449291567,0.0,True
photon_geometry__impact_parameter__sin1,photon_geometry;all_shooting;ringdown_plus_photon_geometry;ringdown_plus_all_shooting,1.102444027149035,1.102444027149035,0.0,0.08895789938238141,0.0,True
photon_geometry__impact_parameter__sin2,photon_geometry;all_shooting;ringdown_plus_photon_geometry;ringdown_plus_all_shooting,-0.0853454141831014,-0.0853454141831014,0.0,0.10879872897416361,0.0,True
photon_geometry__impact_parameter__sin3,photon_geometry;all_shooting;ringdown_plus_photon_geometry;ringdown_plus_all_shooting,0.1970160848321317,0.1970160848321317,0.0,0.0329767230334817,0.0,True
r_photon,ringdown;ringdown_plus_photon_geometry;ringdown_plus_all_shooting,3.0,3.0,0.0,0.010339364636723136,0.0,True
redshift__redshift__amplitude,all_shooting;ringdown_plus_all_shooting,0.2942907875421118,0.2942907875421118,0.0,0.06896661268130119,0.0,True
redshift__redshift__cos1,all_shooting;ringdown_plus_all_shooting,-0.1491963660934047,-0.1491963660934047,0.0,0.0519499031304,0.0,True
redshift__redshift__cos2,all_shooting;ringdown_plus_all_shooting,0.0247196008899832,0.0247196008899832,0.0,0.0049849243330592,0.0,True
redshift__redshift__cos3,all_shooting;ringdown_plus_all_shooting,-0.0104791496271456,-0.0104791496271456,0.0,0.005957946659985099,0.0,True
redshift__redshift__mean,all_shooting;ringdown_plus_all_shooting,0.1805060427661616,0.1805060427661616,0.0,0.1509454057514119,0.0,True
redshift__redshift__reference,all_shooting;ringdown_plus_all_shooting,0.0293025998174556,0.0293025998174556,0.0,0.1079488419136148,0.0,True
redshift__redshift__sin1,all_shooting;ringdown_plus_all_shooting,0.2581964220980429,0.2581964220980429,0.0,0.05569556571397538,0.0,True
redshift__redshift__sin2,all_shooting;ringdown_plus_all_shooting,-0.0172340893920183,-0.0172340893920183,0.0,0.003236735100869699,0.0,True
redshift__redshift__sin3,all_shooting;ringdown_plus_all_shooting,-0.0038463641461664,-0.0038463641461664,0.0,0.0025887100352581004,0.0,True
timing__arrival_time_relative__amplitude,all_shooting;ringdown_plus_all_shooting,92.65689907927882,92.65689907927882,0.0,5.168237706621127,0.0,True
timing__arrival_time_relative__cos1,all_shooting;ringdown_plus_all_shooting,-15.656326684150546,-15.656326684150546,0.0,0.9742004055170828,0.0,True
timing__arrival_time_relative__cos2,all_shooting;ringdown_plus_all_shooting,-1.834986488700348,-1.834986488700348,0.0,0.35550027854212995,0.0,True
timing__arrival_time_relative__cos3,all_shooting;ringdown_plus_all_shooting,-0.7656215378374399,-0.7656215378374399,0.0,0.07700472921502877,0.0,True
timing__arrival_time_relative__mean,all_shooting;ringdown_plus_all_shooting,112.71611569832936,112.71611569832936,0.0,3.453539564970953,0.0,True
timing__arrival_time_relative__sin1,all_shooting;ringdown_plus_all_shooting,-58.15832439275465,-58.15832439275465,0.0,5.914945413176341,0.0,True
timing__arrival_time_relative__sin2,all_shooting;ringdown_plus_all_shooting,-29.50246960764777,-29.50246960764777,0.0,1.7162120758269985,0.0,True
timing__arrival_time_relative__sin3,all_shooting;ringdown_plus_all_shooting,-19.69753774923438,-19.69753774923438,0.0,1.091838950987448,0.0,True
timing__excess_time_delay__amplitude,all_shooting;ringdown_plus_all_shooting,1.4965280652038118,1.4965280652038118,0.0,0.049701319897552665,0.0,True
timing__excess_time_delay__cos1,all_shooting;ringdown_plus_all_shooting,-1.0448324707093624,-1.0448324707093624,0.0,0.034915777963598016,0.0,True
timing__excess_time_delay__cos2,all_shooting;ringdown_plus_all_shooting,0.1872398036740448,0.1872398036740448,0.0,0.04447906695514359,0.0,True
timing__excess_time_delay__cos3,all_shooting;ringdown_plus_all_shooting,-0.0238207621363742,-0.0238207621363742,0.0,0.008888397252213298,0.0,True
timing__excess_time_delay__mean,all_shooting;ringdown_plus_all_shooting,5.525391563737023,5.525391563737023,0.0,10.638448804335539,0.0,True
timing__excess_time_delay__reference,all_shooting;ringdown_plus_all_shooting,4.171339576778607,4.171339576778607,0.0,10.64336374171525,0.0,True
timing__excess_time_delay__sin1,all_shooting;ringdown_plus_all_shooting,-0.845218132789661,-0.845218132789661,0.0,0.05719136822052939,0.0,True
timing__excess_time_delay__sin2,all_shooting;ringdown_plus_all_shooting,0.0640887065580846,0.0640887065580846,0.0,0.0190454905537003,0.0,True
timing__excess_time_delay__sin3,all_shooting;ringdown_plus_all_shooting,-0.1665915389848944,-0.1665915389848944,0.0,0.020948284040326393,0.0,True
