aggregation_level,protocol,model,feature_set,target,metric,registered_value,collapsed_equivalence_value,absolute_difference,absolute_magnitude_of_difference,relative_difference
complementarity,directional_extrapolation,hgb,ringdown_to_ringdown_plus_photon_geometry,wq,wq_NMAE_reduction,0.13659777748224655,0.139351041129811,0.0027532636475644523,0.0027532636475644523,0.020155991541826446
complementarity,directional_extrapolation,mlp,ringdown_to_ringdown_plus_photon_geometry,wq,wq_NMAE_reduction,-0.00550647550410599,-0.027709497833937002,-0.022203022329831013,0.022203022329831013,4.032165822453034
complementarity,directional_extrapolation,nearest_physical,ringdown_to_ringdown_plus_photon_geometry,wq,wq_NMAE_reduction,0.05913419913419915,0.06185666185666194,0.002722462722462793,0.002722462722462793,0.04603871807385834
complementarity,directional_extrapolation,random_forest,ringdown_to_ringdown_plus_photon_geometry,wq,wq_NMAE_reduction,0.1478403180373425,0.14790937154042383,6.905350308133995e-05,6.905350308133995e-05,0.00046708167297027835
complementarity,grouped_physical_interpolation,hgb,ringdown_to_ringdown_plus_photon_geometry,wq,wq_NMAE_reduction,0.22709138378536436,0.2034034764962659,-0.023687907289098475,0.023687907289098475,-0.10431002222209859
complementarity,grouped_physical_interpolation,mlp,ringdown_to_ringdown_plus_photon_geometry,wq,wq_NMAE_reduction,1.2007406363923057e-06,-0.00013647914654851823,-0.00013767988718491053,0.00013767988718491053,-114.66246998900418
complementarity,grouped_physical_interpolation,nearest_physical,ringdown_to_ringdown_plus_photon_geometry,wq,wq_NMAE_reduction,0.07268518518518524,0.0740740740740741,0.0013888888888888562,0.0013888888888888562,0.019108280254776604
complementarity,grouped_physical_interpolation,random_forest,ringdown_to_ringdown_plus_photon_geometry,wq,wq_NMAE_reduction,0.19623315740788516,0.2265240045425426,0.030290847134657434,0.030290847134657434,0.1543615132874597
complementarity,random_interpolation,hgb,ringdown_to_ringdown_plus_photon_geometry,wq,wq_NMAE_reduction,0.1222015397404504,0.1139992072706583,-0.008202332469792087,0.008202332469792087,-0.06712135123021697
complementarity,random_interpolation,mlp,ringdown_to_ringdown_plus_photon_geometry,wq,wq_NMAE_reduction,0.01996915794055741,0.006044624803138499,-0.013924533137418912,0.013924533137418912,-0.6973019683087462
complementarity,random_interpolation,nearest_physical,ringdown_to_ringdown_plus_photon_geometry,wq,wq_NMAE_reduction,0.03722943722943721,0.027881297446514797,-0.009348139782922413,0.009348139782922413,-0.2510953825412882
complementarity,random_interpolation,random_forest,ringdown_to_ringdown_plus_photon_geometry,wq,wq_NMAE_reduction,0.0811830344718543,0.10680083829022752,0.02561780381837321,0.02561780381837321,0.3155561255505269
model_feature,directional_extrapolation,hgb,all_shooting,k,NMAE,0.24921555832332049,0.20680537329067955,-0.042410185032640935,0.042410185032640935,-0.17017470866574055
model_feature,directional_extrapolation,hgb,all_shooting,wq,NMAE,0.19243962257305675,0.19996770367392042,0.0075280811008636705,0.0075280811008636705,0.039119184501651943
model_feature,directional_extrapolation,hgb,photon_geometry,k,NMAE,0.2555295865335132,0.2418731653783519,-0.013656421155161302,0.013656421155161302,-0.053443600564705006
model_feature,directional_extrapolation,hgb,photon_geometry,wq,NMAE,0.2158365887419247,0.21732514636983058,0.0014885576279058677,0.0014885576279058677,0.006896688075837468
model_feature,directional_extrapolation,hgb,ringdown,k,NMAE,0.17140892858922352,0.14834992616745196,-0.023059002421771557,0.023059002421771557,-0.1345262619138807
model_feature,directional_extrapolation,hgb,ringdown,wq,NMAE,0.35020830272393044,0.35977949670127946,0.009571193977349013,0.009571193977349013,0.027330003037917678
model_feature,directional_extrapolation,hgb,ringdown_plus_all_shooting,k,NMAE,0.16417616652052514,0.15667535348543885,-0.00750081303508629,0.00750081303508629,-0.04568758787621312
model_feature,directional_extrapolation,hgb,ringdown_plus_all_shooting,wq,NMAE,0.1924533003211072,0.2002399405173319,0.0077866401962247145,0.0077866401962247145,0.04045989433921243
model_feature,directional_extrapolation,hgb,ringdown_plus_photon_geometry,k,NMAE,0.18027222838645346,0.16901891746332487,-0.01125331092312859,0.01125331092312859,-0.062423985235288845
model_feature,directional_extrapolation,hgb,ringdown_plus_photon_geometry,wq,NMAE,0.2136105252416839,0.22042845557146845,0.006817930329784561,0.006817930329784561,0.03191757673022243
model_feature,directional_extrapolation,mlp,all_shooting,k,NMAE,0.20696694109884534,0.24616236136275677,0.03919542026391143,0.03919542026391143,0.18938010126550642
model_feature,directional_extrapolation,mlp,all_shooting,wq,NMAE,0.2641051531401705,0.2902854781418021,0.026180325001631588,0.026180325001631588,0.09912841415758634
model_feature,directional_extrapolation,mlp,photon_geometry,k,NMAE,0.21765889798793792,0.2712623995258824,0.053603501537944465,0.053603501537944465,0.24627296211393587
model_feature,directional_extrapolation,mlp,photon_geometry,wq,NMAE,0.30182334933227384,0.4333610844056649,0.13153773507339106,0.13153773507339106,0.43581033529842217
model_feature,directional_extrapolation,mlp,ringdown,k,NMAE,0.05128237093045798,0.056690423011571955,0.005408052081113973,0.005408052081113973,0.10545635825706305
model_feature,directional_extrapolation,mlp,ringdown,wq,NMAE,0.18390061861016638,0.16526716000204383,-0.018633458608122544,0.018633458608122544,-0.10132352326460554
model_feature,directional_extrapolation,mlp,ringdown_plus_all_shooting,k,NMAE,0.11621760613207138,0.08351828863824864,-0.03269931749382274,0.03269931749382274,-0.2813628552687857
model_feature,directional_extrapolation,mlp,ringdown_plus_all_shooting,wq,NMAE,0.2388040188423966,0.24124837349501024,0.0024443546526136395,0.0024443546526136395,0.010235818745692212
model_feature,directional_extrapolation,mlp,ringdown_plus_photon_geometry,k,NMAE,0.10570197968699963,0.1290985257220175,0.023396546035017868,0.023396546035017868,0.22134444505484913
model_feature,directional_extrapolation,mlp,ringdown_plus_photon_geometry,wq,NMAE,0.18940709411427237,0.19297665783598084,0.0035695637217084686,0.0035695637217084686,0.01884598746631366
model_feature,directional_extrapolation,nearest_physical,ringdown,k,NMAE,0.12878787878787878,0.10992753623188405,-0.01886034255599474,0.01886034255599474,-0.14644501278772384
model_feature,directional_extrapolation,nearest_physical,ringdown,wq,NMAE,0.25416065416065414,0.2568831168831169,0.0027224627224627374,0.0027224627224627374,0.010711582134746463
model_feature,directional_extrapolation,nearest_physical,ringdown_plus_photon_geometry,k,NMAE,0.2,0.16992753623188406,-0.030072463768115953,0.030072463768115953,-0.15036231884057977
model_feature,directional_extrapolation,nearest_physical,ringdown_plus_photon_geometry,wq,NMAE,0.195026455026455,0.19502645502645494,-5.551115123125783e-17,5.551115123125783e-17,-2.846339550381913e-16
model_feature,directional_extrapolation,random_forest,all_shooting,k,NMAE,0.2369576569264071,0.22468020833333324,-0.012277448593073864,0.012277448593073864,-0.0518128375859444
model_feature,directional_extrapolation,random_forest,all_shooting,wq,NMAE,0.19919375157470245,0.19749867724867554,-0.0016950743260269185,0.0016950743260269185,-0.00850967619529584
model_feature,directional_extrapolation,random_forest,photon_geometry,k,NMAE,0.24578508132580093,0.2355367614638447,-0.010248319861956234,0.010248319861956234,-0.04169626491028376
model_feature,directional_extrapolation,random_forest,photon_geometry,wq,NMAE,0.20289146434106686,0.20322293742412695,0.0003314730830600854,0.0003314730830600854,0.0016337458263047913
model_feature,directional_extrapolation,random_forest,ringdown,k,NMAE,0.13731057599807597,0.11971123332183106,-0.01759934267624491,0.01759934267624491,-0.12817179265558917
model_feature,directional_extrapolation,random_forest,ringdown,wq,NMAE,0.35159676802474427,0.3509287876401962,-0.0006679803845480725,0.0006679803845480725,-0.0018998479090145167
model_feature,directional_extrapolation,random_forest,ringdown_plus_all_shooting,k,NMAE,0.1507287457912458,0.13439304549114325,-0.016335700300102535,0.016335700300102535,-0.10837813460431049
model_feature,directional_extrapolation,random_forest,ringdown_plus_all_shooting,wq,NMAE,0.19983538432466852,0.1978730158730142,-0.001962368451654317,0.001962368451654317,-0.009819924826056314
model_feature,directional_extrapolation,random_forest,ringdown_plus_photon_geometry,k,NMAE,0.14177882996632993,0.12245180871865646,-0.019327021247673465,0.019327021247673465,-0.1363181037131094
model_feature,directional_extrapolation,random_forest,ringdown_plus_photon_geometry,wq,NMAE,0.20375644998740178,0.20301941609977237,-0.0007370338876294125,0.0007370338876294125,-0.0036172297253656664
model_feature,grouped_physical_interpolation,hgb,all_shooting,k,NMAE,0.12718024869518335,0.1171287089649487,-0.010051539730234649,0.010051539730234649,-0.07903381093651947
model_feature,grouped_physical_interpolation,hgb,all_shooting,wq,NMAE,0.07294682460330806,0.08281211243759734,0.009865287834289277,0.009865287834289277,0.13523944171576588
model_feature,grouped_physical_interpolation,hgb,photon_geometry,k,NMAE,0.18125533797776472,0.19123034075180412,0.009975002774039399,0.009975002774039399,0.055032877295250034
model_feature,grouped_physical_interpolation,hgb,photon_geometry,wq,NMAE,0.11104806803722955,0.12135669812110575,0.010308630083876197,0.010308630083876197,0.09283034154561036
model_feature,grouped_physical_interpolation,hgb,ringdown,k,NMAE,0.07393974958097921,0.0691030501483562,-0.004836699432623007,0.004836699432623007,-0.06541406293682166
model_feature,grouped_physical_interpolation,hgb,ringdown,wq,NMAE,0.3145413718853993,0.31424896055824075,-0.00029241132715857043,0.00029241132715857043,-0.0009296434532787255
model_feature,grouped_physical_interpolation,hgb,ringdown_plus_all_shooting,k,NMAE,0.0481202487342967,0.051563500339849744,0.0034432516055530465,0.0034432516055530465,0.071555149778329
model_feature,grouped_physical_interpolation,hgb,ringdown_plus_all_shooting,wq,NMAE,0.07265293455291222,0.0831980145171006,0.01054507996418838,0.01054507996418838,0.14514320762237803
model_feature,grouped_physical_interpolation,hgb,ringdown_plus_photon_geometry,k,NMAE,0.05276987743296335,0.0721670166936481,0.019397139260684745,0.019397139260684745,0.3675797671754319
model_feature,grouped_physical_interpolation,hgb,ringdown_plus_photon_geometry,wq,NMAE,0.08744998810003496,0.11084548406197485,0.02339549596193989,0.02339549596193989,0.26753000738179106
model_feature,grouped_physical_interpolation,mlp,all_shooting,k,NMAE,0.07125772545122558,0.0594436261333338,-0.011814099317891777,0.011814099317891777,-0.165793943647251
model_feature,grouped_physical_interpolation,mlp,all_shooting,wq,NMAE,0.0956546453154441,0.08196366610601186,-0.013690979209432241,0.013690979209432241,-0.14312926637575163
model_feature,grouped_physical_interpolation,mlp,photon_geometry,k,NMAE,0.07709283303100284,0.07769250673668154,0.0005996737056787049,0.0005996737056787049,0.007778592147956821
model_feature,grouped_physical_interpolation,mlp,photon_geometry,wq,NMAE,0.1033252031106663,0.0887377949038626,-0.014587408206803695,0.014587408206803695,-0.14117957446625945
model_feature,grouped_physical_interpolation,mlp,ringdown,k,NMAE,0.02534751695516654,0.027344784903869553,0.0019972679487030125,0.0019972679487030125,0.07879540833272479
model_feature,grouped_physical_interpolation,mlp,ringdown,wq,NMAE,0.07289759789806449,0.08576109176707289,0.012863493869008397,0.012863493869008397,0.1764597770011011
model_feature,grouped_physical_interpolation,mlp,ringdown_plus_all_shooting,k,NMAE,0.036950155075470045,0.038388719514644704,0.0014385644391746583,0.0014385644391746583,0.038932568381280556
model_feature,grouped_physical_interpolation,mlp,ringdown_plus_all_shooting,wq,NMAE,0.08171550454311141,0.06476190993162274,-0.016953594611488668,0.016953594611488668,-0.2074709653483728
model_feature,grouped_physical_interpolation,mlp,ringdown_plus_photon_geometry,k,NMAE,0.03655059053741967,0.0452060110747544,0.00865542053733473,0.00865542053733473,0.23680658534021506
model_feature,grouped_physical_interpolation,mlp,ringdown_plus_photon_geometry,wq,NMAE,0.0728963971574281,0.08589757091362141,0.013001173756193307,0.013001173756193307,0.17835138996123207
model_feature,grouped_physical_interpolation,nearest_physical,ringdown,k,NMAE,0.05625000000000001,0.05625,-6.938893903907228e-18,6.938893903907228e-18,-1.233581138472396e-16
model_feature,grouped_physical_interpolation,nearest_physical,ringdown,wq,NMAE,0.22083333333333344,0.2222222222222223,0.0013888888888888562,0.0013888888888888562,0.006289308176100478
model_feature,grouped_physical_interpolation,nearest_physical,ringdown_plus_photon_geometry,k,NMAE,0.10625000000000001,0.10625,-1.3877787807814457e-17,1.3877787807814457e-17,-1.3061447348531251e-16
model_feature,grouped_physical_interpolation,nearest_physical,ringdown_plus_photon_geometry,wq,NMAE,0.1481481481481482,0.1481481481481482,0.0,0.0,0.0
model_feature,grouped_physical_interpolation,random_forest,all_shooting,k,NMAE,0.12405439449471575,0.1340398065476191,0.009985412052903347,0.009985412052903347,0.08049220741896965
model_feature,grouped_physical_interpolation,random_forest,all_shooting,wq,NMAE,0.06967656543069847,0.0668607751742675,-0.0028157902564309722,0.0028157902564309722,-0.040412299874792286
model_feature,grouped_physical_interpolation,random_forest,photon_geometry,k,NMAE,0.18599407441686844,0.21214086805362847,0.026146793636760035,0.026146793636760035,0.14057863788798583
model_feature,grouped_physical_interpolation,random_forest,photon_geometry,wq,NMAE,0.1163075449315512,0.08670603721812835,-0.029601507713422848,0.029601507713422848,-0.25451064013812513
model_feature,grouped_physical_interpolation,random_forest,ringdown,k,NMAE,0.04847396866732802,0.04931203497023805,0.0008380663029100288,0.0008380663029100288,0.01728899708339529
model_feature,grouped_physical_interpolation,random_forest,ringdown,wq,NMAE,0.30927540951846477,0.3132217063277319,0.003946296809267114,0.003946296809267114,0.012759814352558498
model_feature,grouped_physical_interpolation,random_forest,ringdown_plus_all_shooting,k,NMAE,0.04450239748677237,0.05030748456790115,0.005805087081128778,0.005805087081128778,0.13044436724682637
model_feature,grouped_physical_interpolation,random_forest,ringdown_plus_all_shooting,wq,NMAE,0.07026569486754664,0.06829134122784924,-0.0019743536396973904,0.0019743536396973904,-0.028098400555479002
model_feature,grouped_physical_interpolation,random_forest,ringdown_plus_photon_geometry,k,NMAE,0.045725818452380856,0.04950039958112875,0.0037745811287478934,0.0037745811287478934,0.082548137059127
model_feature,grouped_physical_interpolation,random_forest,ringdown_plus_photon_geometry,wq,NMAE,0.11304225211057961,0.08669770178518929,-0.02634455032539032,0.02634455032539032,-0.23305047301799764
model_feature,random_interpolation,hgb,all_shooting,k,NMAE,0.08632335471795488,0.1042071880368724,0.01788383331891752,0.01788383331891752,0.2071725939909256
model_feature,random_interpolation,hgb,all_shooting,wq,NMAE,0.045292957691693565,0.0622248444593708,0.016931886767677234,0.016931886767677234,0.373830450264069
model_feature,random_interpolation,hgb,photon_geometry,k,NMAE,0.12593799741927905,0.1452967852778659,0.019358787858586857,0.019358787858586857,0.15371681506207072
model_feature,random_interpolation,hgb,photon_geometry,wq,NMAE,0.09893425820449436,0.0989023371352488,-3.192106924555793e-05,3.192106924555793e-05,-0.0003226493009082655
model_feature,random_interpolation,hgb,ringdown,k,NMAE,0.05216694594722029,0.0602112494877149,0.00804430354049461,0.00804430354049461,0.15420307618991927
model_feature,random_interpolation,hgb,ringdown,wq,NMAE,0.19522841279848377,0.1917083637084094,-0.003520049090074362,0.003520049090074362,-0.01803041391166655
model_feature,random_interpolation,hgb,ringdown_plus_all_shooting,k,NMAE,0.050261797799524166,0.0561800584746906,0.005918260675166431,0.005918260675166431,0.1177486865625499
model_feature,random_interpolation,hgb,ringdown_plus_all_shooting,wq,NMAE,0.045278232849631325,0.0623330657746548,0.017054832925023473,0.017054832925023473,0.3766673708680824
model_feature,random_interpolation,hgb,ringdown_plus_photon_geometry,k,NMAE,0.05510374522014577,0.0585312803663406,0.0034275351461948295,0.0034275351461948295,0.06220149161370854
model_feature,random_interpolation,hgb,ringdown_plus_photon_geometry,wq,NMAE,0.07302687305803338,0.0777091564377511,0.004682283379717725,0.004682283379717725,0.06411726510591223
model_feature,random_interpolation,mlp,all_shooting,k,NMAE,0.047064502256338035,0.0249533409184124,-0.022111161337925636,0.022111161337925636,-0.4698054856183673
model_feature,random_interpolation,mlp,all_shooting,wq,NMAE,0.06753714601049156,0.0756378479749494,0.008100701964457835,0.008100701964457835,0.11994439272277557
model_feature,random_interpolation,mlp,photon_geometry,k,NMAE,0.02240690129195273,0.0274309056969089,0.005024004404956171,0.005024004404956171,0.22421683121175282
model_feature,random_interpolation,mlp,photon_geometry,wq,NMAE,0.0473075171298065,0.0474368552320042,0.00012933810219770137,0.00012933810219770137,0.0027339862678231915
model_feature,random_interpolation,mlp,ringdown,k,NMAE,0.025691345696318663,0.0111209356766294,-0.014570410019689263,0.014570410019689263,-0.567133002370408
model_feature,random_interpolation,mlp,ringdown,wq,NMAE,0.05811817006870562,0.0600772597619665,0.0019590896932608765,0.0019590896932608765,0.03370872983345651
model_feature,random_interpolation,mlp,ringdown_plus_all_shooting,k,NMAE,0.0426927350727171,0.0199219124838372,-0.0227708225888799,0.0227708225888799,-0.5333652798326255
model_feature,random_interpolation,mlp,ringdown_plus_all_shooting,wq,NMAE,0.062098420564984005,0.0576591486618605,-0.004439271903123508,0.004439271903123508,-0.07148767815242503
model_feature,random_interpolation,mlp,ringdown_plus_photon_geometry,k,NMAE,0.02090645120558868,0.0208514269965961,-5.5024208992580925e-05,5.5024208992580925e-05,-0.0026319248757948905
model_feature,random_interpolation,mlp,ringdown_plus_photon_geometry,wq,NMAE,0.03814901212814821,0.054032634958828,0.01588362283067979,0.01588362283067979,0.4163573823962816
model_feature,random_interpolation,nearest_physical,ringdown,k,NMAE,0.025000000000000012,0.0217391304347826,-0.0032608695652174106,0.0032608695652174106,-0.13043478260869637
model_feature,random_interpolation,nearest_physical,ringdown,wq,NMAE,0.12380952380952379,0.1191166321601104,-0.004692891649413389,0.004692891649413389,-0.03790412486064661
model_feature,random_interpolation,nearest_physical,ringdown_plus_photon_geometry,k,NMAE,0.06666666666666667,0.0695652173913043,0.0028985507246376274,0.0028985507246376274,0.04347826086956441
model_feature,random_interpolation,nearest_physical,ringdown_plus_photon_geometry,wq,NMAE,0.08658008658008658,0.0912353347135956,0.004655248133509024,0.004655248133509024,0.05376811594202923
model_feature,random_interpolation,random_forest,all_shooting,k,NMAE,0.07499084470699048,0.0713158068783069,-0.003675037828683586,0.003675037828683586,-0.0490064866323743
model_feature,random_interpolation,random_forest,all_shooting,wq,NMAE,0.04492748028453378,0.0395009362330797,-0.0054265440514540755,0.0054265440514540755,-0.12078451800739326
model_feature,random_interpolation,random_forest,photon_geometry,k,NMAE,0.10875481000480997,0.1186387712529016,0.009883961248091641,0.009883961248091641,0.0908829802346627
model_feature,random_interpolation,random_forest,photon_geometry,wq,NMAE,0.09274435852213644,0.075245850997404,-0.01749850752473245,0.01749850752473245,-0.18867462995666592
model_feature,random_interpolation,random_forest,ringdown,k,NMAE,0.03608804563492065,0.0386627415458937,0.002574695910973049,0.002574695910973049,0.071344841918556
model_feature,random_interpolation,random_forest,ringdown,wq,NMAE,0.16874538320483817,0.175918327637013,0.007172944432174838,0.007172944432174838,0.04250750032946193
model_feature,random_interpolation,random_forest,ringdown_plus_all_shooting,k,NMAE,0.03741071428571432,0.0360899327122154,-0.001320781573498915,0.001320781573498915,-0.03530490124865832
model_feature,random_interpolation,random_forest,ringdown_plus_all_shooting,wq,NMAE,0.045433340590345955,0.0406342936164372,-0.0047990469739087535,0.0047990469739087535,-0.10562830977320857
model_feature,random_interpolation,random_forest,ringdown_plus_photon_geometry,k,NMAE,0.03780216600529105,0.0370867408557626,-0.0007154251495284508,0.0007154251495284508,-0.018925506793137595
model_feature,random_interpolation,random_forest,ringdown_plus_photon_geometry,wq,NMAE,0.08756234873298387,0.0691174893467855,-0.018444859386198373,0.018444859386198373,-0.21064829407951202
model_feature,directional_extrapolation,hgb,all_shooting,k,empirical_coverage,0.42121212121212115,0.5094202898550725,0.08820816864295133,0.08820816864295133,0.20941507663434492
model_feature,directional_extrapolation,hgb,all_shooting,wq,empirical_coverage,0.6272727272727272,0.4106060606060606,-0.21666666666666662,0.21666666666666662,-0.34541062801932365
model_feature,directional_extrapolation,hgb,photon_geometry,k,empirical_coverage,0.6454545454545455,0.6866666666666666,0.041212121212121144,0.041212121212121144,0.06384976525821585
model_feature,directional_extrapolation,hgb,photon_geometry,wq,empirical_coverage,0.6842424242424242,0.5042424242424243,-0.17999999999999994,0.17999999999999994,-0.26306465899025677
model_feature,directional_extrapolation,hgb,ringdown,k,empirical_coverage,0.4575757575757576,0.43333333333333335,-0.024242424242424232,0.024242424242424232,-0.052980132450331105
model_feature,directional_extrapolation,hgb,ringdown,wq,empirical_coverage,0.6742424242424243,0.6642424242424243,-0.010000000000000009,0.010000000000000009,-0.014831460674157314
model_feature,directional_extrapolation,hgb,ringdown_plus_all_shooting,k,empirical_coverage,0.44242424242424244,0.3472463768115942,-0.09517786561264824,0.09517786561264824,-0.2151280524121501
model_feature,directional_extrapolation,hgb,ringdown_plus_all_shooting,wq,empirical_coverage,0.6272727272727272,0.4106060606060606,-0.21666666666666662,0.21666666666666662,-0.34541062801932365
model_feature,directional_extrapolation,hgb,ringdown_plus_photon_geometry,k,empirical_coverage,0.4121212121212121,0.36608695652173917,-0.04603425559947294,0.04603425559947294,-0.111700767263427
model_feature,directional_extrapolation,hgb,ringdown_plus_photon_geometry,wq,empirical_coverage,0.7033333333333334,0.5042424242424243,-0.1990909090909091,0.1990909090909091,-0.28306764325721673
model_feature,directional_extrapolation,mlp,all_shooting,k,empirical_coverage,0.5181818181818181,0.4293939393939394,-0.0887878787878787,0.0887878787878787,-0.17134502923976594
model_feature,directional_extrapolation,mlp,all_shooting,wq,empirical_coverage,0.6521212121212121,0.5454545454545454,-0.10666666666666669,0.10666666666666669,-0.16356877323420077
model_feature,directional_extrapolation,mlp,photon_geometry,k,empirical_coverage,0.5848484848484848,0.5878787878787879,0.00303030303030305,0.00303030303030305,0.0051813471502591005
model_feature,directional_extrapolation,mlp,photon_geometry,wq,empirical_coverage,0.7118181818181819,0.5784848484848485,-0.13333333333333341,0.13333333333333341,-0.18731375053214142
model_feature,directional_extrapolation,mlp,ringdown,k,empirical_coverage,0.6272727272727272,0.6487878787878788,0.021515151515151598,0.021515151515151598,0.034299516908212695
model_feature,directional_extrapolation,mlp,ringdown,wq,empirical_coverage,0.52,0.4633333333333333,-0.0566666666666667,0.0566666666666667,-0.10897435897435903
model_feature,directional_extrapolation,mlp,ringdown_plus_all_shooting,k,empirical_coverage,0.5212121212121212,0.5357575757575758,0.014545454545454528,0.014545454545454528,0.02790697674418601
model_feature,directional_extrapolation,mlp,ringdown_plus_all_shooting,wq,empirical_coverage,0.7078787878787879,0.6712121212121211,-0.036666666666666736,0.036666666666666736,-0.05179794520547955
model_feature,directional_extrapolation,mlp,ringdown_plus_photon_geometry,k,empirical_coverage,0.5878787878787879,0.6166666666666667,0.028787878787878807,0.028787878787878807,0.04896907216494849
model_feature,directional_extrapolation,mlp,ringdown_plus_photon_geometry,wq,empirical_coverage,0.6987878787878787,0.5954545454545455,-0.10333333333333328,0.10333333333333328,-0.14787510841283602
model_feature,directional_extrapolation,random_forest,all_shooting,k,empirical_coverage,0.3696969696969697,0.3396574440052701,-0.030039525691699598,0.030039525691699598,-0.08125445473984318
model_feature,directional_extrapolation,random_forest,all_shooting,wq,empirical_coverage,0.6533333333333333,0.36787878787878786,-0.28545454545454546,0.28545454545454546,-0.43692022263450836
model_feature,directional_extrapolation,random_forest,photon_geometry,k,empirical_coverage,0.48787878787878786,0.5,0.012121212121212144,0.012121212121212144,0.024844720496894457
model_feature,directional_extrapolation,random_forest,photon_geometry,wq,empirical_coverage,0.64,0.4806060606060606,-0.15939393939393942,0.15939393939393942,-0.24905303030303033
model_feature,directional_extrapolation,random_forest,ringdown,k,empirical_coverage,0.2545454545454546,0.24478260869565216,-0.009762845849802415,0.009762845849802415,-0.038354037267080913
model_feature,directional_extrapolation,random_forest,ringdown,wq,empirical_coverage,0.76,0.6121212121212121,-0.14787878787878794,0.14787878787878794,-0.1945773524720894
model_feature,directional_extrapolation,random_forest,ringdown_plus_all_shooting,k,empirical_coverage,0.19090909090909092,0.22333333333333333,0.03242424242424241,0.03242424242424241,0.16984126984126977
model_feature,directional_extrapolation,random_forest,ringdown_plus_all_shooting,wq,empirical_coverage,0.6533333333333333,0.36787878787878786,-0.28545454545454546,0.28545454545454546,-0.43692022263450836
model_feature,directional_extrapolation,random_forest,ringdown_plus_photon_geometry,k,empirical_coverage,0.2363636363636364,0.21869565217391304,-0.017667984189723346,0.017667984189723346,-0.07474916387959876
model_feature,directional_extrapolation,random_forest,ringdown_plus_photon_geometry,wq,empirical_coverage,0.6433333333333333,0.48878787878787877,-0.15454545454545454,0.15454545454545454,-0.24022609514837495
model_feature,grouped_physical_interpolation,hgb,all_shooting,k,empirical_coverage,0.6396694214876033,0.6727272727272727,0.03305785123966942,0.03305785123966942,0.0516795865633075
model_feature,grouped_physical_interpolation,hgb,all_shooting,wq,empirical_coverage,0.8863636363636364,0.7754545454545455,-0.11090909090909085,0.11090909090909085,-0.12512820512820505
model_feature,grouped_physical_interpolation,hgb,photon_geometry,k,empirical_coverage,0.6942148760330579,0.6936363636363636,-0.000578512396694264,0.000578512396694264,-0.0008333333333334041
model_feature,grouped_physical_interpolation,hgb,photon_geometry,wq,empirical_coverage,0.850909090909091,0.7772727272727272,-0.07363636363636372,0.07363636363636372,-0.08653846153846163
model_feature,grouped_physical_interpolation,hgb,ringdown,k,empirical_coverage,0.8909090909090909,0.8718181818181818,-0.019090909090909047,0.019090909090909047,-0.02142857142857138
model_feature,grouped_physical_interpolation,hgb,ringdown,wq,empirical_coverage,0.7118181818181818,0.6990909090909091,-0.012727272727272698,0.012727272727272698,-0.017879948914431634
model_feature,grouped_physical_interpolation,hgb,ringdown_plus_all_shooting,k,empirical_coverage,0.8537190082644628,0.8636363636363636,0.00991735537190086,0.00991735537190086,0.011616650532429856
model_feature,grouped_physical_interpolation,hgb,ringdown_plus_all_shooting,wq,empirical_coverage,0.8827272727272727,0.7727272727272727,-0.10999999999999999,0.10999999999999999,-0.12461380020597321
model_feature,grouped_physical_interpolation,hgb,ringdown_plus_photon_geometry,k,empirical_coverage,0.8636363636363636,0.8472727272727273,-0.016363636363636358,0.016363636363636358,-0.018947368421052626
model_feature,grouped_physical_interpolation,hgb,ringdown_plus_photon_geometry,wq,empirical_coverage,0.8481818181818181,0.7790909090909091,-0.06909090909090909,0.06909090909090909,-0.08145766345123259
model_feature,grouped_physical_interpolation,mlp,all_shooting,k,empirical_coverage,0.7611570247933884,0.7363636363636363,-0.024793388429752095,0.024793388429752095,-0.032573289902280166
model_feature,grouped_physical_interpolation,mlp,all_shooting,wq,empirical_coverage,0.8427272727272728,0.7790909090909091,-0.06363636363636371,0.06363636363636371,-0.07551240560949307
model_feature,grouped_physical_interpolation,mlp,photon_geometry,k,empirical_coverage,0.7223140495867768,0.7081818181818181,-0.014132231404958673,0.014132231404958673,-0.019565217391304342
model_feature,grouped_physical_interpolation,mlp,photon_geometry,wq,empirical_coverage,0.8618181818181818,0.7818181818181819,-0.07999999999999996,0.07999999999999996,-0.09282700421940923
model_feature,grouped_physical_interpolation,mlp,ringdown,k,empirical_coverage,0.7322314049586777,0.7327272727272728,0.0004958677685951152,0.0004958677685951152,0.0006772009029346381
model_feature,grouped_physical_interpolation,mlp,ringdown,wq,empirical_coverage,0.84,0.7336363636363636,-0.10636363636363633,0.10636363636363633,-0.12662337662337658
model_feature,grouped_physical_interpolation,mlp,ringdown_plus_all_shooting,k,empirical_coverage,0.7330578512396694,0.7536363636363637,0.020578512396694282,0.020578512396694282,0.028072153325817455
model_feature,grouped_physical_interpolation,mlp,ringdown_plus_all_shooting,wq,empirical_coverage,0.860909090909091,0.769090909090909,-0.09181818181818191,0.09181818181818191,-0.10665258711721234
model_feature,grouped_physical_interpolation,mlp,ringdown_plus_photon_geometry,k,empirical_coverage,0.731404958677686,0.7272727272727273,-0.004132231404958664,0.004132231404958664,-0.005649717514124275
model_feature,grouped_physical_interpolation,mlp,ringdown_plus_photon_geometry,wq,empirical_coverage,0.8618181818181818,0.7572727272727273,-0.1045454545454545,0.1045454545454545,-0.12130801687763708
model_feature,grouped_physical_interpolation,random_forest,all_shooting,k,empirical_coverage,0.5768595041322314,0.5736363636363636,-0.0032231404958678045,0.0032231404958678045,-0.0055873925501433285
model_feature,grouped_physical_interpolation,random_forest,all_shooting,wq,empirical_coverage,0.8690909090909091,0.7245454545454545,-0.14454545454545464,0.14454545454545464,-0.16631799163179928
model_feature,grouped_physical_interpolation,random_forest,photon_geometry,k,empirical_coverage,0.5429752066115703,0.5609090909090909,0.01793388429752063,0.01793388429752063,0.03302891933028913
model_feature,grouped_physical_interpolation,random_forest,photon_geometry,wq,empirical_coverage,0.8409090909090909,0.7627272727272727,-0.07818181818181824,0.07818181818181824,-0.09297297297297304
model_feature,grouped_physical_interpolation,random_forest,ringdown,k,empirical_coverage,0.7082644628099174,0.7245454545454545,0.016280991735537098,0.016280991735537098,0.022987164527421104
model_feature,grouped_physical_interpolation,random_forest,ringdown,wq,empirical_coverage,0.6654545454545454,0.5781818181818181,-0.08727272727272728,0.08727272727272728,-0.13114754098360656
model_feature,grouped_physical_interpolation,random_forest,ringdown_plus_all_shooting,k,empirical_coverage,0.675206611570248,0.7018181818181818,0.026611570247933813,0.026611570247933813,0.03941248470012229
model_feature,grouped_physical_interpolation,random_forest,ringdown_plus_all_shooting,wq,empirical_coverage,0.8645454545454545,0.7290909090909091,-0.13545454545454538,0.13545454545454538,-0.1566771819137749
model_feature,grouped_physical_interpolation,random_forest,ringdown_plus_photon_geometry,k,empirical_coverage,0.6760330578512397,0.7136363636363636,0.03760330578512394,0.03760330578512394,0.05562347188264055
model_feature,grouped_physical_interpolation,random_forest,ringdown_plus_photon_geometry,wq,empirical_coverage,0.8309090909090909,0.7618181818181818,-0.06909090909090909,0.06909090909090909,-0.08315098468271334
model_feature,random_interpolation,hgb,all_shooting,k,empirical_coverage,0.875,0.8849557522123894,0.009955752212389424,0.009955752212389424,0.011378002528445055
model_feature,random_interpolation,hgb,all_shooting,wq,empirical_coverage,0.9823008849557522,0.9292035398230089,-0.053097345132743334,0.053097345132743334,-0.05405405405405403
model_feature,random_interpolation,hgb,photon_geometry,k,empirical_coverage,0.8083333333333333,0.8938053097345132,0.08547197640117987,0.08547197640117987,0.10573852750661428
model_feature,random_interpolation,hgb,photon_geometry,wq,empirical_coverage,0.9557522123893806,0.8849557522123894,-0.07079646017699115,0.07079646017699115,-0.07407407407407407
model_feature,random_interpolation,hgb,ringdown,k,empirical_coverage,0.95,0.9557522123893806,0.005752212389380618,0.005752212389380618,0.006054960409874335
model_feature,random_interpolation,hgb,ringdown,wq,empirical_coverage,0.9469026548672567,0.8761061946902655,-0.07079646017699115,0.07079646017699115,-0.07476635514018691
model_feature,random_interpolation,hgb,ringdown_plus_all_shooting,k,empirical_coverage,0.925,0.911504424778761,-0.013495575221239009,0.013495575221239009,-0.014589811049988117
model_feature,random_interpolation,hgb,ringdown_plus_all_shooting,wq,empirical_coverage,0.9734513274336283,0.9292035398230089,-0.04424778761061943,0.04424778761061943,-0.045454545454545414
model_feature,random_interpolation,hgb,ringdown_plus_photon_geometry,k,empirical_coverage,0.9083333333333333,0.9203539823008849,0.012020648967551617,0.012020648967551617,0.013233741982625634
model_feature,random_interpolation,hgb,ringdown_plus_photon_geometry,wq,empirical_coverage,0.9646017699115044,0.9292035398230089,-0.03539823008849552,0.03539823008849552,-0.036697247706421965
model_feature,random_interpolation,mlp,all_shooting,k,empirical_coverage,0.95,0.9823008849557522,0.03230088495575223,0.03230088495575223,0.03400093153237077
model_feature,random_interpolation,mlp,all_shooting,wq,empirical_coverage,0.9734513274336283,0.9469026548672567,-0.02654867256637161,0.02654867256637161,-0.027272727272727202
model_feature,random_interpolation,mlp,photon_geometry,k,empirical_coverage,0.9083333333333333,0.9734513274336283,0.06511799410029495,0.06511799410029495,0.07168953478931554
model_feature,random_interpolation,mlp,photon_geometry,wq,empirical_coverage,0.9734513274336283,0.9646017699115044,-0.008849557522123908,0.008849557522123908,-0.009090909090909106
model_feature,random_interpolation,mlp,ringdown,k,empirical_coverage,0.9,0.9469026548672567,0.04690265486725664,0.04690265486725664,0.052114060963618494
model_feature,random_interpolation,mlp,ringdown,wq,empirical_coverage,0.9469026548672567,0.8849557522123894,-0.06194690265486724,0.06194690265486724,-0.06542056074766353
model_feature,random_interpolation,mlp,ringdown_plus_all_shooting,k,empirical_coverage,0.8916666666666667,0.9026548672566371,0.01098820058997041,0.01098820058997041,0.012323215614920084
model_feature,random_interpolation,mlp,ringdown_plus_all_shooting,wq,empirical_coverage,0.9469026548672567,0.9469026548672567,0.0,0.0,0.0
model_feature,random_interpolation,mlp,ringdown_plus_photon_geometry,k,empirical_coverage,0.8916666666666667,0.9292035398230089,0.03753687315634213,0.03753687315634213,0.04209742783888837
model_feature,random_interpolation,mlp,ringdown_plus_photon_geometry,wq,empirical_coverage,0.9646017699115044,0.9203539823008849,-0.04424778761061943,0.04424778761061943,-0.045871559633027484
model_feature,random_interpolation,random_forest,all_shooting,k,empirical_coverage,0.85,0.8938053097345132,0.04380530973451324,0.04380530973451324,0.05153565851119205
model_feature,random_interpolation,random_forest,all_shooting,wq,empirical_coverage,0.9734513274336283,0.9469026548672567,-0.02654867256637161,0.02654867256637161,-0.027272727272727202
model_feature,random_interpolation,random_forest,photon_geometry,k,empirical_coverage,0.8166666666666667,0.8672566371681416,0.05058997050147496,0.05058997050147496,0.0619469026548673
model_feature,random_interpolation,random_forest,photon_geometry,wq,empirical_coverage,0.9646017699115044,0.9203539823008849,-0.04424778761061943,0.04424778761061943,-0.045871559633027484
model_feature,random_interpolation,random_forest,ringdown,k,empirical_coverage,0.8583333333333333,0.9026548672566371,0.044321533923303846,0.044321533923303846,0.05163673855142196
model_feature,random_interpolation,random_forest,ringdown,wq,empirical_coverage,0.9469026548672567,0.9203539823008849,-0.026548672566371723,0.026548672566371723,-0.028037383177570135
model_feature,random_interpolation,random_forest,ringdown_plus_all_shooting,k,empirical_coverage,0.775,0.8761061946902655,0.1011061946902655,0.1011061946902655,0.13045960605195547
model_feature,random_interpolation,random_forest,ringdown_plus_all_shooting,wq,empirical_coverage,0.9646017699115044,0.9380530973451328,-0.02654867256637161,0.02654867256637161,-0.027522935779816442
model_feature,random_interpolation,random_forest,ringdown_plus_photon_geometry,k,empirical_coverage,0.7916666666666666,0.9026548672566371,0.1109882005899705,0.1109882005899705,0.14019562179785747
model_feature,random_interpolation,random_forest,ringdown_plus_photon_geometry,wq,empirical_coverage,0.9646017699115044,0.9380530973451328,-0.02654867256637161,0.02654867256637161,-0.027522935779816442
protocol_headline,directional_extrapolation,all_learned,all_primary,k,NMAE,0.17140892858922352,0.15667535348543885,-0.014733575103784674,0.014733575103784674,-0.08595570385422135
protocol_headline,directional_extrapolation,all_learned,all_primary,wq,NMAE,0.20375644998740178,0.20322293742412695,-0.0005335125632748294,0.0005335125632748294,-0.0026183836796715705
protocol_headline,grouped_physical_interpolation,all_learned,all_primary,k,NMAE,0.05276987743296335,0.0594436261333338,0.006673748700370449,0.006673748700370449,0.12646890660014326
protocol_headline,grouped_physical_interpolation,all_learned,all_primary,wq,NMAE,0.08744998810003496,0.08589757091362141,-0.0015524171864135516,0.0015524171864135516,-0.017752057148798298
protocol_headline,random_interpolation,all_learned,all_primary,k,NMAE,0.047064502256338035,0.0386627415458937,-0.008401760710444336,0.008401760710444336,-0.17851587306042097
protocol_headline,random_interpolation,all_learned,all_primary,wq,NMAE,0.062098420564984005,0.0623330657746548,0.00023464520967079322,0.00023464520967079322,0.0037786018957639113
protocol_headline,directional_extrapolation,all_learned,all_primary,k,empirical_coverage,0.509090909090909,0.4793939393939394,-0.029696969696969666,0.029696969696969666,-0.05833333333333328
protocol_headline,directional_extrapolation,all_learned,all_primary,wq,empirical_coverage,0.66,0.509090909090909,-0.150909090909091,0.150909090909091,-0.22865013774104695
protocol_headline,grouped_physical_interpolation,all_learned,all_primary,k,empirical_coverage,0.7223140495867768,0.7245454545454545,0.002231404958677685,0.002231404958677685,0.0030892448512585802
protocol_headline,grouped_physical_interpolation,all_learned,all_primary,wq,empirical_coverage,0.850909090909091,0.7627272727272727,-0.08818181818181825,0.08818181818181825,-0.10363247863247871
protocol_headline,random_interpolation,all_learned,all_primary,k,empirical_coverage,0.8916666666666667,0.9026548672566371,0.01098820058997041,0.01098820058997041,0.012323215614920084
protocol_headline,random_interpolation,all_learned,all_primary,wq,empirical_coverage,0.9646017699115044,0.9292035398230089,-0.03539823008849552,0.03539823008849552,-0.036697247706421965
