feature_set,feature_label,protocol,model,aggregation,median_identifiable_wq_NMAE,q25_identifiable_wq_NMAE,q75_identifiable_wq_NMAE,n_rows
ringdown,Ringdown,directional_extrapolation,hgb,median across registered fold/seed/direction rows,0.35020830272393044,0.3009453125895845,0.4553803869144294,20
ringdown_plus_photon_geometry,Ringdown + photon geometry,directional_extrapolation,hgb,median across registered fold/seed/direction rows,0.21463885324652637,0.15766431502296308,0.24862768082776046,20
ringdown,Ringdown,directional_extrapolation,mlp,median across registered fold/seed/direction rows,0.18390061861016638,0.10253422012035107,0.28630746380971445,20
ringdown_plus_photon_geometry,Ringdown + photon geometry,directional_extrapolation,mlp,median across registered fold/seed/direction rows,0.1896016271970194,0.1471624996989605,0.4529121317164322,20
ringdown,Ringdown,directional_extrapolation,random_forest,median across registered fold/seed/direction rows,0.3515967680247444,0.325197313022616,0.36454392054781815,20
ringdown_plus_photon_geometry,Ringdown + photon geometry,directional_extrapolation,random_forest,median across registered fold/seed/direction rows,0.203280753109324,0.15312253091046962,0.22960727850436707,20
ringdown,Ringdown,grouped_physical_interpolation,mlp,median across registered fold/seed/direction rows,0.0728975978980645,0.04182998989787948,0.1546464628715028,90
ringdown_plus_photon_geometry,Ringdown + photon geometry,grouped_physical_interpolation,mlp,median across registered fold/seed/direction rows,0.07375057428921941,0.041857672383400754,0.21109312755830784,90
ringdown,Ringdown,grouped_physical_interpolation,random_forest,median across registered fold/seed/direction rows,0.3092754095184649,0.2246125933012095,0.401950467228245,90
ringdown_plus_photon_geometry,Ringdown + photon geometry,grouped_physical_interpolation,random_forest,median across registered fold/seed/direction rows,0.1113168711432592,0.07162180209836462,0.20519280872071033,90
ringdown,Ringdown,grouped_physical_interpolation,hgb,median across registered fold/seed/direction rows,0.3145413718853994,0.1763680324889244,0.4190856716220415,90
ringdown_plus_photon_geometry,Ringdown + photon geometry,grouped_physical_interpolation,hgb,median across registered fold/seed/direction rows,0.0865216633607987,0.06319601015976738,0.13829087935316373,90
ringdown_plus_redshift,Ringdown + redshift,directional_extrapolation,hgb,median across registered fold/seed/direction rows,0.1995870708749365,0.1448113484052146,0.2466295340683815,20
ringdown_plus_photon_geometry_plus_redshift,Ringdown + photon geometry + redshift,directional_extrapolation,hgb,median across registered fold/seed/direction rows,0.19459460435017495,0.12676927284099823,0.24129900816555733,20
ringdown_plus_redshift,Ringdown + redshift,directional_extrapolation,random_forest,median across registered fold/seed/direction rows,0.2021736838974241,0.12641582195706774,0.20805665469891538,20
ringdown_plus_photon_geometry_plus_redshift,Ringdown + photon geometry + redshift,directional_extrapolation,random_forest,median across registered fold/seed/direction rows,0.20063558795946135,0.11419265623779534,0.20701535866029797,20
ringdown_plus_redshift,Ringdown + redshift,directional_extrapolation,mlp,median across registered fold/seed/direction rows,0.1545363611984656,0.13676411577265737,0.35581382388113714,20
ringdown_plus_photon_geometry_plus_redshift,Ringdown + photon geometry + redshift,directional_extrapolation,mlp,median across registered fold/seed/direction rows,0.2693248101442191,0.17499480661146724,0.6898861927721587,20
ringdown_plus_redshift,Ringdown + redshift,grouped_physical_interpolation,hgb,median across registered fold/seed/direction rows,0.10123174832308043,0.08183203448477652,0.1273256281145122,90
ringdown_plus_photon_geometry_plus_redshift,Ringdown + photon geometry + redshift,grouped_physical_interpolation,hgb,median across registered fold/seed/direction rows,0.07842604648324515,0.05779511182017283,0.11098871505572128,90
ringdown_plus_redshift,Ringdown + redshift,grouped_physical_interpolation,random_forest,median across registered fold/seed/direction rows,0.09909429032029443,0.07117850384752725,0.12484297953754844,90
ringdown_plus_photon_geometry_plus_redshift,Ringdown + photon geometry + redshift,grouped_physical_interpolation,random_forest,median across registered fold/seed/direction rows,0.07919113449809548,0.057699676499280275,0.11135333884589918,90
ringdown_plus_redshift,Ringdown + redshift,grouped_physical_interpolation,mlp,median across registered fold/seed/direction rows,0.06804377884247223,0.04003848851540852,0.1426399232213687,90
ringdown_plus_photon_geometry_plus_redshift,Ringdown + photon geometry + redshift,grouped_physical_interpolation,mlp,median across registered fold/seed/direction rows,0.07399434374763984,0.043731965246021895,0.23182183312369825,90
ringdown,Ringdown,directional_extrapolation,all_models,median of archived model/direction subgroup medians; directions remain separate before aggregation,0.30106115950232515,0.2530255737802185,0.35655318817536086,12
ringdown_plus_photon_geometry,Ringdown + photon geometry,directional_extrapolation,all_models,median of archived model/direction subgroup medians; directions remain separate before aggregation,0.20477073519072048,0.1673502362503772,0.25225602562166727,12
ringdown,Ringdown,grouped_physical_interpolation,all_models,median of archived model/direction subgroup medians; directions remain separate before aggregation,0.3092754095184649,0.1910865037082647,0.3119083907019321,3
ringdown_plus_photon_geometry,Ringdown + photon geometry,grouped_physical_interpolation,all_models,median of archived model/direction subgroup medians; directions remain separate before aggregation,0.0865216633607987,0.08013611882500905,0.09891926725202894,3
ringdown_plus_redshift,Ringdown + redshift,directional_extrapolation,all_models,median of archived model/direction subgroup medians; directions remain separate before aggregation,0.19222230816143393,0.136163721794533,0.2143887326570632,12
ringdown_plus_photon_geometry_plus_redshift,Ringdown + photon geometry + redshift,directional_extrapolation,all_models,median of archived model/direction subgroup medians; directions remain separate before aggregation,0.20043122340379088,0.1599307170590922,0.23684847951133498,12
ringdown_plus_redshift,Ringdown + redshift,grouped_physical_interpolation,all_models,median of archived model/direction subgroup medians; directions remain separate before aggregation,0.09909429032029443,0.08356903458138333,0.10016301932168743,3
ringdown_plus_photon_geometry_plus_redshift,Ringdown + photon geometry + redshift,grouped_physical_interpolation,all_models,median of archived model/direction subgroup medians; directions remain separate before aggregation,0.07842604648324515,0.0762101951154425,0.07880859049067032,3
