number,title/caption,source figure/data,generating script if known,readable at final PDF scale? yes/no,axis-label overlap?,clipping?,legend collision?,font too small?,correct aggregation description?,appropriate uncertainty/dispersion?,historical/proxy versus current physical result clearly identified?,action required
Figure 1,Representative direct-branch null geodesics,paper/current_study/manuscript/shooting/phase_coloured_photon_shooting_horizontal.pdf; archived accepted phase-resolved rays,src/bhhairml/visualization/refine_shooting_figures.py,yes,no,no,no,no,yes,not applicable,yes,none
Figure 2,Physical direct-branch observables over physical phase,paper/current_study/manuscript/shooting/shooting_observables_vs_phase_refined.pdf; physical shooting outputs,src/bhhairml/visualization/refine_shooting_figures.py,yes,no,no,no,no,yes,not applicable,yes,none
Figure 3,Representative finite-difference response and separation diagnostics,paper/current_study/manuscript/figures/physical_local_sensitivity_comparison.pdf; archived Jacobian diagnostics,src/bhhairml/validation/visual_two_column_manuscript.py,yes,no,no,no,no,yes,not applicable,yes,none
Figure 4,Nominal 81-phase grid-wide complementarity summaries,paper/current_study/manuscript/figures/physical_observable_complementarity_landscape.pdf; artifacts/kiselev_identifiability_grid/jacobian_diagnostics.csv,archived manuscript plotting workflow,yes,no,no,no,no,yes,yes: median and IQR across grid points,yes,none
Table 1,Primary physical-complementarity summaries,artifacts/kiselev_identifiability_grid/grid_metrics.json; nominal 81-phase archive,manuscript table from archived metrics,yes,not applicable,no,not applicable,no,yes,not applicable,yes,none
Figure 5,Validation protocol NMAE comparison,paper/current_study/manuscript/figures/physical_ml_protocol_comparison.png; paper/current_study/data/ml/manuscript_table_v_values.csv and fold_metrics.csv,src/bhhairml/validation/physical_ml_manuscript_figures.py,yes,no,no,no,no,yes,yes: registered central statistic plus lower-level IQR,yes,none
Figure 6,Traditional and learned inverse methods,paper/current_study/manuscript/figures/traditional_vs_ml_inverse.pdf; paper/current_study/data/baselines/traditional_vs_ml_protocol_aggregate.csv,experiments/traditional_inverse_baselines/evaluate_nearest_baseline.py,yes,no,no,no,no,yes,yes: archived ML folds/seeds; deterministic baselines by registered split,yes,none
Figure 7,Empirical split-conformal coverage,paper/current_study/manuscript/figures/physical_ml_uncertainty_calibration.png; paper/current_study/data/ml/uncertainty_metrics.csv,src/bhhairml/validation/physical_ml_manuscript_figures.py,yes,no,no,no,no,yes,yes: row-level IQR and directional detail in Appendix E.4,yes,none
Figure 8,Targeted pointwise maximum normalized feature changes,paper/current_study/manuscript/figures/resolution_robustness_compact.pdf; paper/current_study/data/robustness/feature_convergence_81_161_321.csv,src/bhhairml/validation/visual_two_column_manuscript.py,yes,no,no,no,no,yes,yes: median p95 maximum and unresolved count in text/annotation,yes,none
Figure 9,Frozen-estimator sensitivity after forward convergence,paper/current_study/manuscript/figures/targeted_estimator_robustness_compact.pdf; paper/current_study/data/robustness/robust_estimator_metrics.csv,src/bhhairml/validation/visual_two_column_manuscript.py,yes,no,no,no,no,yes,yes: median p95 and largest identifiable-wq shift,yes,none
Figure 10,Historical analytic identifiability lens,paper/current_study/manuscript/figures/historical_analytic_identifiability_lens.pdf; historical synthetic benchmark archive,archived historical benchmark plotting workflow,yes,no,no,no,no,yes,not applicable,yes: caption explicitly labels historical proxies and not physical ray tracing,none
Figure 11,Historical dense synthetic rank-aware boundary,paper/current_study/manuscript/figures/learning_when_hair_is_observable_rank_aware.pdf; historical synthetic benchmark archive,src/bhhairml/workflows/reproduce_ai4s2026.py,yes,no,no,no,no,yes,not applicable,yes: caption explicitly distinguishes historical benchmark from physical shooting,none
Table 2,Registered physical feature families and exact dimensions,paper/current_study/data/features/feature_definition_table.csv,manuscript table from registered feature schema,yes,not applicable,no,not applicable,no,yes,not applicable,yes,none
Figure 12,Pointwise finite-grid minimum-singular-value maps,paper/current_study/manuscript/figures/physical_grid_minimum_singular_value.png; archived nominal Jacobian table,src/bhhairml/validation/physical_ml_manuscript_figures.py,yes,no,no,no,no,yes,not applicable,yes: exact k=0 rank loss separately marked,none
Table 3,Finite-grid stability and empirical-coverage dispersion,reviewer/_revision_2026_10/step05_uncertainty/conformal_summary.csv; jacobian_bootstrap_summary.json,scripts/reviewer_revision_step05_uncertainty_intervals.py,yes,not applicable,no,not applicable,no,yes,yes: bootstrap interval median IQR unit counts and directional rows,yes,none
Table 4,Registered versus collapsed Schwarzschild-equivalence sensitivity,reviewer/_revision_2026_10/step06_k0_equivalence/registered_vs_equivalence_summary.csv,scripts/reviewer_revision_step06_k0_equivalence.py,yes,not applicable,no,not applicable,no,yes,yes: registered-to-collapsed changes shown by protocol,yes,none
Table 5,Traditional and learned inversion comparison,paper/current_study/data/baselines/traditional_vs_ml_summary.csv,experiments/traditional_inverse_baselines/evaluate_nearest_baseline.py; evaluate_jacobian_baseline.py,yes,not applicable,no,not applicable,no,yes,yes: same registered split aggregation described in text,yes,none
Figure 13,Conditioning versus identifiable-wq recovery association,paper/current_study/manuscript/figures/conditioning_vs_wq_recovery.pdf; baseline prediction tables,experiments/traditional_inverse_baselines/conditioning_vs_recovery.py,yes,no,no,no,no,yes,yes: 95% bootstrap intervals,yes,none
Table 6,Observable-normalization sensitivity,reviewer/_revision_2026_10/step04_jacobian_scaling/scaling_summary.csv,scripts/reviewer_revision_step04_jacobian_scaling.py,yes,not applicable,no,not applicable,no,yes,yes: medians IQRs and pointwise fractions,yes,none
Figure 14,Schwarzschild arrival-time validation,paper/current_study/manuscript/figures/schwarzschild_arrival_validation_with_residuals.pdf; archived Schwarzschild validation tables,src/bhhairml/validation/manuscript_arrival_validation.py,yes,no,no,no,no,yes,not applicable,yes,none
Figure 15,Static-observer-tetrad sky tracks and residuals,paper/current_study/manuscript/shooting/observer_sky_track_with_residuals.pdf; tetrad-projected photon outputs,src/bhhairml/visualization/refine_shooting_figures.py,yes,no,no,no,no,yes,not applicable,yes,none
Figure 16,Matched Schwarzschild and Kiselev direct rays,paper/current_study/manuscript/shooting/schwarzschild_kiselev_ray_comparison.pdf; accepted matched physical rays,src/bhhairml/visualization/refine_shooting_figures.py,yes,no,no,no,no,yes,not applicable,yes,none
Figure 17,All-pairs finite-domain ambiguity audit,paper/current_study/manuscript/figures/finite_domain_global_ambiguity.pdf; paper/current_study/data/finite_domain/all_pair_distances.csv,src/bhhairml/validation/global_ambiguity_audit.py,yes,no,no,no,no,yes,not applicable,yes: k=0 structural control is visually distinct,none
Table 7,Closest finite-k observable pair by parameter separation,paper/current_study/data/finite_domain/distant_pair_summary.csv,src/bhhairml/validation/global_ambiguity_audit.py,yes,not applicable,no,not applicable,no,yes,not applicable,yes,none
Table 8,Nearest-observable-neighbor diagnostics,paper/current_study/data/finite_domain/nearest_observable_neighbors.csv,src/bhhairml/validation/global_ambiguity_audit.py,yes,not applicable,no,not applicable,no,yes,not applicable,yes,none
Table 9,Targeted frozen-estimator robustness,paper/current_study/data/robustness/robust_estimator_metrics.csv,src/bhhairml/validation/targeted_321_audit.py,yes,not applicable,no,not applicable,no,yes,yes: median 95th percentile and maximum identifiable-wq shift,yes,none
