claim/artifact,manuscript section,source data,script,config,tracked in Git?,reproducible from fresh clone?,external artifact required?,notes
Nominal 121-point physical grid,Sections 2-4 and Appendix G-H,paper/current_study/data/physical_grid/point_validation_161.csv; artifacts/kiselev_identifiability_grid/,src/bhhairml/validation/kiselev_identifiability_grid.py,configs/kiselev_identifiability_grid.yaml,yes,yes for archived-result aggregation; expensive physics rerun is separately available,no,Headline reproduction reads tracked tables and does not rerun shooting.
Uniform 161-phase audit,Section 7 and Appendix G.3,paper/current_study/data/physical_grid/grid_161_metrics.json; artifacts/journal_phase_convergence/,src/bhhairml/validation/journal_phase_convergence.py,configs/journal_phase_convergence.yaml,yes,yes for archived audit and aggregation; forward rerun is expensive,no,Tracked phase-resolved and derived audit products cover all 121 points.
Targeted 321-phase audit,Section 7 and Appendix G.1,paper/current_study/data/robustness/feature_convergence_81_161_321.csv; artifacts/targeted_321_audit/,src/bhhairml/validation/targeted_321_audit.py,configs/targeted_321_audit.yaml,yes,yes for archived feature and prediction summaries; forward rerun is expensive,no for reported summaries,All 35 preselected systems and selection reasons are tracked.
Jacobian complementarity,Section 4 and Appendix D/G.2,artifacts/kiselev_identifiability_grid/jacobian_diagnostics.csv; paper/current_study/data/jacobian/,src/bhhairml/workflows/reproduce_current_study.py; scripts/reviewer_revision_step04_jacobian_scaling.py,configs/kiselev_identifiability_grid.yaml,yes,yes,no,Published central values retain nominal 81-phase provenance; 161-phase values are a separate audit.
Inverse-learning metrics,Sections 5-6,paper/current_study/data/ml/fold_metrics.csv; summary_metrics.csv; artifacts/physical_shooting_ml_validation/,src/bhhairml/workflows/reproduce_current_study.py; src/bhhairml/validation/physical_shooting_ml_validation.py,configs/physical_shooting_ml_validation.yaml,yes,yes for archived predictions and headline aggregation,no,Fresh-clone reproduction does not retrain models.
Conformal coverage,Section 6 and Appendix E.3-E.4,paper/current_study/data/ml/uncertainty_metrics.csv; reviewer/_revision_2026_10/step05_uncertainty/,scripts/reviewer_revision_step05_uncertainty_intervals.py,configs/physical_shooting_ml_validation.yaml,yes,yes from archived prediction/coverage tables,no,Row-level IQR directional summaries and per-unit Wilson intervals are tracked.
Frozen-estimator robustness,Section 7 and Appendix I,paper/current_study/data/robustness/robust_estimator_metrics.csv; artifacts/targeted_321_audit/frozen_prediction_comparison_161_321.csv,src/bhhairml/validation/targeted_321_audit.py,configs/targeted_321_audit.yaml,predictions and summaries yes; serialized estimators no,yes for reported aggregation; no for bitwise estimator replay,yes: 5520 serialized estimators approximately 822 MB,No permanent public archive currently exists; retraining would not be bitwise replay.
Step 3 rank-preservation audit,Section 7 and Appendix G.1,reviewer/_revision_2026_10/step03_targeted321/point_level_resolution_summary.csv; rank_correlation_summary.json,scripts/reviewer_revision_step03_targeted321.py,configs/targeted_321_audit.yaml,yes,yes,no,Scope is the selected 35-system set and does not rank the other 86 systems.
Step 4 Jacobian scaling sensitivity,Section 4 and Appendix G.2,reviewer/_revision_2026_10/step04_jacobian_scaling/pointwise_scaling_sensitivity.csv; scaling_summary.csv,scripts/reviewer_revision_step04_jacobian_scaling.py,configs/kiselev_identifiability_grid.yaml,yes,yes,no,Registered Jacobian values reproduce before alternative scaling summaries are evaluated.
Step 5 uncertainty analysis,Sections 4 and 6 and Appendix E.4,reviewer/_revision_2026_10/step05_uncertainty/conformal_unit_intervals.csv; conformal_summary.csv; jacobian_bootstrap_summary.json,scripts/reviewer_revision_step05_uncertainty_intervals.py,configs/physical_shooting_ml_validation.yaml,yes,yes,no,Finite-grid bootstrap and evaluation-unit Wilson diagnostics use archived results only.
Step 6 k=0-equivalence sensitivity,Sections 5-6 and Appendix E.5,reviewer/_revision_2026_10/step06_k0_equivalence/,scripts/reviewer_revision_step06_k0_equivalence.py,configs/physical_shooting_ml_validation.yaml,yes,yes for tracked outputs and documented sensitivity workflow,no for the reported machine-readable sensitivity outputs,Collapse changes both Schwarzschild multiplicity and nominal-wq removal; those effects are not separately identified.
