feature_set,protocol,target,model,median_NMAE,q25_NMAE,q75_NMAE,n_rows
rd_obs,directional_extrapolation,k,hgb,0.24267057253239055,0.18143088903730883,0.3112637012262952,20
rd_obs,directional_extrapolation,wq,hgb,0.39353626376462125,0.31714205329200684,0.5148114946748362,20
rd_obs_redshift,directional_extrapolation,k,hgb,0.1899323561014315,0.11864452595541584,0.2627010802388886,20
rd_obs_redshift,directional_extrapolation,wq,hgb,0.1983118344959434,0.14152241573787527,0.2459090455145411,20
rd_obs_sky,directional_extrapolation,k,hgb,0.2100481792139427,0.14615144288940102,0.28362758010230527,20
rd_obs_sky,directional_extrapolation,wq,hgb,0.21622899778279286,0.16623108102587,0.24692780961780622,20
rd_obs_redshift_sky,directional_extrapolation,k,hgb,0.18760409357825686,0.12882986833778146,0.25710076864727793,20
rd_obs_redshift_sky,directional_extrapolation,wq,hgb,0.19435566781125357,0.13318186794877904,0.24199693896975555,20
rd_obs,directional_extrapolation,k,random_forest,0.18891271389945635,0.16301689855809165,0.2373212208666754,20
rd_obs,directional_extrapolation,wq,random_forest,0.4236423133650341,0.371711770005421,0.4762282126280033,20
rd_obs_redshift,directional_extrapolation,k,random_forest,0.16954564995190002,0.11216204455266954,0.2131858315295816,20
rd_obs_redshift,directional_extrapolation,wq,random_forest,0.20230771185016905,0.12130613665601961,0.20986527935248067,20
rd_obs_sky,directional_extrapolation,k,random_forest,0.19876520161936834,0.15335886803642482,0.247449216871092,20
rd_obs_sky,directional_extrapolation,wq,random_forest,0.203977226535956,0.1566234791609975,0.22875678055165363,20
rd_obs_redshift_sky,directional_extrapolation,k,random_forest,0.18005375681417354,0.1332758626579649,0.21748033910533923,20
rd_obs_redshift_sky,directional_extrapolation,wq,random_forest,0.2009781410094879,0.11464922765181337,0.207525058385175,20
rd_obs,directional_extrapolation,k,mlp,0.19461050194033577,0.17933457227137264,0.2200104480171304,20
rd_obs,directional_extrapolation,wq,mlp,0.4361104309432724,0.3445941916911087,0.49270719483577385,20
rd_obs_redshift,directional_extrapolation,k,mlp,0.09037242848859103,0.07491504580472794,0.14054618172262434,20
rd_obs_redshift,directional_extrapolation,wq,mlp,0.1654946048907242,0.13989792514412233,0.22320949805082207,20
rd_obs_sky,directional_extrapolation,k,mlp,0.1202823108771712,0.09984392472198357,0.2514951506790676,20
rd_obs_sky,directional_extrapolation,wq,mlp,0.261309962585581,0.1540860945970632,0.4683534707452519,20
rd_obs_redshift_sky,directional_extrapolation,k,mlp,0.13389226753574307,0.07492437622253778,0.23032594249657734,20
rd_obs_redshift_sky,directional_extrapolation,wq,mlp,0.19873609660087543,0.14678513247903635,0.29582576829336654,20
rd_obs,grouped_physical_interpolation,k,hgb,0.11196249561842903,0.09615075831835782,0.17167903307427868,90
rd_obs,grouped_physical_interpolation,wq,hgb,0.3885642417883748,0.22212179572350907,0.48438641108191216,90
rd_obs_redshift,grouped_physical_interpolation,k,hgb,0.08823137364411734,0.04132855363424313,0.16913798774425542,90
rd_obs_redshift,grouped_physical_interpolation,wq,hgb,0.09850531507840676,0.08224761673939307,0.12336654528651976,90
rd_obs_sky,grouped_physical_interpolation,k,hgb,0.10624926118046289,0.0682007571774935,0.16572458121619804,90
rd_obs_sky,grouped_physical_interpolation,wq,hgb,0.09037123736541502,0.07008448024649198,0.1603629505424436,90
rd_obs_redshift_sky,grouped_physical_interpolation,k,hgb,0.09412442650480975,0.038708028404430966,0.1875439147453839,90
rd_obs_redshift_sky,grouped_physical_interpolation,wq,hgb,0.08588481052569122,0.06035231634348376,0.11566920836918232,90
rd_obs,grouped_physical_interpolation,k,random_forest,0.1195491347001764,0.07004498904596552,0.19937872023809516,90
rd_obs,grouped_physical_interpolation,wq,random_forest,0.4591540958058839,0.23964184299273664,0.5132063238019877,90
rd_obs_redshift,grouped_physical_interpolation,k,random_forest,0.0959301008597882,0.048558024440837066,0.15326785714285718,90
rd_obs_redshift,grouped_physical_interpolation,wq,random_forest,0.10114764543583929,0.07127358906525598,0.12418677530811784,90
rd_obs_sky,grouped_physical_interpolation,k,random_forest,0.13682205894510577,0.07923132991622572,0.18592745535714286,90
rd_obs_sky,grouped_physical_interpolation,wq,random_forest,0.11080010445536176,0.0711954699703962,0.21027667023599494,90
rd_obs_redshift_sky,grouped_physical_interpolation,k,random_forest,0.10458453207671961,0.06342889929803999,0.17399517746913565,90
rd_obs_redshift_sky,grouped_physical_interpolation,wq,random_forest,0.08008912736905471,0.061307753579827026,0.11753451532361818,90
rd_obs,grouped_physical_interpolation,k,mlp,0.10990927543681026,0.06752006112497264,0.22583540270690544,90
rd_obs,grouped_physical_interpolation,wq,mlp,0.38618454313518835,0.18361383995163919,0.4728608822056285,90
rd_obs_redshift,grouped_physical_interpolation,k,mlp,0.03601285821688948,0.021065834277264245,0.07259383612980028,90
rd_obs_redshift,grouped_physical_interpolation,wq,mlp,0.07140503982108892,0.03754326579181025,0.13934180719260625,90
rd_obs_sky,grouped_physical_interpolation,k,mlp,0.04030153288330549,0.022258362039653954,0.08565663590486826,90
rd_obs_sky,grouped_physical_interpolation,wq,mlp,0.07102235358782108,0.039168816579745226,0.21058616231740435,90
rd_obs_redshift_sky,grouped_physical_interpolation,k,mlp,0.039333307607580664,0.02037092321387648,0.09361973009224692,90
rd_obs_redshift_sky,grouped_physical_interpolation,wq,mlp,0.08072731239988468,0.037249473789292546,0.22739044814814025,90
rd_obs,random_interpolation,k,hgb,0.1264258472438927,0.12217243094451567,0.13799893885433742,5
rd_obs,random_interpolation,wq,hgb,0.2832552857911493,0.27559582228113444,0.2987957263184243,5
rd_obs_redshift,random_interpolation,k,hgb,0.08214597870184369,0.06465335605126363,0.08599093596027338,5
rd_obs_redshift,random_interpolation,wq,hgb,0.08072301679317635,0.07882864440810584,0.0810588661422499,5
rd_obs_sky,random_interpolation,k,hgb,0.08486722060489549,0.07242174500318634,0.09393199938918821,5
rd_obs_sky,random_interpolation,wq,hgb,0.08853844698679757,0.07336319270841242,0.0970376290174501,5
rd_obs_redshift_sky,random_interpolation,k,hgb,0.08524694418801647,0.06615583253365225,0.08773854425571972,5
rd_obs_redshift_sky,random_interpolation,wq,hgb,0.06563658096650943,0.060058787257557304,0.07470147103324644,5
rd_obs,random_interpolation,k,random_forest,0.12184542675688519,0.11559700176366842,0.13952579365079373,5
rd_obs,random_interpolation,wq,random_forest,0.2968108825771877,0.2851899661610456,0.3224613488429383,5
rd_obs_redshift,random_interpolation,k,random_forest,0.05454127084335419,0.04770539462466547,0.06510920965608472,5
rd_obs_redshift,random_interpolation,wq,random_forest,0.06738775284626702,0.05946484444931686,0.070168068727065,5
rd_obs_sky,random_interpolation,k,random_forest,0.07466324955908292,0.06631085099314268,0.0810780009920636,5
rd_obs_sky,random_interpolation,wq,random_forest,0.09024478434624522,0.07021963075456873,0.09131698697425056,5
rd_obs_redshift_sky,random_interpolation,k,random_forest,0.059524774029982366,0.050967299386570256,0.06737796366442197,5
rd_obs_redshift_sky,random_interpolation,wq,random_forest,0.054964565668886266,0.051825819028631655,0.058034007851458486,5
rd_obs,random_interpolation,k,mlp,0.10678499093508619,0.09072802845053185,0.12193424433451706,5
rd_obs,random_interpolation,wq,mlp,0.2747189408951277,0.2713051525564465,0.2839048281001282,5
rd_obs_redshift,random_interpolation,k,mlp,0.019774016632271303,0.016678052581180214,0.032857415238598545,5
rd_obs_redshift,random_interpolation,wq,mlp,0.05499346207671542,0.02497681021167308,0.057896843980981515,5
rd_obs_sky,random_interpolation,k,mlp,0.026810306411195115,0.01861246211058116,0.038813813001429893,5
rd_obs_sky,random_interpolation,wq,mlp,0.028110920038843083,0.027140669719628863,0.04399669930867686,5
rd_obs_redshift_sky,random_interpolation,k,mlp,0.023023231039203434,0.01956312655739961,0.02798055651692998,5
rd_obs_redshift_sky,random_interpolation,wq,mlp,0.035435937849282416,0.02391849066042735,0.2684362082409463,5
rd_obs,directional_extrapolation,k,all_models,0.20707622495255668,0.177630473454509,0.23418606215258392,12
rd_obs,directional_extrapolation,wq,all_models,0.4238703436104303,0.3343757390307815,0.5031152128965213,12
rd_obs,grouped_physical_interpolation,k,all_models,0.11196249561842903,0.11093588552761964,0.11575581515930272,3
rd_obs,grouped_physical_interpolation,wq,all_models,0.3885642417883748,0.38737439246178157,0.42385916879712937,3
rd_obs,random_interpolation,k,all_models,0.12184542675688519,0.11431520884598569,0.12413563700038893,3
rd_obs,random_interpolation,wq,all_models,0.2832552857911493,0.2789871133431385,0.2900330841841685,3
rd_obs_redshift,directional_extrapolation,k,all_models,0.12328457162829803,0.10963817992947783,0.21320625901875906,12
rd_obs_redshift,directional_extrapolation,wq,all_models,0.17498261345508256,0.14588961958087157,0.21760540819807503,12
rd_obs_redshift,grouped_physical_interpolation,k,all_models,0.08823137364411734,0.062122115930503416,0.09208073725195277,3
rd_obs_redshift,grouped_physical_interpolation,wq,all_models,0.09850531507840676,0.08495517744974784,0.09982648025712303,3
rd_obs_redshift,random_interpolation,k,all_models,0.05454127084335419,0.037157643737812746,0.06834362477259893,3
rd_obs_redshift,random_interpolation,wq,all_models,0.06738775284626702,0.06119060746149122,0.07405538481972168,3
rd_obs_redshift_sky,directional_extrapolation,k,all_models,0.1770789865647821,0.11945406773610777,0.2397523278099491,12
rd_obs_redshift_sky,directional_extrapolation,wq,all_models,0.19490667760370076,0.15702946686910618,0.22832928109852235,12
rd_obs_redshift_sky,grouped_physical_interpolation,k,all_models,0.09412442650480975,0.06672886705619521,0.09935447929076469,3
rd_obs_redshift_sky,grouped_physical_interpolation,wq,all_models,0.08072731239988468,0.0804082198844697,0.08330606146278795,3
rd_obs_redshift_sky,random_interpolation,k,all_models,0.059524774029982366,0.0412740025345929,0.07238585910899942,3
rd_obs_redshift_sky,random_interpolation,wq,all_models,0.054964565668886266,0.04520025175908434,0.06030057331769785,3
rd_obs_sky,directional_extrapolation,k,all_models,0.16947254831042025,0.13219484087136227,0.25687043231493145,12
rd_obs_sky,directional_extrapolation,wq,all_models,0.21790976783531968,0.17376019256768815,0.2864391948885637,12
rd_obs_sky,grouped_physical_interpolation,k,all_models,0.10624926118046289,0.0732753970318842,0.12153566006278432,3
rd_obs_sky,grouped_physical_interpolation,wq,all_models,0.09037123736541502,0.08069679547661805,0.10058567091038839,3
rd_obs_sky,random_interpolation,k,all_models,0.07466324955908292,0.050736777985139016,0.07976523508198921,3
rd_obs_sky,random_interpolation,wq,all_models,0.08853844698679757,0.05832468351282032,0.0893916156665214,3
