scheme,k,wq,feature_set,n_features,sigma_max,sigma_min,condition_number,numerical_rank,rank_tolerance,exact_k_zero,derivative_quality
q95_q05,0.0,-0.7125,rd_obs,2,1.7819030033842025,0.0,inf,1,1.7819030033842027e-10,True,one_sided
q95_q05,0.0,-0.7125,rd_obs_redshift,11,5.229454070719296,0.0,inf,1,5.229454070719296e-10,True,one_sided
q95_q05,0.0,-0.7125,rd_obs_sky,20,8.516174702342857,0.0,inf,1,8.516174702342858e-10,True,one_sided
q95_q05,0.0,-0.7125,rd_obs_redshift_sky,29,9.833475638100571,0.0,inf,1,9.833475638100572e-10,True,one_sided
q95_q05,0.0,-0.69,rd_obs,2,1.663027115690572,0.0,inf,1,1.663027115690572e-10,True,one_sided
q95_q05,0.0,-0.69,rd_obs_redshift,11,4.110323573931158,0.0,inf,1,4.110323573931158e-10,True,one_sided
q95_q05,0.0,-0.69,rd_obs_sky,20,6.574899681927902,0.0,inf,1,6.574899681927902e-10,True,one_sided
q95_q05,0.0,-0.69,rd_obs_redshift_sky,29,7.573533291820121,0.0,inf,1,7.573533291820122e-10,True,one_sided
q95_q05,0.0,-0.6666666666666666,rd_obs,2,1.5471837705110536,0.0,inf,1,1.5471837705110536e-10,True,one_sided
q95_q05,0.0,-0.6666666666666666,rd_obs_redshift,11,3.2339579651277104,0.0,inf,1,3.2339579651277104e-10,True,one_sided
q95_q05,0.0,-0.6666666666666666,rd_obs_sky,20,5.05887897405054,0.0,inf,1,5.05887897405054e-10,True,one_sided
q95_q05,0.0,-0.6666666666666666,rd_obs_redshift_sky,29,5.801462141096053,0.0,inf,1,5.801462141096053e-10,True,one_sided
q95_q05,0.0,-0.64,rd_obs,2,1.4235665076438184,0.0,inf,1,1.4235665076438184e-10,True,one_sided
q95_q05,0.0,-0.64,rd_obs_redshift,11,2.5000773741643956,0.0,inf,1,2.5000773741643956e-10,True,one_sided
q95_q05,0.0,-0.64,rd_obs_sky,20,3.7836515052085886,0.0,inf,1,3.783651505208589e-10,True,one_sided
q95_q05,0.0,-0.64,rd_obs_redshift_sky,29,4.305794234283698,0.0,inf,1,4.305794234283698e-10,True,one_sided
q95_q05,0.0,-0.61,rd_obs,2,1.2950185277796065,0.0,inf,1,1.2950185277796065e-10,True,one_sided
q95_q05,0.0,-0.61,rd_obs_redshift,11,1.923650631419187,0.0,inf,1,1.923650631419187e-10,True,one_sided
q95_q05,0.0,-0.61,rd_obs_sky,20,2.7705592865790334,0.0,inf,1,2.7705592865790337e-10,True,one_sided
q95_q05,0.0,-0.61,rd_obs_redshift_sky,29,3.114379155612929,0.0,inf,1,3.1143791556129295e-10,True,one_sided
q95_q05,0.0,-0.58,rd_obs,2,1.1768811271362651,0.0,inf,1,1.1768811271362653e-10,True,one_sided
q95_q05,0.0,-0.58,rd_obs_redshift,11,1.5316868714739802,0.0,inf,1,1.5316868714739803e-10,True,one_sided
q95_q05,0.0,-0.58,rd_obs_sky,20,2.0731867671343975,0.0,inf,1,2.0731867671343976e-10,True,one_sided
q95_q05,0.0,-0.58,rd_obs_redshift_sky,29,2.2932768817256663,0.0,inf,1,2.2932768817256663e-10,True,one_sided
q95_q05,0.0,-0.55,rd_obs,2,1.0684341319897788,0.0,inf,1,1.0684341319897788e-10,True,one_sided
q95_q05,0.0,-0.55,rd_obs_redshift,11,1.2631481509980433,0.0,inf,1,1.2631481509980435e-10,True,one_sided
q95_q05,0.0,-0.55,rd_obs_sky,20,1.5957077888343676,0.0,inf,1,1.5957077888343677e-10,True,one_sided
q95_q05,0.0,-0.55,rd_obs_redshift_sky,29,1.7321302215236847,0.0,inf,1,1.7321302215236847e-10,True,one_sided
q95_q05,0.0,-0.525,rd_obs,2,0.9849705873903016,0.0,inf,1,9.849705873903016e-11,True,one_sided
q95_q05,0.0,-0.525,rd_obs_redshift,11,1.1016455046211349,0.0,inf,1,1.1016455046211348e-10,True,one_sided
q95_q05,0.0,-0.525,rd_obs_sky,20,1.3156281532671945,0.0,inf,1,1.3156281532671945e-10,True,one_sided
q95_q05,0.0,-0.525,rd_obs_redshift_sky,29,1.4051096745440221,0.0,inf,1,1.4051096745440222e-10,True,one_sided
q95_q05,0.0,-0.5,rd_obs,2,0.907386600767058,0.0,inf,1,9.07386600767058e-11,True,one_sided
q95_q05,0.0,-0.5,rd_obs_redshift,11,0.9774598357820423,0.0,inf,1,9.774598357820424e-11,True,one_sided
q95_q05,0.0,-0.5,rd_obs_sky,20,1.1107174550573686,0.0,inf,1,1.1107174550573687e-10,True,one_sided
q95_q05,0.0,-0.5,rd_obs_redshift_sky,29,1.1686618639643287,0.0,inf,1,1.1686618639643286e-10,True,one_sided
q95_q05,0.0,-0.475,rd_obs,2,0.8353242199971409,0.0,inf,1,8.353242199971409e-11,True,one_sided
q95_q05,0.0,-0.475,rd_obs_redshift,11,0.8782835758641553,0.0,inf,1,8.782835758641553e-11,True,one_sided
q95_q05,0.0,-0.475,rd_obs_sky,20,0.9585866710733522,0.0,inf,1,9.585866710733522e-11,True,one_sided
q95_q05,0.0,-0.475,rd_obs_redshift_sky,29,0.9962448961366811,0.0,inf,1,9.962448961366811e-11,True,one_sided
q95_q05,0.0,-0.45,rd_obs,2,0.7684425014233258,0.0,inf,1,7.684425014233258e-11,True,one_sided
q95_q05,0.0,-0.45,rd_obs_redshift,11,0.7959547868007582,0.0,inf,1,7.959547868007582e-11,True,one_sided
q95_q05,0.0,-0.45,rd_obs_sky,20,0.8427254173440337,0.0,inf,1,8.427254173440337e-11,True,one_sided
q95_q05,0.0,-0.45,rd_obs_redshift_sky,29,0.8678860948736177,0.0,inf,1,8.678860948736177e-11,True,one_sided
iqr,0.0,-0.7125,rd_obs,2,3.953358474834135,0.0,inf,1,3.953358474834135e-10,True,one_sided
iqr,0.0,-0.7125,rd_obs_redshift,11,15.279185845410378,0.0,inf,1,1.5279185845410378e-09,True,one_sided
iqr,0.0,-0.7125,rd_obs_sky,20,24.320250144448906,0.0,inf,1,2.432025014444891e-09,True,one_sided
iqr,0.0,-0.7125,rd_obs_redshift_sky,29,28.448181733752566,0.0,inf,1,2.8448181733752567e-09,True,one_sided
iqr,0.0,-0.69,rd_obs,2,3.689487797481936,0.0,inf,1,3.689487797481936e-10,True,one_sided
iqr,0.0,-0.69,rd_obs_redshift,11,11.490229055984292,0.0,inf,1,1.1490229055984292e-09,True,one_sided
iqr,0.0,-0.69,rd_obs_sky,20,18.89878707150129,0.0,inf,1,1.889878707150129e-09,True,one_sided
iqr,0.0,-0.69,rd_obs_redshift_sky,29,21.807732489306677,0.0,inf,1,2.1807732489306675e-09,True,one_sided
iqr,0.0,-0.6666666666666666,rd_obs,2,3.43237432033471,0.0,inf,1,3.4323743203347105e-10,True,one_sided
iqr,0.0,-0.6666666666666666,rd_obs_redshift,11,8.676349960656443,0.0,inf,1,8.676349960656443e-10,True,one_sided
iqr,0.0,-0.6666666666666666,rd_obs_sky,20,14.828366370123305,0.0,inf,1,1.4828366370123305e-09,True,one_sided
iqr,0.0,-0.6666666666666666,rd_obs_redshift_sky,29,16.83384401648933,0.0,inf,1,1.683384401648933e-09,True,one_sided
iqr,0.0,-0.64,rd_obs,2,3.1580344999447716,0.0,inf,1,3.1580344999447717e-10,True,one_sided
iqr,0.0,-0.64,rd_obs_redshift,11,6.45240423806509,0.0,inf,1,6.45240423806509e-10,True,one_sided
iqr,0.0,-0.64,rd_obs_sky,20,11.391627457365804,0.0,inf,1,1.1391627457365805e-09,True,one_sided
iqr,0.0,-0.64,rd_obs_redshift_sky,29,12.705491516504559,0.0,inf,1,1.270549151650456e-09,True,one_sided
iqr,0.0,-0.61,rd_obs,2,2.8727821695762876,0.0,inf,1,2.8727821695762877e-10,True,one_sided
iqr,0.0,-0.61,rd_obs_redshift,11,4.822669423556231,0.0,inf,1,4.822669423556232e-10,True,one_sided
iqr,0.0,-0.61,rd_obs_sky,20,8.540486624349965,0.0,inf,1,8.540486624349966e-10,True,one_sided
iqr,0.0,-0.61,rd_obs_redshift_sky,29,9.37790886902669,0.0,inf,1,9.37790886902669e-10,True,one_sided
iqr,0.0,-0.58,rd_obs,2,2.610657894725111,0.0,inf,1,2.6106578947251113e-10,True,one_sided
iqr,0.0,-0.58,rd_obs_redshift,11,3.798115575045138,0.0,inf,1,3.798115575045138e-10,True,one_sided
iqr,0.0,-0.58,rd_obs_sky,20,6.438195043356233,0.0,inf,1,6.438195043356233e-10,True,one_sided
iqr,0.0,-0.58,rd_obs_redshift_sky,29,7.004320287822845,0.0,inf,1,7.004320287822845e-10,True,one_sided
iqr,0.0,-0.55,rd_obs,2,2.370056825284853,0.0,inf,1,2.370056825284853e-10,True,one_sided
iqr,0.0,-0.55,rd_obs_redshift,11,3.1463049928414026,0.0,inf,1,3.1463049928414025e-10,True,one_sided
iqr,0.0,-0.55,rd_obs_sky,20,4.888595432980165,0.0,inf,1,4.888595432980165e-10,True,one_sided
iqr,0.0,-0.55,rd_obs_redshift_sky,29,5.308524376910588,0.0,inf,1,5.308524376910588e-10,True,one_sided
iqr,0.0,-0.525,rd_obs,2,2.1848982637402763,0.0,inf,1,2.1848982637402763e-10,True,one_sided
iqr,0.0,-0.525,rd_obs_redshift,11,2.7733719132353056,0.0,inf,1,2.773371913235306e-10,True,one_sided
iqr,0.0,-0.525,rd_obs_sky,20,3.9233199752145884,0.0,inf,1,3.9233199752145886e-10,True,one_sided
iqr,0.0,-0.525,rd_obs_redshift_sky,29,4.279047905100501,0.0,inf,1,4.279047905100501e-10,True,one_sided
iqr,0.0,-0.5,rd_obs,2,2.0127938871395954,0.0,inf,1,2.0127938871395955e-10,True,one_sided
iqr,0.0,-0.5,rd_obs_redshift,11,2.491974419020264,0.0,inf,1,2.4919744190202644e-10,True,one_sided
iqr,0.0,-0.5,rd_obs_sky,20,3.1903609980192913,0.0,inf,1,3.1903609980192914e-10,True,one_sided
iqr,0.0,-0.5,rd_obs_redshift_sky,29,3.512406663617911,0.0,inf,1,3.5124066636179115e-10,True,one_sided
iqr,0.0,-0.475,rd_obs,2,1.8529471451199195,0.0,inf,1,1.8529471451199195e-10,True,one_sided
iqr,0.0,-0.475,rd_obs_redshift,11,2.2659976536287245,0.0,inf,1,2.2659976536287246e-10,True,one_sided
iqr,0.0,-0.475,rd_obs_sky,20,2.6392843595112425,0.0,inf,1,2.6392843595112426e-10,True,one_sided
iqr,0.0,-0.475,rd_obs_redshift_sky,29,2.944003086615823,0.0,inf,1,2.944003086615823e-10,True,one_sided
iqr,0.0,-0.45,rd_obs,2,1.704599601236569,0.0,inf,1,1.704599601236569e-10,True,one_sided
iqr,0.0,-0.45,rd_obs_redshift,11,2.074197049107627,0.0,inf,1,2.0741970491076272e-10,True,one_sided
iqr,0.0,-0.45,rd_obs_sky,20,2.226749534897845,0.0,inf,1,2.226749534897845e-10,True,one_sided
iqr,0.0,-0.45,rd_obs_redshift_sky,29,2.520921872878787,0.0,inf,1,2.520921872878787e-10,True,one_sided
population_std,0.0,-0.7125,rd_obs,2,5.817760757094433,0.0,inf,1,5.817760757094434e-10,True,one_sided
population_std,0.0,-0.7125,rd_obs_redshift,11,14.983982146096457,0.0,inf,1,1.4983982146096457e-09,True,one_sided
population_std,0.0,-0.7125,rd_obs_sky,20,21.59353254088557,0.0,inf,1,2.159353254088557e-09,True,one_sided
population_std,0.0,-0.7125,rd_obs_redshift_sky,29,25.631114457276983,0.0,inf,1,2.5631114457276985e-09,True,one_sided
population_std,0.0,-0.69,rd_obs,2,5.429588972899511,0.0,inf,1,5.429588972899511e-10,True,one_sided
population_std,0.0,-0.69,rd_obs_redshift,11,11.876458450760065,0.0,inf,1,1.1876458450760067e-09,True,one_sided
population_std,0.0,-0.69,rd_obs_sky,20,16.301574311672308,0.0,inf,1,1.6301574311672309e-09,True,one_sided
population_std,0.0,-0.69,rd_obs_redshift_sky,29,19.424498808385575,0.0,inf,1,1.9424498808385576e-09,True,one_sided
population_std,0.0,-0.6666666666666666,rd_obs,2,5.051329819122338,0.0,inf,1,5.051329819122338e-10,True,one_sided
population_std,0.0,-0.6666666666666666,rd_obs_redshift,11,9.444641269610308,0.0,inf,1,9.44464126961031e-10,True,one_sided
population_std,0.0,-0.6666666666666666,rd_obs_sky,20,12.327533327099323,0.0,inf,1,1.2327533327099323e-09,True,one_sided
population_std,0.0,-0.6666666666666666,rd_obs_redshift_sky,29,14.685141936692888,0.0,inf,1,1.4685141936692888e-09,True,one_sided
population_std,0.0,-0.64,rd_obs,2,4.647697871289514,0.0,inf,1,4.6476978712895146e-10,True,one_sided
population_std,0.0,-0.64,rd_obs_redshift,11,7.40986340260718,0.0,inf,1,7.40986340260718e-10,True,one_sided
population_std,0.0,-0.64,rd_obs_sky,20,9.145141086889941,0.0,inf,1,9.145141086889942e-10,True,one_sided
population_std,0.0,-0.64,rd_obs_redshift_sky,29,10.813814574035877,0.0,inf,1,1.0813814574035877e-09,True,one_sided
population_std,0.0,-0.61,rd_obs,2,4.227978276124624,0.0,inf,1,4.227978276124624e-10,True,one_sided
population_std,0.0,-0.61,rd_obs_redshift,11,5.810180492127643,0.0,inf,1,5.810180492127644e-10,True,one_sided
population_std,0.0,-0.61,rd_obs_sky,20,6.767408312775956,0.0,inf,1,6.767408312775956e-10,True,one_sided
population_std,0.0,-0.61,rd_obs_redshift_sky,29,7.853675083650202,0.0,inf,1,7.853675083650203e-10,True,one_sided
population_std,0.0,-0.58,rd_obs,2,3.8422606966070605,0.0,inf,1,3.8422606966070607e-10,True,one_sided
population_std,0.0,-0.58,rd_obs_redshift,11,4.715467588828267,0.0,inf,1,4.715467588828268e-10,True,one_sided
population_std,0.0,-0.58,rd_obs_sky,20,5.2327778767644535,0.0,inf,1,5.232777876764454e-10,True,one_sided
population_std,0.0,-0.58,rd_obs_redshift_sky,29,5.903781129763704,0.0,inf,1,5.903781129763704e-10,True,one_sided
population_std,0.0,-0.55,rd_obs,2,3.4881910081912553,0.0,inf,1,3.4881910081912554e-10,True,one_sided
population_std,0.0,-0.55,rd_obs_redshift,11,3.954037135948396,0.0,inf,1,3.954037135948396e-10,True,one_sided
population_std,0.0,-0.55,rd_obs_sky,20,4.231430788459933,0.0,inf,1,4.2314307884599337e-10,True,one_sided
population_std,0.0,-0.55,rd_obs_redshift_sky,29,4.622979524112056,0.0,inf,1,4.622979524112056e-10,True,one_sided
population_std,0.0,-0.525,rd_obs,2,3.215695665235919,0.0,inf,1,3.215695665235919e-10,True,one_sided
population_std,0.0,-0.525,rd_obs_redshift,11,3.485941988793866,0.0,inf,1,3.485941988793866e-10,True,one_sided
population_std,0.0,-0.525,rd_obs_sky,20,3.6520789224271235,0.0,inf,1,3.6520789224271234e-10,True,one_sided
population_std,0.0,-0.525,rd_obs_redshift_sky,29,3.8921425196741595,0.0,inf,1,3.8921425196741595e-10,True,one_sided
population_std,0.0,-0.5,rd_obs,2,2.9624004488897397,0.0,inf,1,2.96240044888974e-10,True,one_sided
population_std,0.0,-0.5,rd_obs_redshift,11,3.1173373760157634,0.0,inf,1,3.1173373760157635e-10,True,one_sided
population_std,0.0,-0.5,rd_obs_sky,20,3.2184319544627242,0.0,inf,1,3.2184319544627243e-10,True,one_sided
population_std,0.0,-0.5,rd_obs_redshift_sky,29,3.3615889311201426,0.0,inf,1,3.3615889311201427e-10,True,one_sided
population_std,0.0,-0.475,rd_obs,2,2.7271357213095895,0.0,inf,1,2.72713572130959e-10,True,one_sided
population_std,0.0,-0.475,rd_obs_redshift,11,2.8159189685740933,0.0,inf,1,2.815918968574093e-10,True,one_sided
population_std,0.0,-0.475,rd_obs_sky,20,2.8787227672542204,0.0,inf,1,2.8787227672542205e-10,True,one_sided
population_std,0.0,-0.475,rd_obs_redshift_sky,29,2.96296729071389,0.0,inf,1,2.96296729071389e-10,True,one_sided
population_std,0.0,-0.45,rd_obs,2,2.5087875270185425,0.0,inf,1,2.5087875270185424e-10,True,one_sided
population_std,0.0,-0.45,rd_obs_redshift,11,2.560573726613018,0.0,inf,1,2.560573726613018e-10,True,one_sided
population_std,0.0,-0.45,rd_obs_sky,20,2.600387242014135,0.0,inf,1,2.600387242014135e-10,True,one_sided
population_std,0.0,-0.45,rd_obs_redshift_sky,29,2.6503842668803608,0.0,inf,1,2.6503842668803607e-10,True,one_sided
