protocol,direction,fold,seed,feature_set,target,NMAE,n_scored
directional_extrapolation,high_k_to_low_k,high_k_to_low_k,2026,rd_obs,k,0.20606060606060608,33
directional_extrapolation,high_k_to_low_k,high_k_to_low_k,2026,rd_obs,wq,0.40144300144300143,22
directional_extrapolation,high_k_to_low_k,high_k_to_low_k,2026,rd_obs_redshift,k,0.2,33
directional_extrapolation,high_k_to_low_k,high_k_to_low_k,2026,rd_obs_redshift,wq,0.24271284271284269,22
directional_extrapolation,high_k_to_low_k,high_k_to_low_k,2026,rd_obs_sky,k,0.2,33
directional_extrapolation,high_k_to_low_k,high_k_to_low_k,2026,rd_obs_sky,wq,0.2106782106782107,22
directional_extrapolation,high_k_to_low_k,high_k_to_low_k,2026,rd_obs_redshift_sky,k,0.2,33
directional_extrapolation,high_k_to_low_k,high_k_to_low_k,2026,rd_obs_redshift_sky,wq,0.1924963924963925,22
directional_extrapolation,high_k_to_low_k,high_k_to_low_k,2027,rd_obs,k,0.20303030303030303,33
directional_extrapolation,high_k_to_low_k,high_k_to_low_k,2027,rd_obs,wq,0.4447330447330447,22
directional_extrapolation,high_k_to_low_k,high_k_to_low_k,2027,rd_obs_redshift,k,0.2,33
directional_extrapolation,high_k_to_low_k,high_k_to_low_k,2027,rd_obs_redshift,wq,0.2735930735930735,22
directional_extrapolation,high_k_to_low_k,high_k_to_low_k,2027,rd_obs_sky,k,0.2,33
directional_extrapolation,high_k_to_low_k,high_k_to_low_k,2027,rd_obs_sky,wq,0.2510822510822511,22
directional_extrapolation,high_k_to_low_k,high_k_to_low_k,2027,rd_obs_redshift_sky,k,0.2,33
directional_extrapolation,high_k_to_low_k,high_k_to_low_k,2027,rd_obs_redshift_sky,wq,0.2277056277056277,22
directional_extrapolation,high_k_to_low_k,high_k_to_low_k,2028,rd_obs,k,0.20606060606060608,33
directional_extrapolation,high_k_to_low_k,high_k_to_low_k,2028,rd_obs,wq,0.45772005772005775,22
directional_extrapolation,high_k_to_low_k,high_k_to_low_k,2028,rd_obs_redshift,k,0.2,33
directional_extrapolation,high_k_to_low_k,high_k_to_low_k,2028,rd_obs_redshift,wq,0.2686868686868686,22
directional_extrapolation,high_k_to_low_k,high_k_to_low_k,2028,rd_obs_sky,k,0.2,33
directional_extrapolation,high_k_to_low_k,high_k_to_low_k,2028,rd_obs_sky,wq,0.2271284271284271,22
directional_extrapolation,high_k_to_low_k,high_k_to_low_k,2028,rd_obs_redshift_sky,k,0.2,33
directional_extrapolation,high_k_to_low_k,high_k_to_low_k,2028,rd_obs_redshift_sky,wq,0.20981240981240976,22
directional_extrapolation,high_k_to_low_k,high_k_to_low_k,2029,rd_obs,k,0.20606060606060608,33
directional_extrapolation,high_k_to_low_k,high_k_to_low_k,2029,rd_obs,wq,0.40577200577200584,22
directional_extrapolation,high_k_to_low_k,high_k_to_low_k,2029,rd_obs_redshift,k,0.2,33
directional_extrapolation,high_k_to_low_k,high_k_to_low_k,2029,rd_obs_redshift,wq,0.26262626262626265,22
directional_extrapolation,high_k_to_low_k,high_k_to_low_k,2029,rd_obs_sky,k,0.2,33
directional_extrapolation,high_k_to_low_k,high_k_to_low_k,2029,rd_obs_sky,wq,0.21154401154401156,22
directional_extrapolation,high_k_to_low_k,high_k_to_low_k,2029,rd_obs_redshift_sky,k,0.2,33
directional_extrapolation,high_k_to_low_k,high_k_to_low_k,2029,rd_obs_redshift_sky,wq,0.20202020202020207,22
directional_extrapolation,high_k_to_low_k,high_k_to_low_k,2030,rd_obs,k,0.20606060606060608,33
directional_extrapolation,high_k_to_low_k,high_k_to_low_k,2030,rd_obs,wq,0.462049062049062,22
directional_extrapolation,high_k_to_low_k,high_k_to_low_k,2030,rd_obs_redshift,k,0.2,33
directional_extrapolation,high_k_to_low_k,high_k_to_low_k,2030,rd_obs_redshift,wq,0.2877344877344876,22
directional_extrapolation,high_k_to_low_k,high_k_to_low_k,2030,rd_obs_sky,k,0.2,33
directional_extrapolation,high_k_to_low_k,high_k_to_low_k,2030,rd_obs_sky,wq,0.25916305916305915,22
directional_extrapolation,high_k_to_low_k,high_k_to_low_k,2030,rd_obs_redshift_sky,k,0.2,33
directional_extrapolation,high_k_to_low_k,high_k_to_low_k,2030,rd_obs_redshift_sky,wq,0.22279942279942277,22
directional_extrapolation,high_wq_to_low_wq,high_wq_to_low_wq,2026,rd_obs,k,0.14545454545454548,33
directional_extrapolation,high_wq_to_low_wq,high_wq_to_low_wq,2026,rd_obs,wq,0.4294179894179892,30
directional_extrapolation,high_wq_to_low_wq,high_wq_to_low_wq,2026,rd_obs_redshift,k,0.20606060606060608,33
directional_extrapolation,high_wq_to_low_wq,high_wq_to_low_wq,2026,rd_obs_redshift,wq,0.1894179894179893,30
directional_extrapolation,high_wq_to_low_wq,high_wq_to_low_wq,2026,rd_obs_sky,k,0.2090909090909091,33
directional_extrapolation,high_wq_to_low_wq,high_wq_to_low_wq,2026,rd_obs_sky,wq,0.1970370370370369,30
directional_extrapolation,high_wq_to_low_wq,high_wq_to_low_wq,2026,rd_obs_redshift_sky,k,0.21515151515151515,33
directional_extrapolation,high_wq_to_low_wq,high_wq_to_low_wq,2026,rd_obs_redshift_sky,wq,0.1970370370370369,30
directional_extrapolation,high_wq_to_low_wq,high_wq_to_low_wq,2027,rd_obs,k,0.15454545454545457,33
directional_extrapolation,high_wq_to_low_wq,high_wq_to_low_wq,2027,rd_obs,wq,0.4630687830687828,30
directional_extrapolation,high_wq_to_low_wq,high_wq_to_low_wq,2027,rd_obs_redshift,k,0.20606060606060608,33
directional_extrapolation,high_wq_to_low_wq,high_wq_to_low_wq,2027,rd_obs_redshift,wq,0.1894179894179893,30
directional_extrapolation,high_wq_to_low_wq,high_wq_to_low_wq,2027,rd_obs_sky,k,0.2090909090909091,33
directional_extrapolation,high_wq_to_low_wq,high_wq_to_low_wq,2027,rd_obs_sky,wq,0.1894179894179893,30
directional_extrapolation,high_wq_to_low_wq,high_wq_to_low_wq,2027,rd_obs_redshift_sky,k,0.21515151515151515,33
directional_extrapolation,high_wq_to_low_wq,high_wq_to_low_wq,2027,rd_obs_redshift_sky,wq,0.1894179894179893,30
directional_extrapolation,high_wq_to_low_wq,high_wq_to_low_wq,2028,rd_obs,k,0.1575757575757576,33
directional_extrapolation,high_wq_to_low_wq,high_wq_to_low_wq,2028,rd_obs,wq,0.43068783068783045,30
directional_extrapolation,high_wq_to_low_wq,high_wq_to_low_wq,2028,rd_obs_redshift,k,0.20606060606060608,33
directional_extrapolation,high_wq_to_low_wq,high_wq_to_low_wq,2028,rd_obs_redshift,wq,0.1894179894179893,30
directional_extrapolation,high_wq_to_low_wq,high_wq_to_low_wq,2028,rd_obs_sky,k,0.2090909090909091,33
directional_extrapolation,high_wq_to_low_wq,high_wq_to_low_wq,2028,rd_obs_sky,wq,0.19322751322751308,30
directional_extrapolation,high_wq_to_low_wq,high_wq_to_low_wq,2028,rd_obs_redshift_sky,k,0.21212121212121213,33
directional_extrapolation,high_wq_to_low_wq,high_wq_to_low_wq,2028,rd_obs_redshift_sky,wq,0.19322751322751308,30
directional_extrapolation,high_wq_to_low_wq,high_wq_to_low_wq,2029,rd_obs,k,0.15151515151515152,33
directional_extrapolation,high_wq_to_low_wq,high_wq_to_low_wq,2029,rd_obs,wq,0.4465608465608463,30
directional_extrapolation,high_wq_to_low_wq,high_wq_to_low_wq,2029,rd_obs_redshift,k,0.20606060606060608,33
directional_extrapolation,high_wq_to_low_wq,high_wq_to_low_wq,2029,rd_obs_redshift,wq,0.19322751322751308,30
directional_extrapolation,high_wq_to_low_wq,high_wq_to_low_wq,2029,rd_obs_sky,k,0.21212121212121213,33
directional_extrapolation,high_wq_to_low_wq,high_wq_to_low_wq,2029,rd_obs_sky,wq,0.1970370370370369,30
directional_extrapolation,high_wq_to_low_wq,high_wq_to_low_wq,2029,rd_obs_redshift_sky,k,0.21212121212121213,33
directional_extrapolation,high_wq_to_low_wq,high_wq_to_low_wq,2029,rd_obs_redshift_sky,wq,0.1970370370370369,30
directional_extrapolation,high_wq_to_low_wq,high_wq_to_low_wq,2030,rd_obs,k,0.14242424242424243,33
directional_extrapolation,high_wq_to_low_wq,high_wq_to_low_wq,2030,rd_obs,wq,0.4554497354497355,30
directional_extrapolation,high_wq_to_low_wq,high_wq_to_low_wq,2030,rd_obs_redshift,k,0.1818181818181818,33
directional_extrapolation,high_wq_to_low_wq,high_wq_to_low_wq,2030,rd_obs_redshift,wq,0.19322751322751308,30
directional_extrapolation,high_wq_to_low_wq,high_wq_to_low_wq,2030,rd_obs_sky,k,0.17878787878787877,33
directional_extrapolation,high_wq_to_low_wq,high_wq_to_low_wq,2030,rd_obs_sky,wq,0.19322751322751308,30
directional_extrapolation,high_wq_to_low_wq,high_wq_to_low_wq,2030,rd_obs_redshift_sky,k,0.18484848484848482,33
directional_extrapolation,high_wq_to_low_wq,high_wq_to_low_wq,2030,rd_obs_redshift_sky,wq,0.19322751322751308,30
directional_extrapolation,low_k_to_high_k,low_k_to_high_k,2026,rd_obs,k,0.24242424242424238,33
directional_extrapolation,low_k_to_high_k,low_k_to_high_k,2026,rd_obs,wq,0.31697931697931697,33
directional_extrapolation,low_k_to_high_k,low_k_to_high_k,2026,rd_obs_redshift,k,0.20606060606060608,33
directional_extrapolation,low_k_to_high_k,low_k_to_high_k,2026,rd_obs_redshift,wq,0.09187109187109191,33
directional_extrapolation,low_k_to_high_k,low_k_to_high_k,2026,rd_obs_sky,k,0.20606060606060608,33
directional_extrapolation,low_k_to_high_k,low_k_to_high_k,2026,rd_obs_sky,wq,0.08321308321308321,33
directional_extrapolation,low_k_to_high_k,low_k_to_high_k,2026,rd_obs_redshift_sky,k,0.20909090909090908,33
directional_extrapolation,low_k_to_high_k,low_k_to_high_k,2026,rd_obs_redshift_sky,wq,0.08051948051948052,33
directional_extrapolation,low_k_to_high_k,low_k_to_high_k,2027,rd_obs,k,0.2454545454545454,33
directional_extrapolation,low_k_to_high_k,low_k_to_high_k,2027,rd_obs,wq,0.30755170755170746,33
directional_extrapolation,low_k_to_high_k,low_k_to_high_k,2027,rd_obs_redshift,k,0.22121212121212122,33
directional_extrapolation,low_k_to_high_k,low_k_to_high_k,2027,rd_obs_redshift,wq,0.09187109187109191,33
directional_extrapolation,low_k_to_high_k,low_k_to_high_k,2027,rd_obs_sky,k,0.22121212121212122,33
directional_extrapolation,low_k_to_high_k,low_k_to_high_k,2027,rd_obs_sky,wq,0.08321308321308321,33
directional_extrapolation,low_k_to_high_k,low_k_to_high_k,2027,rd_obs_redshift_sky,k,0.22727272727272727,33
directional_extrapolation,low_k_to_high_k,low_k_to_high_k,2027,rd_obs_redshift_sky,wq,0.08051948051948052,33
directional_extrapolation,low_k_to_high_k,low_k_to_high_k,2028,rd_obs,k,0.24848484848484848,33
directional_extrapolation,low_k_to_high_k,low_k_to_high_k,2028,rd_obs,wq,0.3119769119769119,33
directional_extrapolation,low_k_to_high_k,low_k_to_high_k,2028,rd_obs_redshift,k,0.21818181818181814,33
directional_extrapolation,low_k_to_high_k,low_k_to_high_k,2028,rd_obs_redshift,wq,0.0907166907166907,33
directional_extrapolation,low_k_to_high_k,low_k_to_high_k,2028,rd_obs_sky,k,0.22121212121212122,33
directional_extrapolation,low_k_to_high_k,low_k_to_high_k,2028,rd_obs_sky,wq,0.08225108225108223,33
directional_extrapolation,low_k_to_high_k,low_k_to_high_k,2028,rd_obs_redshift_sky,k,0.22727272727272727,33
directional_extrapolation,low_k_to_high_k,low_k_to_high_k,2028,rd_obs_redshift_sky,wq,0.08225108225108223,33
directional_extrapolation,low_k_to_high_k,low_k_to_high_k,2029,rd_obs,k,0.2636363636363636,33
directional_extrapolation,low_k_to_high_k,low_k_to_high_k,2029,rd_obs,wq,0.36248196248196246,33
directional_extrapolation,low_k_to_high_k,low_k_to_high_k,2029,rd_obs_redshift,k,0.2121212121212121,33
directional_extrapolation,low_k_to_high_k,low_k_to_high_k,2029,rd_obs_redshift,wq,0.08725348725348725,33
directional_extrapolation,low_k_to_high_k,low_k_to_high_k,2029,rd_obs_sky,k,0.21818181818181814,33
directional_extrapolation,low_k_to_high_k,low_k_to_high_k,2029,rd_obs_sky,wq,0.08494468494468495,33
directional_extrapolation,low_k_to_high_k,low_k_to_high_k,2029,rd_obs_redshift_sky,k,0.22121212121212117,33
directional_extrapolation,low_k_to_high_k,low_k_to_high_k,2029,rd_obs_redshift_sky,wq,0.07917267917267916,33
directional_extrapolation,low_k_to_high_k,low_k_to_high_k,2030,rd_obs,k,0.26060606060606056,33
directional_extrapolation,low_k_to_high_k,low_k_to_high_k,2030,rd_obs,wq,0.3554593554593555,33
directional_extrapolation,low_k_to_high_k,low_k_to_high_k,2030,rd_obs_redshift,k,0.21515151515151512,33
directional_extrapolation,low_k_to_high_k,low_k_to_high_k,2030,rd_obs_redshift,wq,0.0932178932178932,33
directional_extrapolation,low_k_to_high_k,low_k_to_high_k,2030,rd_obs_sky,k,0.21515151515151512,33
directional_extrapolation,low_k_to_high_k,low_k_to_high_k,2030,rd_obs_sky,wq,0.08744588744588742,33
directional_extrapolation,low_k_to_high_k,low_k_to_high_k,2030,rd_obs_redshift_sky,k,0.21515151515151512,33
directional_extrapolation,low_k_to_high_k,low_k_to_high_k,2030,rd_obs_redshift_sky,wq,0.08455988455988454,33
directional_extrapolation,low_wq_to_high_wq,low_wq_to_high_wq,2026,rd_obs,k,0.1696969696969697,33
directional_extrapolation,low_wq_to_high_wq,low_wq_to_high_wq,2026,rd_obs,wq,0.511005291005291,30
directional_extrapolation,low_wq_to_high_wq,low_wq_to_high_wq,2026,rd_obs_redshift,k,0.11212121212121214,33
directional_extrapolation,low_wq_to_high_wq,low_wq_to_high_wq,2026,rd_obs_redshift,wq,0.2190476190476191,30
directional_extrapolation,low_wq_to_high_wq,low_wq_to_high_wq,2026,rd_obs_sky,k,0.11212121212121214,33
directional_extrapolation,low_wq_to_high_wq,low_wq_to_high_wq,2026,rd_obs_sky,wq,0.2126984126984128,30
directional_extrapolation,low_wq_to_high_wq,low_wq_to_high_wq,2026,rd_obs_redshift_sky,k,0.13030303030303028,33
directional_extrapolation,low_wq_to_high_wq,low_wq_to_high_wq,2026,rd_obs_redshift_sky,wq,0.2190476190476191,30
directional_extrapolation,low_wq_to_high_wq,low_wq_to_high_wq,2027,rd_obs,k,0.1393939393939394,33
directional_extrapolation,low_wq_to_high_wq,low_wq_to_high_wq,2027,rd_obs,wq,0.4005291005291006,30
directional_extrapolation,low_wq_to_high_wq,low_wq_to_high_wq,2027,rd_obs_redshift,k,0.09696969696969697,33
directional_extrapolation,low_wq_to_high_wq,low_wq_to_high_wq,2027,rd_obs_redshift,wq,0.19047619047619052,30
directional_extrapolation,low_wq_to_high_wq,low_wq_to_high_wq,2027,rd_obs_sky,k,0.10303030303030304,33
directional_extrapolation,low_wq_to_high_wq,low_wq_to_high_wq,2027,rd_obs_sky,wq,0.19047619047619052,30
directional_extrapolation,low_wq_to_high_wq,low_wq_to_high_wq,2027,rd_obs_redshift_sky,k,0.11212121212121212,33
directional_extrapolation,low_wq_to_high_wq,low_wq_to_high_wq,2027,rd_obs_redshift_sky,wq,0.19047619047619052,30
directional_extrapolation,low_wq_to_high_wq,low_wq_to_high_wq,2028,rd_obs,k,0.15151515151515152,33
directional_extrapolation,low_wq_to_high_wq,low_wq_to_high_wq,2028,rd_obs,wq,0.4652910052910054,30
directional_extrapolation,low_wq_to_high_wq,low_wq_to_high_wq,2028,rd_obs_redshift,k,0.11515151515151514,33
directional_extrapolation,low_wq_to_high_wq,low_wq_to_high_wq,2028,rd_obs_redshift,wq,0.24063492063492067,30
directional_extrapolation,low_wq_to_high_wq,low_wq_to_high_wq,2028,rd_obs_sky,k,0.12121212121212122,33
directional_extrapolation,low_wq_to_high_wq,low_wq_to_high_wq,2028,rd_obs_sky,wq,0.2336507936507937,30
directional_extrapolation,low_wq_to_high_wq,low_wq_to_high_wq,2028,rd_obs_redshift_sky,k,0.12727272727272726,33
directional_extrapolation,low_wq_to_high_wq,low_wq_to_high_wq,2028,rd_obs_redshift_sky,wq,0.2298412698412699,30
directional_extrapolation,low_wq_to_high_wq,low_wq_to_high_wq,2029,rd_obs,k,0.1606060606060606,33
directional_extrapolation,low_wq_to_high_wq,low_wq_to_high_wq,2029,rd_obs,wq,0.49682539682539684,30
directional_extrapolation,low_wq_to_high_wq,low_wq_to_high_wq,2029,rd_obs_redshift,k,0.09696969696969697,33
directional_extrapolation,low_wq_to_high_wq,low_wq_to_high_wq,2029,rd_obs_redshift,wq,0.1936507936507937,30
directional_extrapolation,low_wq_to_high_wq,low_wq_to_high_wq,2029,rd_obs_sky,k,0.10606060606060606,33
directional_extrapolation,low_wq_to_high_wq,low_wq_to_high_wq,2029,rd_obs_sky,wq,0.19047619047619052,30
directional_extrapolation,low_wq_to_high_wq,low_wq_to_high_wq,2029,rd_obs_redshift_sky,k,0.11212121212121212,33
directional_extrapolation,low_wq_to_high_wq,low_wq_to_high_wq,2029,rd_obs_redshift_sky,wq,0.1936507936507937,30
directional_extrapolation,low_wq_to_high_wq,low_wq_to_high_wq,2030,rd_obs,k,0.15454545454545457,33
directional_extrapolation,low_wq_to_high_wq,low_wq_to_high_wq,2030,rd_obs,wq,0.46126984126984133,30
directional_extrapolation,low_wq_to_high_wq,low_wq_to_high_wq,2030,rd_obs_redshift,k,0.10909090909090907,33
directional_extrapolation,low_wq_to_high_wq,low_wq_to_high_wq,2030,rd_obs_redshift,wq,0.20317460317460323,30
directional_extrapolation,low_wq_to_high_wq,low_wq_to_high_wq,2030,rd_obs_sky,k,0.10909090909090907,33
directional_extrapolation,low_wq_to_high_wq,low_wq_to_high_wq,2030,rd_obs_sky,wq,0.1968253968253969,30
directional_extrapolation,low_wq_to_high_wq,low_wq_to_high_wq,2030,rd_obs_redshift_sky,k,0.1393939393939394,33
directional_extrapolation,low_wq_to_high_wq,low_wq_to_high_wq,2030,rd_obs_redshift_sky,wq,0.20000000000000007,30
grouped_physical_interpolation,,blocks_3x3_g0,2026,rd_obs,k,0.11875000000000002,16
grouped_physical_interpolation,,blocks_3x3_g0,2026,rd_obs,wq,0.7055555555555555,12
grouped_physical_interpolation,,blocks_3x3_g0,2026,rd_obs_redshift,k,0.0875,16
grouped_physical_interpolation,,blocks_3x3_g0,2026,rd_obs_redshift,wq,0.194973544973545,12
grouped_physical_interpolation,,blocks_3x3_g0,2026,rd_obs_sky,k,0.09375,16
grouped_physical_interpolation,,blocks_3x3_g0,2026,rd_obs_sky,wq,0.18544973544973545,12
grouped_physical_interpolation,,blocks_3x3_g0,2026,rd_obs_redshift_sky,k,0.10625000000000001,16
grouped_physical_interpolation,,blocks_3x3_g0,2026,rd_obs_redshift_sky,wq,0.194973544973545,12
grouped_physical_interpolation,,blocks_3x3_g0,2027,rd_obs,k,0.125,16
grouped_physical_interpolation,,blocks_3x3_g0,2027,rd_obs,wq,0.696031746031746,12
grouped_physical_interpolation,,blocks_3x3_g0,2027,rd_obs_redshift,k,0.075,16
grouped_physical_interpolation,,blocks_3x3_g0,2027,rd_obs_redshift,wq,0.18439153439153436,12
grouped_physical_interpolation,,blocks_3x3_g0,2027,rd_obs_sky,k,0.0875,16
grouped_physical_interpolation,,blocks_3x3_g0,2027,rd_obs_sky,wq,0.17592592592592593,12
grouped_physical_interpolation,,blocks_3x3_g0,2027,rd_obs_redshift_sky,k,0.09375,16
grouped_physical_interpolation,,blocks_3x3_g0,2027,rd_obs_redshift_sky,wq,0.17592592592592593,12
grouped_physical_interpolation,,blocks_3x3_g0,2028,rd_obs,k,0.125,16
grouped_physical_interpolation,,blocks_3x3_g0,2028,rd_obs,wq,0.7182539682539684,12
grouped_physical_interpolation,,blocks_3x3_g0,2028,rd_obs_redshift,k,0.0875,16
grouped_physical_interpolation,,blocks_3x3_g0,2028,rd_obs_redshift,wq,0.194973544973545,12
grouped_physical_interpolation,,blocks_3x3_g0,2028,rd_obs_sky,k,0.0875,16
grouped_physical_interpolation,,blocks_3x3_g0,2028,rd_obs_sky,wq,0.18544973544973545,12
grouped_physical_interpolation,,blocks_3x3_g0,2028,rd_obs_redshift_sky,k,0.09375,16
grouped_physical_interpolation,,blocks_3x3_g0,2028,rd_obs_redshift_sky,wq,0.18544973544973545,12
grouped_physical_interpolation,,blocks_3x3_g0,2029,rd_obs,k,0.11250000000000002,16
grouped_physical_interpolation,,blocks_3x3_g0,2029,rd_obs,wq,0.6738095238095237,12
grouped_physical_interpolation,,blocks_3x3_g0,2029,rd_obs_redshift,k,0.075,16
grouped_physical_interpolation,,blocks_3x3_g0,2029,rd_obs_redshift,wq,0.2044973544973545,12
grouped_physical_interpolation,,blocks_3x3_g0,2029,rd_obs_sky,k,0.1,16
grouped_physical_interpolation,,blocks_3x3_g0,2029,rd_obs_sky,wq,0.194973544973545,12
grouped_physical_interpolation,,blocks_3x3_g0,2029,rd_obs_redshift_sky,k,0.10625000000000001,16
grouped_physical_interpolation,,blocks_3x3_g0,2029,rd_obs_redshift_sky,wq,0.194973544973545,12
grouped_physical_interpolation,,blocks_3x3_g0,2030,rd_obs,k,0.125,16
grouped_physical_interpolation,,blocks_3x3_g0,2030,rd_obs,wq,0.7134920634920634,12
grouped_physical_interpolation,,blocks_3x3_g0,2030,rd_obs_redshift,k,0.10625000000000001,16
grouped_physical_interpolation,,blocks_3x3_g0,2030,rd_obs_redshift,wq,0.2404761904761905,12
grouped_physical_interpolation,,blocks_3x3_g0,2030,rd_obs_sky,k,0.11875,16
grouped_physical_interpolation,,blocks_3x3_g0,2030,rd_obs_sky,wq,0.22142857142857145,12
grouped_physical_interpolation,,blocks_3x3_g0,2030,rd_obs_redshift_sky,k,0.13125,16
grouped_physical_interpolation,,blocks_3x3_g0,2030,rd_obs_redshift_sky,wq,0.22142857142857145,12
grouped_physical_interpolation,,blocks_3x3_g1,2026,rd_obs,k,0.05625000000000001,16
grouped_physical_interpolation,,blocks_3x3_g1,2026,rd_obs,wq,0.38492063492063494,12
grouped_physical_interpolation,,blocks_3x3_g1,2026,rd_obs_redshift,k,0.0375,16
grouped_physical_interpolation,,blocks_3x3_g1,2026,rd_obs_redshift,wq,0.19417989417989417,12
grouped_physical_interpolation,,blocks_3x3_g1,2026,rd_obs_sky,k,0.05,16
grouped_physical_interpolation,,blocks_3x3_g1,2026,rd_obs_sky,wq,0.19417989417989417,12
grouped_physical_interpolation,,blocks_3x3_g1,2026,rd_obs_redshift_sky,k,0.05,16
grouped_physical_interpolation,,blocks_3x3_g1,2026,rd_obs_redshift_sky,wq,0.19417989417989417,12
grouped_physical_interpolation,,blocks_3x3_g1,2027,rd_obs,k,0.05625000000000001,16
grouped_physical_interpolation,,blocks_3x3_g1,2027,rd_obs,wq,0.3941798941798942,12
grouped_physical_interpolation,,blocks_3x3_g1,2027,rd_obs_redshift,k,0.0375,16
grouped_physical_interpolation,,blocks_3x3_g1,2027,rd_obs_redshift,wq,0.18465608465608468,12
grouped_physical_interpolation,,blocks_3x3_g1,2027,rd_obs_sky,k,0.0375,16
grouped_physical_interpolation,,blocks_3x3_g1,2027,rd_obs_sky,wq,0.16243386243386246,12
grouped_physical_interpolation,,blocks_3x3_g1,2027,rd_obs_redshift_sky,k,0.05,16
grouped_physical_interpolation,,blocks_3x3_g1,2027,rd_obs_redshift_sky,wq,0.17037037037037042,12
grouped_physical_interpolation,,blocks_3x3_g1,2028,rd_obs,k,0.05,16
grouped_physical_interpolation,,blocks_3x3_g1,2028,rd_obs,wq,0.3425925925925926,12
grouped_physical_interpolation,,blocks_3x3_g1,2028,rd_obs_redshift,k,0.03125,16
grouped_physical_interpolation,,blocks_3x3_g1,2028,rd_obs_redshift,wq,0.1687830687830688,12
grouped_physical_interpolation,,blocks_3x3_g1,2028,rd_obs_sky,k,0.0375,16
grouped_physical_interpolation,,blocks_3x3_g1,2028,rd_obs_sky,wq,0.15449735449735452,12
grouped_physical_interpolation,,blocks_3x3_g1,2028,rd_obs_redshift_sky,k,0.04375,16
grouped_physical_interpolation,,blocks_3x3_g1,2028,rd_obs_redshift_sky,wq,0.15449735449735452,12
grouped_physical_interpolation,,blocks_3x3_g1,2029,rd_obs,k,0.05,16
grouped_physical_interpolation,,blocks_3x3_g1,2029,rd_obs,wq,0.3425925925925926,12
grouped_physical_interpolation,,blocks_3x3_g1,2029,rd_obs_redshift,k,0.0375,16
grouped_physical_interpolation,,blocks_3x3_g1,2029,rd_obs_redshift,wq,0.17037037037037042,12
grouped_physical_interpolation,,blocks_3x3_g1,2029,rd_obs_sky,k,0.0375,16
grouped_physical_interpolation,,blocks_3x3_g1,2029,rd_obs_sky,wq,0.17037037037037042,12
grouped_physical_interpolation,,blocks_3x3_g1,2029,rd_obs_redshift_sky,k,0.05,16
grouped_physical_interpolation,,blocks_3x3_g1,2029,rd_obs_redshift_sky,wq,0.17037037037037042,12
grouped_physical_interpolation,,blocks_3x3_g1,2030,rd_obs,k,0.05625000000000001,16
grouped_physical_interpolation,,blocks_3x3_g1,2030,rd_obs,wq,0.3888888888888889,12
grouped_physical_interpolation,,blocks_3x3_g1,2030,rd_obs_redshift,k,0.0375,16
grouped_physical_interpolation,,blocks_3x3_g1,2030,rd_obs_redshift,wq,0.17777777777777787,12
grouped_physical_interpolation,,blocks_3x3_g1,2030,rd_obs_sky,k,0.04375,16
grouped_physical_interpolation,,blocks_3x3_g1,2030,rd_obs_sky,wq,0.17830687830687836,12
grouped_physical_interpolation,,blocks_3x3_g1,2030,rd_obs_redshift_sky,k,0.05625000000000001,16
grouped_physical_interpolation,,blocks_3x3_g1,2030,rd_obs_redshift_sky,wq,0.17830687830687836,12
grouped_physical_interpolation,,blocks_3x3_g2,2026,rd_obs,k,0.05,12
grouped_physical_interpolation,,blocks_3x3_g2,2026,rd_obs,wq,0.4948853615520281,9
grouped_physical_interpolation,,blocks_3x3_g2,2026,rd_obs_redshift,k,0.025,12
grouped_physical_interpolation,,blocks_3x3_g2,2026,rd_obs_redshift,wq,0.19047619047619052,9
grouped_physical_interpolation,,blocks_3x3_g2,2026,rd_obs_sky,k,0.025,12
grouped_physical_interpolation,,blocks_3x3_g2,2026,rd_obs_sky,wq,0.17989417989417997,9
grouped_physical_interpolation,,blocks_3x3_g2,2026,rd_obs_redshift_sky,k,0.04166666666666667,12
grouped_physical_interpolation,,blocks_3x3_g2,2026,rd_obs_redshift_sky,wq,0.2010582010582011,9
grouped_physical_interpolation,,blocks_3x3_g2,2027,rd_obs,k,0.04166666666666667,12
grouped_physical_interpolation,,blocks_3x3_g2,2027,rd_obs,wq,0.41552028218694886,9
grouped_physical_interpolation,,blocks_3x3_g2,2027,rd_obs_redshift,k,0.025,12
grouped_physical_interpolation,,blocks_3x3_g2,2027,rd_obs_redshift,wq,0.19047619047619052,9
grouped_physical_interpolation,,blocks_3x3_g2,2027,rd_obs_sky,k,0.025,12
grouped_physical_interpolation,,blocks_3x3_g2,2027,rd_obs_sky,wq,0.17989417989417997,9
grouped_physical_interpolation,,blocks_3x3_g2,2027,rd_obs_redshift_sky,k,0.04166666666666667,12
grouped_physical_interpolation,,blocks_3x3_g2,2027,rd_obs_redshift_sky,wq,0.2010582010582011,9
grouped_physical_interpolation,,blocks_3x3_g2,2028,rd_obs,k,0.05,12
grouped_physical_interpolation,,blocks_3x3_g2,2028,rd_obs,wq,0.4980599647266314,9
grouped_physical_interpolation,,blocks_3x3_g2,2028,rd_obs_redshift,k,0.04166666666666667,12
grouped_physical_interpolation,,blocks_3x3_g2,2028,rd_obs_redshift,wq,0.23280423280423293,9
grouped_physical_interpolation,,blocks_3x3_g2,2028,rd_obs_sky,k,0.05,12
grouped_physical_interpolation,,blocks_3x3_g2,2028,rd_obs_sky,wq,0.19259259259259262,9
grouped_physical_interpolation,,blocks_3x3_g2,2028,rd_obs_redshift_sky,k,0.05,12
grouped_physical_interpolation,,blocks_3x3_g2,2028,rd_obs_redshift_sky,wq,0.17989417989417997,9
grouped_physical_interpolation,,blocks_3x3_g2,2029,rd_obs,k,0.04166666666666667,12
grouped_physical_interpolation,,blocks_3x3_g2,2029,rd_obs,wq,0.4282186948853616,9
grouped_physical_interpolation,,blocks_3x3_g2,2029,rd_obs_redshift,k,0.025,12
grouped_physical_interpolation,,blocks_3x3_g2,2029,rd_obs_redshift,wq,0.19047619047619052,9
grouped_physical_interpolation,,blocks_3x3_g2,2029,rd_obs_sky,k,0.025,12
grouped_physical_interpolation,,blocks_3x3_g2,2029,rd_obs_sky,wq,0.17989417989417997,9
grouped_physical_interpolation,,blocks_3x3_g2,2029,rd_obs_redshift_sky,k,0.04166666666666667,12
grouped_physical_interpolation,,blocks_3x3_g2,2029,rd_obs_redshift_sky,wq,0.2010582010582011,9
grouped_physical_interpolation,,blocks_3x3_g2,2030,rd_obs,k,0.05,12
grouped_physical_interpolation,,blocks_3x3_g2,2030,rd_obs,wq,0.4948853615520281,9
grouped_physical_interpolation,,blocks_3x3_g2,2030,rd_obs_redshift,k,0.03333333333333333,12
grouped_physical_interpolation,,blocks_3x3_g2,2030,rd_obs_redshift,wq,0.22222222222222232,9
grouped_physical_interpolation,,blocks_3x3_g2,2030,rd_obs_sky,k,0.04166666666666667,12
grouped_physical_interpolation,,blocks_3x3_g2,2030,rd_obs_sky,wq,0.18201058201058204,9
grouped_physical_interpolation,,blocks_3x3_g2,2030,rd_obs_redshift_sky,k,0.05,12
grouped_physical_interpolation,,blocks_3x3_g2,2030,rd_obs_redshift_sky,wq,0.17989417989417997,9
grouped_physical_interpolation,,blocks_3x3_g3,2026,rd_obs,k,0.26249999999999996,16
grouped_physical_interpolation,,blocks_3x3_g3,2026,rd_obs,wq,0.4714285714285714,16
grouped_physical_interpolation,,blocks_3x3_g3,2026,rd_obs_redshift,k,0.21874999999999997,16
grouped_physical_interpolation,,blocks_3x3_g3,2026,rd_obs_redshift,wq,0.10793650793650797,16
grouped_physical_interpolation,,blocks_3x3_g3,2026,rd_obs_sky,k,0.21250000000000002,16
grouped_physical_interpolation,,blocks_3x3_g3,2026,rd_obs_sky,wq,0.09523809523809529,16
grouped_physical_interpolation,,blocks_3x3_g3,2026,rd_obs_redshift_sky,k,0.2375,16
grouped_physical_interpolation,,blocks_3x3_g3,2026,rd_obs_redshift_sky,wq,0.10793650793650797,16
grouped_physical_interpolation,,blocks_3x3_g3,2027,rd_obs,k,0.24374999999999994,16
grouped_physical_interpolation,,blocks_3x3_g3,2027,rd_obs,wq,0.44523809523809516,16
grouped_physical_interpolation,,blocks_3x3_g3,2027,rd_obs_redshift,k,0.16249999999999998,16
grouped_physical_interpolation,,blocks_3x3_g3,2027,rd_obs_redshift,wq,0.093452380952381,16
grouped_physical_interpolation,,blocks_3x3_g3,2027,rd_obs_sky,k,0.1625,16
grouped_physical_interpolation,,blocks_3x3_g3,2027,rd_obs_sky,wq,0.07599206349206356,16
grouped_physical_interpolation,,blocks_3x3_g3,2027,rd_obs_redshift_sky,k,0.20625000000000002,16
grouped_physical_interpolation,,blocks_3x3_g3,2027,rd_obs_redshift_sky,wq,0.10416666666666674,16
grouped_physical_interpolation,,blocks_3x3_g3,2028,rd_obs,k,0.25625,16
grouped_physical_interpolation,,blocks_3x3_g3,2028,rd_obs,wq,0.4634920634920635,16
grouped_physical_interpolation,,blocks_3x3_g3,2028,rd_obs_redshift,k,0.18125,16
grouped_physical_interpolation,,blocks_3x3_g3,2028,rd_obs_redshift,wq,0.09980158730158734,16
grouped_physical_interpolation,,blocks_3x3_g3,2028,rd_obs_sky,k,0.19375,16
grouped_physical_interpolation,,blocks_3x3_g3,2028,rd_obs_sky,wq,0.08789682539682545,16
grouped_physical_interpolation,,blocks_3x3_g3,2028,rd_obs_redshift_sky,k,0.19375,16
grouped_physical_interpolation,,blocks_3x3_g3,2028,rd_obs_redshift_sky,wq,0.09325396825396831,16
grouped_physical_interpolation,,blocks_3x3_g3,2029,rd_obs,k,0.25,16
grouped_physical_interpolation,,blocks_3x3_g3,2029,rd_obs,wq,0.45714285714285713,16
grouped_physical_interpolation,,blocks_3x3_g3,2029,rd_obs_redshift,k,0.16874999999999998,16
grouped_physical_interpolation,,blocks_3x3_g3,2029,rd_obs_redshift,wq,0.09980158730158734,16
grouped_physical_interpolation,,blocks_3x3_g3,2029,rd_obs_sky,k,0.2,16
grouped_physical_interpolation,,blocks_3x3_g3,2029,rd_obs_sky,wq,0.0978174603174604,16
grouped_physical_interpolation,,blocks_3x3_g3,2029,rd_obs_redshift_sky,k,0.22499999999999998,16
grouped_physical_interpolation,,blocks_3x3_g3,2029,rd_obs_redshift_sky,wq,0.11071428571428575,16
grouped_physical_interpolation,,blocks_3x3_g3,2030,rd_obs,k,0.21250000000000002,16
grouped_physical_interpolation,,blocks_3x3_g3,2030,rd_obs,wq,0.3908730158730158,16
grouped_physical_interpolation,,blocks_3x3_g3,2030,rd_obs_redshift,k,0.1875,16
grouped_physical_interpolation,,blocks_3x3_g3,2030,rd_obs_redshift,wq,0.09980158730158734,16
grouped_physical_interpolation,,blocks_3x3_g3,2030,rd_obs_sky,k,0.1875,16
grouped_physical_interpolation,,blocks_3x3_g3,2030,rd_obs_sky,wq,0.08789682539682545,16
grouped_physical_interpolation,,blocks_3x3_g3,2030,rd_obs_redshift_sky,k,0.1875,16
grouped_physical_interpolation,,blocks_3x3_g3,2030,rd_obs_redshift_sky,wq,0.09325396825396831,16
grouped_physical_interpolation,,blocks_3x3_g4,2026,rd_obs,k,0.15,16
grouped_physical_interpolation,,blocks_3x3_g4,2026,rd_obs,wq,0.2984126984126984,16
grouped_physical_interpolation,,blocks_3x3_g4,2026,rd_obs_redshift,k,0.11250000000000002,16
grouped_physical_interpolation,,blocks_3x3_g4,2026,rd_obs_redshift,wq,0.10396825396825396,16
grouped_physical_interpolation,,blocks_3x3_g4,2026,rd_obs_sky,k,0.11875000000000002,16
grouped_physical_interpolation,,blocks_3x3_g4,2026,rd_obs_sky,wq,0.10396825396825396,16
grouped_physical_interpolation,,blocks_3x3_g4,2026,rd_obs_redshift_sky,k,0.13124999999999998,16
grouped_physical_interpolation,,blocks_3x3_g4,2026,rd_obs_redshift_sky,wq,0.10396825396825396,16
grouped_physical_interpolation,,blocks_3x3_g4,2027,rd_obs,k,0.1625,16
grouped_physical_interpolation,,blocks_3x3_g4,2027,rd_obs,wq,0.32460317460317456,16
grouped_physical_interpolation,,blocks_3x3_g4,2027,rd_obs_redshift,k,0.10625000000000001,16
grouped_physical_interpolation,,blocks_3x3_g4,2027,rd_obs_redshift,wq,0.11666666666666671,16
grouped_physical_interpolation,,blocks_3x3_g4,2027,rd_obs_sky,k,0.11875000000000002,16
grouped_physical_interpolation,,blocks_3x3_g4,2027,rd_obs_sky,wq,0.1035714285714286,16
grouped_physical_interpolation,,blocks_3x3_g4,2027,rd_obs_redshift_sky,k,0.13749999999999998,16
grouped_physical_interpolation,,blocks_3x3_g4,2027,rd_obs_redshift_sky,wq,0.09761904761904765,16
grouped_physical_interpolation,,blocks_3x3_g4,2028,rd_obs,k,0.15624999999999997,16
grouped_physical_interpolation,,blocks_3x3_g4,2028,rd_obs,wq,0.31984126984126987,16
grouped_physical_interpolation,,blocks_3x3_g4,2028,rd_obs_redshift,k,0.11875000000000002,16
grouped_physical_interpolation,,blocks_3x3_g4,2028,rd_obs_redshift,wq,0.12142857142857146,16
grouped_physical_interpolation,,blocks_3x3_g4,2028,rd_obs_sky,k,0.125,16
grouped_physical_interpolation,,blocks_3x3_g4,2028,rd_obs_sky,wq,0.09761904761904762,16
grouped_physical_interpolation,,blocks_3x3_g4,2028,rd_obs_redshift_sky,k,0.13749999999999998,16
grouped_physical_interpolation,,blocks_3x3_g4,2028,rd_obs_redshift_sky,wq,0.09166666666666666,16
grouped_physical_interpolation,,blocks_3x3_g4,2029,rd_obs,k,0.18125,16
grouped_physical_interpolation,,blocks_3x3_g4,2029,rd_obs,wq,0.3555555555555555,16
grouped_physical_interpolation,,blocks_3x3_g4,2029,rd_obs_redshift,k,0.125,16
grouped_physical_interpolation,,blocks_3x3_g4,2029,rd_obs_redshift,wq,0.12261904761904767,16
grouped_physical_interpolation,,blocks_3x3_g4,2029,rd_obs_sky,k,0.125,16
grouped_physical_interpolation,,blocks_3x3_g4,2029,rd_obs_sky,wq,0.10238095238095245,16
grouped_physical_interpolation,,blocks_3x3_g4,2029,rd_obs_redshift_sky,k,0.125,16
grouped_physical_interpolation,,blocks_3x3_g4,2029,rd_obs_redshift_sky,wq,0.10238095238095245,16
grouped_physical_interpolation,,blocks_3x3_g4,2030,rd_obs,k,0.1625,16
grouped_physical_interpolation,,blocks_3x3_g4,2030,rd_obs,wq,0.32460317460317456,16
grouped_physical_interpolation,,blocks_3x3_g4,2030,rd_obs_redshift,k,0.11875000000000002,16
grouped_physical_interpolation,,blocks_3x3_g4,2030,rd_obs_redshift,wq,0.1297619047619048,16
grouped_physical_interpolation,,blocks_3x3_g4,2030,rd_obs_sky,k,0.125,16
grouped_physical_interpolation,,blocks_3x3_g4,2030,rd_obs_sky,wq,0.10952380952380956,16
grouped_physical_interpolation,,blocks_3x3_g4,2030,rd_obs_redshift_sky,k,0.13125,16
grouped_physical_interpolation,,blocks_3x3_g4,2030,rd_obs_redshift_sky,wq,0.09285714285714286,16
grouped_physical_interpolation,,blocks_3x3_g5,2026,rd_obs,k,0.175,12
grouped_physical_interpolation,,blocks_3x3_g5,2026,rd_obs,wq,0.47354497354497355,12
grouped_physical_interpolation,,blocks_3x3_g5,2026,rd_obs_redshift,k,0.10000000000000002,12
grouped_physical_interpolation,,blocks_3x3_g5,2026,rd_obs_redshift,wq,0.1428571428571429,12
grouped_physical_interpolation,,blocks_3x3_g5,2026,rd_obs_sky,k,0.10833333333333336,12
grouped_physical_interpolation,,blocks_3x3_g5,2026,rd_obs_sky,wq,0.1428571428571429,12
grouped_physical_interpolation,,blocks_3x3_g5,2026,rd_obs_redshift_sky,k,0.12500000000000003,12
grouped_physical_interpolation,,blocks_3x3_g5,2026,rd_obs_redshift_sky,wq,0.13492063492063494,12
grouped_physical_interpolation,,blocks_3x3_g5,2027,rd_obs,k,0.16666666666666669,12
grouped_physical_interpolation,,blocks_3x3_g5,2027,rd_obs,wq,0.47142857142857136,12
grouped_physical_interpolation,,blocks_3x3_g5,2027,rd_obs_redshift,k,0.10000000000000002,12
grouped_physical_interpolation,,blocks_3x3_g5,2027,rd_obs_redshift,wq,0.15079365079365087,12
grouped_physical_interpolation,,blocks_3x3_g5,2027,rd_obs_sky,k,0.11666666666666667,12
grouped_physical_interpolation,,blocks_3x3_g5,2027,rd_obs_sky,wq,0.1428571428571429,12
grouped_physical_interpolation,,blocks_3x3_g5,2027,rd_obs_redshift_sky,k,0.12500000000000003,12
grouped_physical_interpolation,,blocks_3x3_g5,2027,rd_obs_redshift_sky,wq,0.11904761904761907,12
grouped_physical_interpolation,,blocks_3x3_g5,2028,rd_obs,k,0.15833333333333335,12
grouped_physical_interpolation,,blocks_3x3_g5,2028,rd_obs,wq,0.44206349206349205,12
grouped_physical_interpolation,,blocks_3x3_g5,2028,rd_obs_redshift,k,0.10833333333333335,12
grouped_physical_interpolation,,blocks_3x3_g5,2028,rd_obs_redshift,wq,0.16666666666666674,12
grouped_physical_interpolation,,blocks_3x3_g5,2028,rd_obs_sky,k,0.11666666666666667,12
grouped_physical_interpolation,,blocks_3x3_g5,2028,rd_obs_sky,wq,0.1587301587301588,12
grouped_physical_interpolation,,blocks_3x3_g5,2028,rd_obs_redshift_sky,k,0.13333333333333333,12
grouped_physical_interpolation,,blocks_3x3_g5,2028,rd_obs_redshift_sky,wq,0.12698412698412703,12
grouped_physical_interpolation,,blocks_3x3_g5,2029,rd_obs,k,0.15000000000000002,12
grouped_physical_interpolation,,blocks_3x3_g5,2029,rd_obs,wq,0.4164021164021164,12
grouped_physical_interpolation,,blocks_3x3_g5,2029,rd_obs_redshift,k,0.10833333333333336,12
grouped_physical_interpolation,,blocks_3x3_g5,2029,rd_obs_redshift,wq,0.15079365079365087,12
grouped_physical_interpolation,,blocks_3x3_g5,2029,rd_obs_sky,k,0.12500000000000003,12
grouped_physical_interpolation,,blocks_3x3_g5,2029,rd_obs_sky,wq,0.09523809523809525,12
grouped_physical_interpolation,,blocks_3x3_g5,2029,rd_obs_redshift_sky,k,0.12500000000000003,12
grouped_physical_interpolation,,blocks_3x3_g5,2029,rd_obs_redshift_sky,wq,0.09523809523809525,12
grouped_physical_interpolation,,blocks_3x3_g5,2030,rd_obs,k,0.19166666666666665,12
grouped_physical_interpolation,,blocks_3x3_g5,2030,rd_obs,wq,0.5296296296296295,12
grouped_physical_interpolation,,blocks_3x3_g5,2030,rd_obs_redshift,k,0.10833333333333336,12
grouped_physical_interpolation,,blocks_3x3_g5,2030,rd_obs_redshift,wq,0.1587301587301588,12
grouped_physical_interpolation,,blocks_3x3_g5,2030,rd_obs_sky,k,0.10833333333333336,12
grouped_physical_interpolation,,blocks_3x3_g5,2030,rd_obs_sky,wq,0.1428571428571429,12
grouped_physical_interpolation,,blocks_3x3_g5,2030,rd_obs_redshift_sky,k,0.12500000000000003,12
grouped_physical_interpolation,,blocks_3x3_g5,2030,rd_obs_redshift_sky,wq,0.10317460317460318,12
grouped_physical_interpolation,,blocks_3x3_g6,2026,rd_obs,k,0.08333333333333336,12
grouped_physical_interpolation,,blocks_3x3_g6,2026,rd_obs,wq,0.25925925925925924,12
grouped_physical_interpolation,,blocks_3x3_g6,2026,rd_obs_redshift,k,0.24166666666666664,12
grouped_physical_interpolation,,blocks_3x3_g6,2026,rd_obs_redshift,wq,0.07645502645502646,12
grouped_physical_interpolation,,blocks_3x3_g6,2026,rd_obs_sky,k,0.24166666666666664,12
grouped_physical_interpolation,,blocks_3x3_g6,2026,rd_obs_sky,wq,0.06904761904761905,12
grouped_physical_interpolation,,blocks_3x3_g6,2026,rd_obs_redshift_sky,k,0.24999999999999994,12
grouped_physical_interpolation,,blocks_3x3_g6,2026,rd_obs_redshift_sky,wq,0.07645502645502646,12
grouped_physical_interpolation,,blocks_3x3_g6,2027,rd_obs,k,0.08333333333333334,12
grouped_physical_interpolation,,blocks_3x3_g6,2027,rd_obs,wq,0.2529100529100529,12
grouped_physical_interpolation,,blocks_3x3_g6,2027,rd_obs_redshift,k,0.21666666666666662,12
grouped_physical_interpolation,,blocks_3x3_g6,2027,rd_obs_redshift,wq,0.06164021164021165,12
grouped_physical_interpolation,,blocks_3x3_g6,2027,rd_obs_sky,k,0.2083333333333333,12
grouped_physical_interpolation,,blocks_3x3_g6,2027,rd_obs_sky,wq,0.0531746031746032,12
grouped_physical_interpolation,,blocks_3x3_g6,2027,rd_obs_redshift_sky,k,0.21666666666666662,12
grouped_physical_interpolation,,blocks_3x3_g6,2027,rd_obs_redshift_sky,wq,0.06164021164021165,12
grouped_physical_interpolation,,blocks_3x3_g6,2028,rd_obs,k,0.08333333333333336,12
grouped_physical_interpolation,,blocks_3x3_g6,2028,rd_obs,wq,0.25925925925925924,12
grouped_physical_interpolation,,blocks_3x3_g6,2028,rd_obs_redshift,k,0.24166666666666664,12
grouped_physical_interpolation,,blocks_3x3_g6,2028,rd_obs_redshift,wq,0.07645502645502646,12
grouped_physical_interpolation,,blocks_3x3_g6,2028,rd_obs_sky,k,0.24166666666666664,12
grouped_physical_interpolation,,blocks_3x3_g6,2028,rd_obs_sky,wq,0.06904761904761905,12
grouped_physical_interpolation,,blocks_3x3_g6,2028,rd_obs_redshift_sky,k,0.24999999999999994,12
grouped_physical_interpolation,,blocks_3x3_g6,2028,rd_obs_redshift_sky,wq,0.07645502645502646,12
grouped_physical_interpolation,,blocks_3x3_g6,2029,rd_obs,k,0.08333333333333334,12
grouped_physical_interpolation,,blocks_3x3_g6,2029,rd_obs,wq,0.2529100529100529,12
grouped_physical_interpolation,,blocks_3x3_g6,2029,rd_obs_redshift,k,0.23333333333333325,12
grouped_physical_interpolation,,blocks_3x3_g6,2029,rd_obs_redshift,wq,0.06825396825396825,12
grouped_physical_interpolation,,blocks_3x3_g6,2029,rd_obs_sky,k,0.24166666666666664,12
grouped_physical_interpolation,,blocks_3x3_g6,2029,rd_obs_sky,wq,0.06825396825396825,12
grouped_physical_interpolation,,blocks_3x3_g6,2029,rd_obs_redshift_sky,k,0.24166666666666664,12
grouped_physical_interpolation,,blocks_3x3_g6,2029,rd_obs_redshift_sky,wq,0.06825396825396825,12
grouped_physical_interpolation,,blocks_3x3_g6,2030,rd_obs,k,0.08333333333333334,12
grouped_physical_interpolation,,blocks_3x3_g6,2030,rd_obs,wq,0.2529100529100529,12
grouped_physical_interpolation,,blocks_3x3_g6,2030,rd_obs_redshift,k,0.22499999999999992,12
grouped_physical_interpolation,,blocks_3x3_g6,2030,rd_obs_redshift,wq,0.06904761904761905,12
grouped_physical_interpolation,,blocks_3x3_g6,2030,rd_obs_sky,k,0.21666666666666662,12
grouped_physical_interpolation,,blocks_3x3_g6,2030,rd_obs_sky,wq,0.0605820105820106,12
grouped_physical_interpolation,,blocks_3x3_g6,2030,rd_obs_redshift_sky,k,0.22499999999999992,12
grouped_physical_interpolation,,blocks_3x3_g6,2030,rd_obs_redshift_sky,wq,0.06904761904761905,12
grouped_physical_interpolation,,blocks_3x3_g7,2026,rd_obs,k,0.24166666666666664,12
grouped_physical_interpolation,,blocks_3x3_g7,2026,rd_obs,wq,0.37460317460317455,12
grouped_physical_interpolation,,blocks_3x3_g7,2026,rd_obs_redshift,k,0.18333333333333332,12
grouped_physical_interpolation,,blocks_3x3_g7,2026,rd_obs_redshift,wq,0.10000000000000002,12
grouped_physical_interpolation,,blocks_3x3_g7,2026,rd_obs_sky,k,0.22499999999999998,12
grouped_physical_interpolation,,blocks_3x3_g7,2026,rd_obs_sky,wq,0.09047619047619049,12
grouped_physical_interpolation,,blocks_3x3_g7,2026,rd_obs_redshift_sky,k,0.23333333333333325,12
grouped_physical_interpolation,,blocks_3x3_g7,2026,rd_obs_redshift_sky,wq,0.09047619047619049,12
grouped_physical_interpolation,,blocks_3x3_g7,2027,rd_obs,k,0.2333333333333333,12
grouped_physical_interpolation,,blocks_3x3_g7,2027,rd_obs,wq,0.37248677248677237,12
grouped_physical_interpolation,,blocks_3x3_g7,2027,rd_obs_redshift,k,0.1583333333333333,12
grouped_physical_interpolation,,blocks_3x3_g7,2027,rd_obs_redshift,wq,0.09047619047619045,12
grouped_physical_interpolation,,blocks_3x3_g7,2027,rd_obs_sky,k,0.17499999999999996,12
grouped_physical_interpolation,,blocks_3x3_g7,2027,rd_obs_sky,wq,0.09047619047619045,12
grouped_physical_interpolation,,blocks_3x3_g7,2027,rd_obs_redshift_sky,k,0.17499999999999996,12
grouped_physical_interpolation,,blocks_3x3_g7,2027,rd_obs_redshift_sky,wq,0.09047619047619045,12
grouped_physical_interpolation,,blocks_3x3_g7,2028,rd_obs,k,0.24999999999999994,12
grouped_physical_interpolation,,blocks_3x3_g7,2028,rd_obs,wq,0.40370370370370373,12
grouped_physical_interpolation,,blocks_3x3_g7,2028,rd_obs_redshift,k,0.2083333333333333,12
grouped_physical_interpolation,,blocks_3x3_g7,2028,rd_obs_redshift,wq,0.09999999999999998,12
grouped_physical_interpolation,,blocks_3x3_g7,2028,rd_obs_sky,k,0.21666666666666662,12
grouped_physical_interpolation,,blocks_3x3_g7,2028,rd_obs_sky,wq,0.09047619047619049,12
grouped_physical_interpolation,,blocks_3x3_g7,2028,rd_obs_redshift_sky,k,0.22499999999999998,12
grouped_physical_interpolation,,blocks_3x3_g7,2028,rd_obs_redshift_sky,wq,0.09047619047619049,12
grouped_physical_interpolation,,blocks_3x3_g7,2029,rd_obs,k,0.22499999999999998,12
grouped_physical_interpolation,,blocks_3x3_g7,2029,rd_obs,wq,0.3455026455026454,12
grouped_physical_interpolation,,blocks_3x3_g7,2029,rd_obs_redshift,k,0.1583333333333333,12
grouped_physical_interpolation,,blocks_3x3_g7,2029,rd_obs_redshift,wq,0.08095238095238096,12
grouped_physical_interpolation,,blocks_3x3_g7,2029,rd_obs_sky,k,0.1833333333333333,12
grouped_physical_interpolation,,blocks_3x3_g7,2029,rd_obs_sky,wq,0.08095238095238096,12
grouped_physical_interpolation,,blocks_3x3_g7,2029,rd_obs_redshift_sky,k,0.19999999999999996,12
grouped_physical_interpolation,,blocks_3x3_g7,2029,rd_obs_redshift_sky,wq,0.08095238095238096,12
grouped_physical_interpolation,,blocks_3x3_g7,2030,rd_obs,k,0.23333333333333325,12
grouped_physical_interpolation,,blocks_3x3_g7,2030,rd_obs,wq,0.365079365079365,12
grouped_physical_interpolation,,blocks_3x3_g7,2030,rd_obs_redshift,k,0.16666666666666663,12
grouped_physical_interpolation,,blocks_3x3_g7,2030,rd_obs_redshift,wq,0.09047619047619045,12
grouped_physical_interpolation,,blocks_3x3_g7,2030,rd_obs_sky,k,0.17499999999999996,12
grouped_physical_interpolation,,blocks_3x3_g7,2030,rd_obs_sky,wq,0.09047619047619045,12
grouped_physical_interpolation,,blocks_3x3_g7,2030,rd_obs_redshift_sky,k,0.17499999999999996,12
grouped_physical_interpolation,,blocks_3x3_g7,2030,rd_obs_redshift_sky,wq,0.09047619047619045,12
grouped_physical_interpolation,,blocks_3x3_g8,2026,rd_obs,k,0.3222222222222222,9
grouped_physical_interpolation,,blocks_3x3_g8,2026,rd_obs,wq,0.5460317460317459,9
grouped_physical_interpolation,,blocks_3x3_g8,2026,rd_obs_redshift,k,0.16666666666666663,9
grouped_physical_interpolation,,blocks_3x3_g8,2026,rd_obs_redshift,wq,0.12698412698412703,9
grouped_physical_interpolation,,blocks_3x3_g8,2026,rd_obs_sky,k,0.16666666666666663,9
grouped_physical_interpolation,,blocks_3x3_g8,2026,rd_obs_sky,wq,0.11640211640211644,9
grouped_physical_interpolation,,blocks_3x3_g8,2026,rd_obs_redshift_sky,k,0.17777777777777773,9
grouped_physical_interpolation,,blocks_3x3_g8,2026,rd_obs_redshift_sky,wq,0.11640211640211644,9
grouped_physical_interpolation,,blocks_3x3_g8,2027,rd_obs,k,0.3111111111111111,9
grouped_physical_interpolation,,blocks_3x3_g8,2027,rd_obs,wq,0.5206349206349206,9
grouped_physical_interpolation,,blocks_3x3_g8,2027,rd_obs_redshift,k,0.15555555555555553,9
grouped_physical_interpolation,,blocks_3x3_g8,2027,rd_obs_redshift,wq,0.12698412698412703,9
grouped_physical_interpolation,,blocks_3x3_g8,2027,rd_obs_sky,k,0.15555555555555553,9
grouped_physical_interpolation,,blocks_3x3_g8,2027,rd_obs_sky,wq,0.12698412698412703,9
grouped_physical_interpolation,,blocks_3x3_g8,2027,rd_obs_redshift_sky,k,0.16666666666666663,9
grouped_physical_interpolation,,blocks_3x3_g8,2027,rd_obs_redshift_sky,wq,0.11640211640211644,9
grouped_physical_interpolation,,blocks_3x3_g8,2028,rd_obs,k,0.2777777777777778,9
grouped_physical_interpolation,,blocks_3x3_g8,2028,rd_obs,wq,0.45149911816578475,9
grouped_physical_interpolation,,blocks_3x3_g8,2028,rd_obs_redshift,k,0.13333333333333333,9
grouped_physical_interpolation,,blocks_3x3_g8,2028,rd_obs_redshift,wq,0.11640211640211644,9
grouped_physical_interpolation,,blocks_3x3_g8,2028,rd_obs_sky,k,0.15555555555555556,9
grouped_physical_interpolation,,blocks_3x3_g8,2028,rd_obs_sky,wq,0.09523809523809525,9
grouped_physical_interpolation,,blocks_3x3_g8,2028,rd_obs_redshift_sky,k,0.15555555555555556,9
grouped_physical_interpolation,,blocks_3x3_g8,2028,rd_obs_redshift_sky,wq,0.09523809523809525,9
grouped_physical_interpolation,,blocks_3x3_g8,2029,rd_obs,k,0.2333333333333333,9
grouped_physical_interpolation,,blocks_3x3_g8,2029,rd_obs,wq,0.36613756613756604,9
grouped_physical_interpolation,,blocks_3x3_g8,2029,rd_obs_redshift,k,0.15555555555555556,9
grouped_physical_interpolation,,blocks_3x3_g8,2029,rd_obs_redshift,wq,0.11640211640211647,9
grouped_physical_interpolation,,blocks_3x3_g8,2029,rd_obs_sky,k,0.17777777777777778,9
grouped_physical_interpolation,,blocks_3x3_g8,2029,rd_obs_sky,wq,0.11640211640211647,9
grouped_physical_interpolation,,blocks_3x3_g8,2029,rd_obs_redshift_sky,k,0.17777777777777778,9
grouped_physical_interpolation,,blocks_3x3_g8,2029,rd_obs_redshift_sky,wq,0.11640211640211647,9
grouped_physical_interpolation,,blocks_3x3_g8,2030,rd_obs,k,0.3444444444444444,9
grouped_physical_interpolation,,blocks_3x3_g8,2030,rd_obs,wq,0.5911816578483244,9
grouped_physical_interpolation,,blocks_3x3_g8,2030,rd_obs_redshift,k,0.15555555555555553,9
grouped_physical_interpolation,,blocks_3x3_g8,2030,rd_obs_redshift,wq,0.12698412698412703,9
grouped_physical_interpolation,,blocks_3x3_g8,2030,rd_obs_sky,k,0.15555555555555553,9
grouped_physical_interpolation,,blocks_3x3_g8,2030,rd_obs_sky,wq,0.12698412698412703,9
grouped_physical_interpolation,,blocks_3x3_g8,2030,rd_obs_redshift_sky,k,0.16666666666666663,9
grouped_physical_interpolation,,blocks_3x3_g8,2030,rd_obs_redshift_sky,wq,0.11640211640211644,9
grouped_physical_interpolation,,blocks_3x3_shifted_g0,2026,rd_obs,k,0.1,9
grouped_physical_interpolation,,blocks_3x3_shifted_g0,2026,rd_obs,wq,0.8179894179894178,6
grouped_physical_interpolation,,blocks_3x3_shifted_g0,2026,rd_obs_redshift,k,0.05555555555555555,9
grouped_physical_interpolation,,blocks_3x3_shifted_g0,2026,rd_obs_redshift,wq,0.19153439153439145,6
grouped_physical_interpolation,,blocks_3x3_shifted_g0,2026,rd_obs_sky,k,0.05555555555555555,9
grouped_physical_interpolation,,blocks_3x3_shifted_g0,2026,rd_obs_sky,wq,0.14074074074074067,6
grouped_physical_interpolation,,blocks_3x3_shifted_g0,2026,rd_obs_redshift_sky,k,0.07777777777777778,9
grouped_physical_interpolation,,blocks_3x3_shifted_g0,2026,rd_obs_redshift_sky,wq,0.15978835978835973,6
grouped_physical_interpolation,,blocks_3x3_shifted_g0,2027,rd_obs,k,0.08888888888888889,9
grouped_physical_interpolation,,blocks_3x3_shifted_g0,2027,rd_obs,wq,0.7830687830687829,6
grouped_physical_interpolation,,blocks_3x3_shifted_g0,2027,rd_obs_redshift,k,0.06666666666666667,9
grouped_physical_interpolation,,blocks_3x3_shifted_g0,2027,rd_obs_redshift,wq,0.19153439153439145,6
grouped_physical_interpolation,,blocks_3x3_shifted_g0,2027,rd_obs_sky,k,0.06666666666666667,9
grouped_physical_interpolation,,blocks_3x3_shifted_g0,2027,rd_obs_sky,wq,0.15978835978835973,6
grouped_physical_interpolation,,blocks_3x3_shifted_g0,2027,rd_obs_redshift_sky,k,0.06666666666666667,9
grouped_physical_interpolation,,blocks_3x3_shifted_g0,2027,rd_obs_redshift_sky,wq,0.15978835978835973,6
grouped_physical_interpolation,,blocks_3x3_shifted_g0,2028,rd_obs,k,0.07777777777777778,9
grouped_physical_interpolation,,blocks_3x3_shifted_g0,2028,rd_obs,wq,0.6624338624338625,6
grouped_physical_interpolation,,blocks_3x3_shifted_g0,2028,rd_obs_redshift,k,0.06666666666666667,9
grouped_physical_interpolation,,blocks_3x3_shifted_g0,2028,rd_obs_redshift,wq,0.20846560846560835,6
grouped_physical_interpolation,,blocks_3x3_shifted_g0,2028,rd_obs_sky,k,0.06666666666666667,9
grouped_physical_interpolation,,blocks_3x3_shifted_g0,2028,rd_obs_sky,wq,0.17248677248677238,6
grouped_physical_interpolation,,blocks_3x3_shifted_g0,2028,rd_obs_redshift_sky,k,0.07777777777777778,9
grouped_physical_interpolation,,blocks_3x3_shifted_g0,2028,rd_obs_redshift_sky,wq,0.19153439153439145,6
grouped_physical_interpolation,,blocks_3x3_shifted_g0,2029,rd_obs,k,0.1,9
grouped_physical_interpolation,,blocks_3x3_shifted_g0,2029,rd_obs,wq,0.8179894179894178,6
grouped_physical_interpolation,,blocks_3x3_shifted_g0,2029,rd_obs_redshift,k,0.05555555555555555,9
grouped_physical_interpolation,,blocks_3x3_shifted_g0,2029,rd_obs_redshift,wq,0.2105820105820105,6
grouped_physical_interpolation,,blocks_3x3_shifted_g0,2029,rd_obs_sky,k,0.06666666666666667,9
grouped_physical_interpolation,,blocks_3x3_shifted_g0,2029,rd_obs_sky,wq,0.15978835978835973,6
grouped_physical_interpolation,,blocks_3x3_shifted_g0,2029,rd_obs_redshift_sky,k,0.07777777777777778,9
grouped_physical_interpolation,,blocks_3x3_shifted_g0,2029,rd_obs_redshift_sky,wq,0.19788359788359786,6
grouped_physical_interpolation,,blocks_3x3_shifted_g0,2030,rd_obs,k,0.08888888888888889,9
grouped_physical_interpolation,,blocks_3x3_shifted_g0,2030,rd_obs,wq,0.7544973544973543,6
grouped_physical_interpolation,,blocks_3x3_shifted_g0,2030,rd_obs_redshift,k,0.06666666666666667,9
grouped_physical_interpolation,,blocks_3x3_shifted_g0,2030,rd_obs_redshift,wq,0.2105820105820105,6
grouped_physical_interpolation,,blocks_3x3_shifted_g0,2030,rd_obs_sky,k,0.06666666666666667,9
grouped_physical_interpolation,,blocks_3x3_shifted_g0,2030,rd_obs_sky,wq,0.15978835978835973,6
grouped_physical_interpolation,,blocks_3x3_shifted_g0,2030,rd_obs_redshift_sky,k,0.06666666666666667,9
grouped_physical_interpolation,,blocks_3x3_shifted_g0,2030,rd_obs_redshift_sky,wq,0.15978835978835973,6
grouped_physical_interpolation,,blocks_3x3_shifted_g1,2026,rd_obs,k,0.04166666666666667,12
grouped_physical_interpolation,,blocks_3x3_shifted_g1,2026,rd_obs,wq,0.3857142857142857,8
grouped_physical_interpolation,,blocks_3x3_shifted_g1,2026,rd_obs_redshift,k,0.03333333333333333,12
grouped_physical_interpolation,,blocks_3x3_shifted_g1,2026,rd_obs_redshift,wq,0.15793650793650788,8
grouped_physical_interpolation,,blocks_3x3_shifted_g1,2026,rd_obs_sky,k,0.03333333333333333,12
grouped_physical_interpolation,,blocks_3x3_shifted_g1,2026,rd_obs_sky,wq,0.14603174603174596,8
grouped_physical_interpolation,,blocks_3x3_shifted_g1,2026,rd_obs_redshift_sky,k,0.03333333333333333,12
grouped_physical_interpolation,,blocks_3x3_shifted_g1,2026,rd_obs_redshift_sky,wq,0.14603174603174596,8
grouped_physical_interpolation,,blocks_3x3_shifted_g1,2027,rd_obs,k,0.05,12
grouped_physical_interpolation,,blocks_3x3_shifted_g1,2027,rd_obs,wq,0.4333333333333333,8
grouped_physical_interpolation,,blocks_3x3_shifted_g1,2027,rd_obs_redshift,k,0.03333333333333333,12
grouped_physical_interpolation,,blocks_3x3_shifted_g1,2027,rd_obs_redshift,wq,0.19603174603174595,8
grouped_physical_interpolation,,blocks_3x3_shifted_g1,2027,rd_obs_sky,k,0.03333333333333333,12
grouped_physical_interpolation,,blocks_3x3_shifted_g1,2027,rd_obs_sky,wq,0.1944444444444444,8
grouped_physical_interpolation,,blocks_3x3_shifted_g1,2027,rd_obs_redshift_sky,k,0.03333333333333333,12
grouped_physical_interpolation,,blocks_3x3_shifted_g1,2027,rd_obs_redshift_sky,wq,0.15873015873015864,8
grouped_physical_interpolation,,blocks_3x3_shifted_g1,2028,rd_obs,k,0.04166666666666667,12
grouped_physical_interpolation,,blocks_3x3_shifted_g1,2028,rd_obs,wq,0.3857142857142856,8
grouped_physical_interpolation,,blocks_3x3_shifted_g1,2028,rd_obs_redshift,k,0.03333333333333333,12
grouped_physical_interpolation,,blocks_3x3_shifted_g1,2028,rd_obs_redshift,wq,0.1722222222222221,8
grouped_physical_interpolation,,blocks_3x3_shifted_g1,2028,rd_obs_sky,k,0.03333333333333333,12
grouped_physical_interpolation,,blocks_3x3_shifted_g1,2028,rd_obs_sky,wq,0.15873015873015864,8
grouped_physical_interpolation,,blocks_3x3_shifted_g1,2028,rd_obs_redshift_sky,k,0.03333333333333333,12
grouped_physical_interpolation,,blocks_3x3_shifted_g1,2028,rd_obs_redshift_sky,wq,0.15873015873015864,8
grouped_physical_interpolation,,blocks_3x3_shifted_g1,2029,rd_obs,k,0.04166666666666667,12
grouped_physical_interpolation,,blocks_3x3_shifted_g1,2029,rd_obs,wq,0.3976190476190476,8
grouped_physical_interpolation,,blocks_3x3_shifted_g1,2029,rd_obs_redshift,k,0.03333333333333333,12
grouped_physical_interpolation,,blocks_3x3_shifted_g1,2029,rd_obs_redshift,wq,0.1698412698412698,8
grouped_physical_interpolation,,blocks_3x3_shifted_g1,2029,rd_obs_sky,k,0.03333333333333333,12
grouped_physical_interpolation,,blocks_3x3_shifted_g1,2029,rd_obs_sky,wq,0.1698412698412698,8
grouped_physical_interpolation,,blocks_3x3_shifted_g1,2029,rd_obs_redshift_sky,k,0.03333333333333333,12
grouped_physical_interpolation,,blocks_3x3_shifted_g1,2029,rd_obs_redshift_sky,wq,0.1698412698412698,8
grouped_physical_interpolation,,blocks_3x3_shifted_g1,2030,rd_obs,k,0.04166666666666667,12
grouped_physical_interpolation,,blocks_3x3_shifted_g1,2030,rd_obs,wq,0.40952380952380946,8
grouped_physical_interpolation,,blocks_3x3_shifted_g1,2030,rd_obs_redshift,k,0.03333333333333333,12
grouped_physical_interpolation,,blocks_3x3_shifted_g1,2030,rd_obs_redshift,wq,0.19841269841269835,8
grouped_physical_interpolation,,blocks_3x3_shifted_g1,2030,rd_obs_sky,k,0.03333333333333333,12
grouped_physical_interpolation,,blocks_3x3_shifted_g1,2030,rd_obs_sky,wq,0.16031746031746025,8
grouped_physical_interpolation,,blocks_3x3_shifted_g1,2030,rd_obs_redshift_sky,k,0.03333333333333333,12
grouped_physical_interpolation,,blocks_3x3_shifted_g1,2030,rd_obs_redshift_sky,wq,0.16031746031746025,8
grouped_physical_interpolation,,blocks_3x3_shifted_g2,2026,rd_obs,k,0.025,12
grouped_physical_interpolation,,blocks_3x3_shifted_g2,2026,rd_obs,wq,0.49484126984126975,8
grouped_physical_interpolation,,blocks_3x3_shifted_g2,2026,rd_obs_redshift,k,0.03333333333333333,12
grouped_physical_interpolation,,blocks_3x3_shifted_g2,2026,rd_obs_redshift,wq,0.27142857142857135,8
grouped_physical_interpolation,,blocks_3x3_shifted_g2,2026,rd_obs_sky,k,0.04166666666666667,12
grouped_physical_interpolation,,blocks_3x3_shifted_g2,2026,rd_obs_sky,wq,0.1952380952380952,8
grouped_physical_interpolation,,blocks_3x3_shifted_g2,2026,rd_obs_redshift_sky,k,0.04166666666666667,12
grouped_physical_interpolation,,blocks_3x3_shifted_g2,2026,rd_obs_redshift_sky,wq,0.1952380952380952,8
grouped_physical_interpolation,,blocks_3x3_shifted_g2,2027,rd_obs,k,0.025,12
grouped_physical_interpolation,,blocks_3x3_shifted_g2,2027,rd_obs,wq,0.42698412698412697,8
grouped_physical_interpolation,,blocks_3x3_shifted_g2,2027,rd_obs_redshift,k,0.025,12
grouped_physical_interpolation,,blocks_3x3_shifted_g2,2027,rd_obs_redshift,wq,0.2380952380952382,8
grouped_physical_interpolation,,blocks_3x3_shifted_g2,2027,rd_obs_sky,k,0.025,12
grouped_physical_interpolation,,blocks_3x3_shifted_g2,2027,rd_obs_sky,wq,0.21428571428571436,8
grouped_physical_interpolation,,blocks_3x3_shifted_g2,2027,rd_obs_redshift_sky,k,0.025,12
grouped_physical_interpolation,,blocks_3x3_shifted_g2,2027,rd_obs_redshift_sky,wq,0.21428571428571436,8
grouped_physical_interpolation,,blocks_3x3_shifted_g2,2028,rd_obs,k,0.025,12
grouped_physical_interpolation,,blocks_3x3_shifted_g2,2028,rd_obs,wq,0.4484126984126985,8
grouped_physical_interpolation,,blocks_3x3_shifted_g2,2028,rd_obs_redshift,k,0.025,12
grouped_physical_interpolation,,blocks_3x3_shifted_g2,2028,rd_obs_redshift,wq,0.2380952380952382,8
grouped_physical_interpolation,,blocks_3x3_shifted_g2,2028,rd_obs_sky,k,0.025,12
grouped_physical_interpolation,,blocks_3x3_shifted_g2,2028,rd_obs_sky,wq,0.21428571428571436,8
grouped_physical_interpolation,,blocks_3x3_shifted_g2,2028,rd_obs_redshift_sky,k,0.025,12
grouped_physical_interpolation,,blocks_3x3_shifted_g2,2028,rd_obs_redshift_sky,wq,0.21428571428571436,8
grouped_physical_interpolation,,blocks_3x3_shifted_g2,2029,rd_obs,k,0.025,12
grouped_physical_interpolation,,blocks_3x3_shifted_g2,2029,rd_obs,wq,0.5055555555555554,8
grouped_physical_interpolation,,blocks_3x3_shifted_g2,2029,rd_obs_redshift,k,0.03333333333333333,12
grouped_physical_interpolation,,blocks_3x3_shifted_g2,2029,rd_obs_redshift,wq,0.2857142857142856,8
grouped_physical_interpolation,,blocks_3x3_shifted_g2,2029,rd_obs_sky,k,0.04166666666666667,12
grouped_physical_interpolation,,blocks_3x3_shifted_g2,2029,rd_obs_sky,wq,0.25238095238095226,8
grouped_physical_interpolation,,blocks_3x3_shifted_g2,2029,rd_obs_redshift_sky,k,0.04166666666666667,12
grouped_physical_interpolation,,blocks_3x3_shifted_g2,2029,rd_obs_redshift_sky,wq,0.25238095238095226,8
grouped_physical_interpolation,,blocks_3x3_shifted_g2,2030,rd_obs,k,0.025,12
grouped_physical_interpolation,,blocks_3x3_shifted_g2,2030,rd_obs,wq,0.4376984126984128,8
grouped_physical_interpolation,,blocks_3x3_shifted_g2,2030,rd_obs_redshift,k,0.025,12
grouped_physical_interpolation,,blocks_3x3_shifted_g2,2030,rd_obs_redshift,wq,0.2380952380952382,8
grouped_physical_interpolation,,blocks_3x3_shifted_g2,2030,rd_obs_sky,k,0.025,12
grouped_physical_interpolation,,blocks_3x3_shifted_g2,2030,rd_obs_sky,wq,0.21428571428571436,8
grouped_physical_interpolation,,blocks_3x3_shifted_g2,2030,rd_obs_redshift_sky,k,0.025,12
grouped_physical_interpolation,,blocks_3x3_shifted_g2,2030,rd_obs_redshift_sky,wq,0.21428571428571436,8
grouped_physical_interpolation,,blocks_3x3_shifted_g3,2026,rd_obs,k,0.25000000000000006,12
grouped_physical_interpolation,,blocks_3x3_shifted_g3,2026,rd_obs,wq,0.553968253968254,12
grouped_physical_interpolation,,blocks_3x3_shifted_g3,2026,rd_obs_redshift,k,0.1916666666666667,12
grouped_physical_interpolation,,blocks_3x3_shifted_g3,2026,rd_obs_redshift,wq,0.12354497354497353,12
grouped_physical_interpolation,,blocks_3x3_shifted_g3,2026,rd_obs_sky,k,0.21666666666666673,12
grouped_physical_interpolation,,blocks_3x3_shifted_g3,2026,rd_obs_sky,wq,0.12354497354497353,12
grouped_physical_interpolation,,blocks_3x3_shifted_g3,2026,rd_obs_redshift_sky,k,0.21666666666666673,12
grouped_physical_interpolation,,blocks_3x3_shifted_g3,2026,rd_obs_redshift_sky,wq,0.12354497354497353,12
grouped_physical_interpolation,,blocks_3x3_shifted_g3,2027,rd_obs,k,0.26666666666666666,12
grouped_physical_interpolation,,blocks_3x3_shifted_g3,2027,rd_obs,wq,0.5714285714285714,12
grouped_physical_interpolation,,blocks_3x3_shifted_g3,2027,rd_obs_redshift,k,0.18333333333333338,12
grouped_physical_interpolation,,blocks_3x3_shifted_g3,2027,rd_obs_redshift,wq,0.12248677248677249,12
grouped_physical_interpolation,,blocks_3x3_shifted_g3,2027,rd_obs_sky,k,0.20833333333333343,12
grouped_physical_interpolation,,blocks_3x3_shifted_g3,2027,rd_obs_sky,wq,0.12248677248677249,12
grouped_physical_interpolation,,blocks_3x3_shifted_g3,2027,rd_obs_redshift_sky,k,0.20833333333333343,12
grouped_physical_interpolation,,blocks_3x3_shifted_g3,2027,rd_obs_redshift_sky,wq,0.12248677248677249,12
grouped_physical_interpolation,,blocks_3x3_shifted_g3,2028,rd_obs,k,0.24166666666666667,12
grouped_physical_interpolation,,blocks_3x3_shifted_g3,2028,rd_obs,wq,0.5354497354497353,12
grouped_physical_interpolation,,blocks_3x3_shifted_g3,2028,rd_obs_redshift,k,0.1916666666666667,12
grouped_physical_interpolation,,blocks_3x3_shifted_g3,2028,rd_obs_redshift,wq,0.14047619047619045,12
grouped_physical_interpolation,,blocks_3x3_shifted_g3,2028,rd_obs_sky,k,0.2166666666666667,12
grouped_physical_interpolation,,blocks_3x3_shifted_g3,2028,rd_obs_sky,wq,0.12354497354497353,12
grouped_physical_interpolation,,blocks_3x3_shifted_g3,2028,rd_obs_redshift_sky,k,0.2166666666666667,12
grouped_physical_interpolation,,blocks_3x3_shifted_g3,2028,rd_obs_redshift_sky,wq,0.12354497354497353,12
grouped_physical_interpolation,,blocks_3x3_shifted_g3,2029,rd_obs,k,0.23333333333333334,12
grouped_physical_interpolation,,blocks_3x3_shifted_g3,2029,rd_obs,wq,0.519047619047619,12
grouped_physical_interpolation,,blocks_3x3_shifted_g3,2029,rd_obs_redshift,k,0.18333333333333338,12
grouped_physical_interpolation,,blocks_3x3_shifted_g3,2029,rd_obs_redshift,wq,0.12354497354497353,12
grouped_physical_interpolation,,blocks_3x3_shifted_g3,2029,rd_obs_sky,k,0.20833333333333343,12
grouped_physical_interpolation,,blocks_3x3_shifted_g3,2029,rd_obs_sky,wq,0.12354497354497353,12
grouped_physical_interpolation,,blocks_3x3_shifted_g3,2029,rd_obs_redshift_sky,k,0.20833333333333343,12
grouped_physical_interpolation,,blocks_3x3_shifted_g3,2029,rd_obs_redshift_sky,wq,0.12354497354497353,12
grouped_physical_interpolation,,blocks_3x3_shifted_g3,2030,rd_obs,k,0.25,12
grouped_physical_interpolation,,blocks_3x3_shifted_g3,2030,rd_obs,wq,0.5476190476190474,12
grouped_physical_interpolation,,blocks_3x3_shifted_g3,2030,rd_obs_redshift,k,0.1916666666666667,12
grouped_physical_interpolation,,blocks_3x3_shifted_g3,2030,rd_obs_redshift,wq,0.1322751322751322,12
grouped_physical_interpolation,,blocks_3x3_shifted_g3,2030,rd_obs_sky,k,0.22500000000000006,12
grouped_physical_interpolation,,blocks_3x3_shifted_g3,2030,rd_obs_sky,wq,0.1322751322751322,12
grouped_physical_interpolation,,blocks_3x3_shifted_g3,2030,rd_obs_redshift_sky,k,0.24166666666666672,12
grouped_physical_interpolation,,blocks_3x3_shifted_g3,2030,rd_obs_redshift_sky,wq,0.1322751322751322,12
grouped_physical_interpolation,,blocks_3x3_shifted_g4,2026,rd_obs,k,0.16874999999999998,16
grouped_physical_interpolation,,blocks_3x3_shifted_g4,2026,rd_obs,wq,0.4192460317460317,16
grouped_physical_interpolation,,blocks_3x3_shifted_g4,2026,rd_obs_redshift,k,0.11875000000000002,16
grouped_physical_interpolation,,blocks_3x3_shifted_g4,2026,rd_obs_redshift,wq,0.12420634920634914,16
grouped_physical_interpolation,,blocks_3x3_shifted_g4,2026,rd_obs_sky,k,0.11875000000000002,16
grouped_physical_interpolation,,blocks_3x3_shifted_g4,2026,rd_obs_sky,wq,0.1047619047619047,16
grouped_physical_interpolation,,blocks_3x3_shifted_g4,2026,rd_obs_redshift_sky,k,0.1375,16
grouped_physical_interpolation,,blocks_3x3_shifted_g4,2026,rd_obs_redshift_sky,wq,0.11230158730158728,16
grouped_physical_interpolation,,blocks_3x3_shifted_g4,2027,rd_obs,k,0.15,16
grouped_physical_interpolation,,blocks_3x3_shifted_g4,2027,rd_obs,wq,0.37261904761904757,16
grouped_physical_interpolation,,blocks_3x3_shifted_g4,2027,rd_obs_redshift,k,0.11250000000000002,16
grouped_physical_interpolation,,blocks_3x3_shifted_g4,2027,rd_obs_redshift,wq,0.11865079365079359,16
grouped_physical_interpolation,,blocks_3x3_shifted_g4,2027,rd_obs_sky,k,0.125,16
grouped_physical_interpolation,,blocks_3x3_shifted_g4,2027,rd_obs_sky,wq,0.11230158730158725,16
grouped_physical_interpolation,,blocks_3x3_shifted_g4,2027,rd_obs_redshift_sky,k,0.15,16
grouped_physical_interpolation,,blocks_3x3_shifted_g4,2027,rd_obs_redshift_sky,wq,0.1194444444444444,16
grouped_physical_interpolation,,blocks_3x3_shifted_g4,2028,rd_obs,k,0.15,16
grouped_physical_interpolation,,blocks_3x3_shifted_g4,2028,rd_obs,wq,0.3956349206349206,16
grouped_physical_interpolation,,blocks_3x3_shifted_g4,2028,rd_obs_redshift,k,0.11250000000000002,16
grouped_physical_interpolation,,blocks_3x3_shifted_g4,2028,rd_obs_redshift,wq,0.12460317460317454,16
grouped_physical_interpolation,,blocks_3x3_shifted_g4,2028,rd_obs_sky,k,0.11875000000000002,16
grouped_physical_interpolation,,blocks_3x3_shifted_g4,2028,rd_obs_sky,wq,0.11825396825396821,16
grouped_physical_interpolation,,blocks_3x3_shifted_g4,2028,rd_obs_redshift_sky,k,0.13125,16
grouped_physical_interpolation,,blocks_3x3_shifted_g4,2028,rd_obs_redshift_sky,wq,0.11388888888888885,16
grouped_physical_interpolation,,blocks_3x3_shifted_g4,2029,rd_obs,k,0.18125,16
grouped_physical_interpolation,,blocks_3x3_shifted_g4,2029,rd_obs,wq,0.43809523809523804,16
grouped_physical_interpolation,,blocks_3x3_shifted_g4,2029,rd_obs_redshift,k,0.11875000000000002,16
grouped_physical_interpolation,,blocks_3x3_shifted_g4,2029,rd_obs_redshift,wq,0.1305555555555555,16
grouped_physical_interpolation,,blocks_3x3_shifted_g4,2029,rd_obs_sky,k,0.13749999999999998,16
grouped_physical_interpolation,,blocks_3x3_shifted_g4,2029,rd_obs_sky,wq,0.1305555555555555,16
grouped_physical_interpolation,,blocks_3x3_shifted_g4,2029,rd_obs_redshift_sky,k,0.15625,16
grouped_physical_interpolation,,blocks_3x3_shifted_g4,2029,rd_obs_redshift_sky,wq,0.14325396825396816,16
grouped_physical_interpolation,,blocks_3x3_shifted_g4,2030,rd_obs,k,0.16874999999999998,16
grouped_physical_interpolation,,blocks_3x3_shifted_g4,2030,rd_obs,wq,0.40178571428571425,16
grouped_physical_interpolation,,blocks_3x3_shifted_g4,2030,rd_obs_redshift,k,0.11250000000000002,16
grouped_physical_interpolation,,blocks_3x3_shifted_g4,2030,rd_obs_redshift,wq,0.11865079365079359,16
grouped_physical_interpolation,,blocks_3x3_shifted_g4,2030,rd_obs_sky,k,0.11250000000000002,16
grouped_physical_interpolation,,blocks_3x3_shifted_g4,2030,rd_obs_sky,wq,0.1051587301587301,16
grouped_physical_interpolation,,blocks_3x3_shifted_g4,2030,rd_obs_redshift_sky,k,0.13749999999999998,16
grouped_physical_interpolation,,blocks_3x3_shifted_g4,2030,rd_obs_redshift_sky,wq,0.11230158730158728,16
grouped_physical_interpolation,,blocks_3x3_shifted_g5,2026,rd_obs,k,0.13125,16
grouped_physical_interpolation,,blocks_3x3_shifted_g5,2026,rd_obs,wq,0.44206349206349194,16
grouped_physical_interpolation,,blocks_3x3_shifted_g5,2026,rd_obs_redshift,k,0.11250000000000002,16
grouped_physical_interpolation,,blocks_3x3_shifted_g5,2026,rd_obs_redshift,wq,0.155952380952381,16
grouped_physical_interpolation,,blocks_3x3_shifted_g5,2026,rd_obs_sky,k,0.13124999999999998,16
grouped_physical_interpolation,,blocks_3x3_shifted_g5,2026,rd_obs_sky,wq,0.1440476190476191,16
grouped_physical_interpolation,,blocks_3x3_shifted_g5,2026,rd_obs_redshift_sky,k,0.13124999999999998,16
grouped_physical_interpolation,,blocks_3x3_shifted_g5,2026,rd_obs_redshift_sky,wq,0.12500000000000003,16
grouped_physical_interpolation,,blocks_3x3_shifted_g5,2027,rd_obs,k,0.14375,16
grouped_physical_interpolation,,blocks_3x3_shifted_g5,2027,rd_obs,wq,0.48333333333333317,16
grouped_physical_interpolation,,blocks_3x3_shifted_g5,2027,rd_obs_redshift,k,0.10625000000000001,16
grouped_physical_interpolation,,blocks_3x3_shifted_g5,2027,rd_obs_redshift,wq,0.17857142857142866,16
grouped_physical_interpolation,,blocks_3x3_shifted_g5,2027,rd_obs_sky,k,0.11875000000000002,16
grouped_physical_interpolation,,blocks_3x3_shifted_g5,2027,rd_obs_sky,wq,0.16071428571428578,16
grouped_physical_interpolation,,blocks_3x3_shifted_g5,2027,rd_obs_redshift_sky,k,0.125,16
grouped_physical_interpolation,,blocks_3x3_shifted_g5,2027,rd_obs_redshift_sky,wq,0.13690476190476195,16
grouped_physical_interpolation,,blocks_3x3_shifted_g5,2028,rd_obs,k,0.15625,16
grouped_physical_interpolation,,blocks_3x3_shifted_g5,2028,rd_obs,wq,0.5267857142857142,16
grouped_physical_interpolation,,blocks_3x3_shifted_g5,2028,rd_obs_redshift,k,0.10625000000000001,16
grouped_physical_interpolation,,blocks_3x3_shifted_g5,2028,rd_obs_redshift,wq,0.19047619047619058,16
grouped_physical_interpolation,,blocks_3x3_shifted_g5,2028,rd_obs_sky,k,0.11875000000000002,16
grouped_physical_interpolation,,blocks_3x3_shifted_g5,2028,rd_obs_sky,wq,0.1666666666666667,16
grouped_physical_interpolation,,blocks_3x3_shifted_g5,2028,rd_obs_redshift_sky,k,0.125,16
grouped_physical_interpolation,,blocks_3x3_shifted_g5,2028,rd_obs_redshift_sky,wq,0.1190476190476191,16
grouped_physical_interpolation,,blocks_3x3_shifted_g5,2029,rd_obs,k,0.1625,16
grouped_physical_interpolation,,blocks_3x3_shifted_g5,2029,rd_obs,wq,0.5499999999999999,16
grouped_physical_interpolation,,blocks_3x3_shifted_g5,2029,rd_obs_redshift,k,0.10625000000000001,16
grouped_physical_interpolation,,blocks_3x3_shifted_g5,2029,rd_obs_redshift,wq,0.17380952380952386,16
grouped_physical_interpolation,,blocks_3x3_shifted_g5,2029,rd_obs_sky,k,0.10625000000000001,16
grouped_physical_interpolation,,blocks_3x3_shifted_g5,2029,rd_obs_sky,wq,0.16190476190476194,16
grouped_physical_interpolation,,blocks_3x3_shifted_g5,2029,rd_obs_redshift_sky,k,0.11250000000000002,16
grouped_physical_interpolation,,blocks_3x3_shifted_g5,2029,rd_obs_redshift_sky,wq,0.10238095238095239,16
grouped_physical_interpolation,,blocks_3x3_shifted_g5,2030,rd_obs,k,0.15625,16
grouped_physical_interpolation,,blocks_3x3_shifted_g5,2030,rd_obs,wq,0.515079365079365,16
grouped_physical_interpolation,,blocks_3x3_shifted_g5,2030,rd_obs_redshift,k,0.11250000000000002,16
grouped_physical_interpolation,,blocks_3x3_shifted_g5,2030,rd_obs_redshift,wq,0.16666666666666674,16
grouped_physical_interpolation,,blocks_3x3_shifted_g5,2030,rd_obs_sky,k,0.11250000000000002,16
grouped_physical_interpolation,,blocks_3x3_shifted_g5,2030,rd_obs_sky,wq,0.16071428571428578,16
grouped_physical_interpolation,,blocks_3x3_shifted_g5,2030,rd_obs_redshift_sky,k,0.13749999999999998,16
grouped_physical_interpolation,,blocks_3x3_shifted_g5,2030,rd_obs_redshift_sky,wq,0.14285714285714293,16
grouped_physical_interpolation,,blocks_3x3_shifted_g6,2026,rd_obs,k,0.10833333333333335,12
grouped_physical_interpolation,,blocks_3x3_shifted_g6,2026,rd_obs,wq,0.21455026455026446,12
grouped_physical_interpolation,,blocks_3x3_shifted_g6,2026,rd_obs_redshift,k,0.275,12
grouped_physical_interpolation,,blocks_3x3_shifted_g6,2026,rd_obs_redshift,wq,0.07248677248677261,12
grouped_physical_interpolation,,blocks_3x3_shifted_g6,2026,rd_obs_sky,k,0.275,12
grouped_physical_interpolation,,blocks_3x3_shifted_g6,2026,rd_obs_sky,wq,0.07248677248677261,12
grouped_physical_interpolation,,blocks_3x3_shifted_g6,2026,rd_obs_redshift_sky,k,0.275,12
grouped_physical_interpolation,,blocks_3x3_shifted_g6,2026,rd_obs_redshift_sky,wq,0.07248677248677261,12
grouped_physical_interpolation,,blocks_3x3_shifted_g6,2027,rd_obs,k,0.10833333333333335,12
grouped_physical_interpolation,,blocks_3x3_shifted_g6,2027,rd_obs,wq,0.21455026455026446,12
grouped_physical_interpolation,,blocks_3x3_shifted_g6,2027,rd_obs_redshift,k,0.275,12
grouped_physical_interpolation,,blocks_3x3_shifted_g6,2027,rd_obs_redshift,wq,0.07354497354497366,12
grouped_physical_interpolation,,blocks_3x3_shifted_g6,2027,rd_obs_sky,k,0.275,12
grouped_physical_interpolation,,blocks_3x3_shifted_g6,2027,rd_obs_sky,wq,0.07354497354497366,12
grouped_physical_interpolation,,blocks_3x3_shifted_g6,2027,rd_obs_redshift_sky,k,0.275,12
grouped_physical_interpolation,,blocks_3x3_shifted_g6,2027,rd_obs_redshift_sky,wq,0.07354497354497366,12
grouped_physical_interpolation,,blocks_3x3_shifted_g6,2028,rd_obs,k,0.14166666666666666,12
grouped_physical_interpolation,,blocks_3x3_shifted_g6,2028,rd_obs,wq,0.25608465608465597,12
grouped_physical_interpolation,,blocks_3x3_shifted_g6,2028,rd_obs_redshift,k,0.43333333333333324,12
grouped_physical_interpolation,,blocks_3x3_shifted_g6,2028,rd_obs_redshift,wq,0.0746031746031747,12
grouped_physical_interpolation,,blocks_3x3_shifted_g6,2028,rd_obs_sky,k,0.35,12
grouped_physical_interpolation,,blocks_3x3_shifted_g6,2028,rd_obs_sky,wq,0.062433862433862466,12
grouped_physical_interpolation,,blocks_3x3_shifted_g6,2028,rd_obs_redshift_sky,k,0.43333333333333324,12
grouped_physical_interpolation,,blocks_3x3_shifted_g6,2028,rd_obs_redshift_sky,wq,0.0746031746031747,12
grouped_physical_interpolation,,blocks_3x3_shifted_g6,2029,rd_obs,k,0.12500000000000003,12
grouped_physical_interpolation,,blocks_3x3_shifted_g6,2029,rd_obs,wq,0.23359788359788353,12
grouped_physical_interpolation,,blocks_3x3_shifted_g6,2029,rd_obs_redshift,k,0.275,12
grouped_physical_interpolation,,blocks_3x3_shifted_g6,2029,rd_obs_redshift,wq,0.07354497354497366,12
grouped_physical_interpolation,,blocks_3x3_shifted_g6,2029,rd_obs_sky,k,0.275,12
grouped_physical_interpolation,,blocks_3x3_shifted_g6,2029,rd_obs_sky,wq,0.07354497354497366,12
grouped_physical_interpolation,,blocks_3x3_shifted_g6,2029,rd_obs_redshift_sky,k,0.275,12
grouped_physical_interpolation,,blocks_3x3_shifted_g6,2029,rd_obs_redshift_sky,wq,0.07354497354497366,12
grouped_physical_interpolation,,blocks_3x3_shifted_g6,2030,rd_obs,k,0.10833333333333335,12
grouped_physical_interpolation,,blocks_3x3_shifted_g6,2030,rd_obs,wq,0.2812169312169312,12
grouped_physical_interpolation,,blocks_3x3_shifted_g6,2030,rd_obs_redshift,k,0.275,12
grouped_physical_interpolation,,blocks_3x3_shifted_g6,2030,rd_obs_redshift,wq,0.07248677248677261,12
grouped_physical_interpolation,,blocks_3x3_shifted_g6,2030,rd_obs_sky,k,0.275,12
grouped_physical_interpolation,,blocks_3x3_shifted_g6,2030,rd_obs_sky,wq,0.07248677248677261,12
grouped_physical_interpolation,,blocks_3x3_shifted_g6,2030,rd_obs_redshift_sky,k,0.275,12
grouped_physical_interpolation,,blocks_3x3_shifted_g6,2030,rd_obs_redshift_sky,wq,0.07248677248677261,12
grouped_physical_interpolation,,blocks_3x3_shifted_g7,2026,rd_obs,k,0.22499999999999998,16
grouped_physical_interpolation,,blocks_3x3_shifted_g7,2026,rd_obs,wq,0.33730158730158727,16
grouped_physical_interpolation,,blocks_3x3_shifted_g7,2026,rd_obs_redshift,k,0.18125,16
grouped_physical_interpolation,,blocks_3x3_shifted_g7,2026,rd_obs_redshift,wq,0.09404761904761905,16
grouped_physical_interpolation,,blocks_3x3_shifted_g7,2026,rd_obs_sky,k,0.18125,16
grouped_physical_interpolation,,blocks_3x3_shifted_g7,2026,rd_obs_sky,wq,0.07976190476190477,16
grouped_physical_interpolation,,blocks_3x3_shifted_g7,2026,rd_obs_redshift_sky,k,0.20625000000000002,16
grouped_physical_interpolation,,blocks_3x3_shifted_g7,2026,rd_obs_redshift_sky,wq,0.08611111111111111,16
grouped_physical_interpolation,,blocks_3x3_shifted_g7,2027,rd_obs,k,0.2,16
grouped_physical_interpolation,,blocks_3x3_shifted_g7,2027,rd_obs,wq,0.30218253968253966,16
grouped_physical_interpolation,,blocks_3x3_shifted_g7,2027,rd_obs_redshift,k,0.19374999999999998,16
grouped_physical_interpolation,,blocks_3x3_shifted_g7,2027,rd_obs_redshift,wq,0.09761904761904759,16
grouped_physical_interpolation,,blocks_3x3_shifted_g7,2027,rd_obs_sky,k,0.21249999999999997,16
grouped_physical_interpolation,,blocks_3x3_shifted_g7,2027,rd_obs_sky,wq,0.10476190476190475,16
grouped_physical_interpolation,,blocks_3x3_shifted_g7,2027,rd_obs_redshift_sky,k,0.21874999999999997,16
grouped_physical_interpolation,,blocks_3x3_shifted_g7,2027,rd_obs_redshift_sky,wq,0.10476190476190475,16
grouped_physical_interpolation,,blocks_3x3_shifted_g7,2028,rd_obs,k,0.21874999999999997,16
grouped_physical_interpolation,,blocks_3x3_shifted_g7,2028,rd_obs,wq,0.33134920634920634,16
grouped_physical_interpolation,,blocks_3x3_shifted_g7,2028,rd_obs_redshift,k,0.18125,16
grouped_physical_interpolation,,blocks_3x3_shifted_g7,2028,rd_obs_redshift,wq,0.09285714285714289,16
grouped_physical_interpolation,,blocks_3x3_shifted_g7,2028,rd_obs_sky,k,0.20625000000000002,16
grouped_physical_interpolation,,blocks_3x3_shifted_g7,2028,rd_obs_sky,wq,0.09206349206349207,16
grouped_physical_interpolation,,blocks_3x3_shifted_g7,2028,rd_obs_redshift_sky,k,0.21249999999999997,16
grouped_physical_interpolation,,blocks_3x3_shifted_g7,2028,rd_obs_redshift_sky,wq,0.09920634920634921,16
grouped_physical_interpolation,,blocks_3x3_shifted_g7,2029,rd_obs,k,0.20624999999999996,16
grouped_physical_interpolation,,blocks_3x3_shifted_g7,2029,rd_obs,wq,0.3119047619047618,16
grouped_physical_interpolation,,blocks_3x3_shifted_g7,2029,rd_obs_redshift,k,0.1875,16
grouped_physical_interpolation,,blocks_3x3_shifted_g7,2029,rd_obs_redshift,wq,0.09920634920634921,16
grouped_physical_interpolation,,blocks_3x3_shifted_g7,2029,rd_obs_sky,k,0.1875,16
grouped_physical_interpolation,,blocks_3x3_shifted_g7,2029,rd_obs_sky,wq,0.08571428571428573,16
grouped_physical_interpolation,,blocks_3x3_shifted_g7,2029,rd_obs_redshift_sky,k,0.19374999999999998,16
grouped_physical_interpolation,,blocks_3x3_shifted_g7,2029,rd_obs_redshift_sky,wq,0.08571428571428573,16
grouped_physical_interpolation,,blocks_3x3_shifted_g7,2030,rd_obs,k,0.1875,16
grouped_physical_interpolation,,blocks_3x3_shifted_g7,2030,rd_obs,wq,0.2944444444444444,16
grouped_physical_interpolation,,blocks_3x3_shifted_g7,2030,rd_obs_redshift,k,0.18125,16
grouped_physical_interpolation,,blocks_3x3_shifted_g7,2030,rd_obs_redshift,wq,0.09285714285714289,16
grouped_physical_interpolation,,blocks_3x3_shifted_g7,2030,rd_obs_sky,k,0.19374999999999998,16
grouped_physical_interpolation,,blocks_3x3_shifted_g7,2030,rd_obs_sky,wq,0.08571428571428573,16
grouped_physical_interpolation,,blocks_3x3_shifted_g7,2030,rd_obs_redshift_sky,k,0.20625000000000002,16
grouped_physical_interpolation,,blocks_3x3_shifted_g7,2030,rd_obs_redshift_sky,wq,0.09206349206349207,16
grouped_physical_interpolation,,blocks_3x3_shifted_g8,2026,rd_obs,k,0.24374999999999994,16
grouped_physical_interpolation,,blocks_3x3_shifted_g8,2026,rd_obs,wq,0.41507936507936505,16
grouped_physical_interpolation,,blocks_3x3_shifted_g8,2026,rd_obs_redshift,k,0.1875,16
grouped_physical_interpolation,,blocks_3x3_shifted_g8,2026,rd_obs_redshift,wq,0.1488095238095239,16
grouped_physical_interpolation,,blocks_3x3_shifted_g8,2026,rd_obs_sky,k,0.19375,16
grouped_physical_interpolation,,blocks_3x3_shifted_g8,2026,rd_obs_sky,wq,0.13690476190476197,16
grouped_physical_interpolation,,blocks_3x3_shifted_g8,2026,rd_obs_redshift_sky,k,0.21249999999999997,16
grouped_physical_interpolation,,blocks_3x3_shifted_g8,2026,rd_obs_redshift_sky,wq,0.1190476190476191,16
grouped_physical_interpolation,,blocks_3x3_shifted_g8,2027,rd_obs,k,0.24999999999999994,16
grouped_physical_interpolation,,blocks_3x3_shifted_g8,2027,rd_obs,wq,0.40992063492063485,16
grouped_physical_interpolation,,blocks_3x3_shifted_g8,2027,rd_obs_redshift,k,0.2,16
grouped_physical_interpolation,,blocks_3x3_shifted_g8,2027,rd_obs_redshift,wq,0.1488095238095239,16
grouped_physical_interpolation,,blocks_3x3_shifted_g8,2027,rd_obs_sky,k,0.21249999999999997,16
grouped_physical_interpolation,,blocks_3x3_shifted_g8,2027,rd_obs_sky,wq,0.14285714285714293,16
grouped_physical_interpolation,,blocks_3x3_shifted_g8,2027,rd_obs_redshift_sky,k,0.21249999999999997,16
grouped_physical_interpolation,,blocks_3x3_shifted_g8,2027,rd_obs_redshift_sky,wq,0.13095238095238101,16
grouped_physical_interpolation,,blocks_3x3_shifted_g8,2028,rd_obs,k,0.26249999999999996,16
grouped_physical_interpolation,,blocks_3x3_shifted_g8,2028,rd_obs,wq,0.44682539682539674,16
grouped_physical_interpolation,,blocks_3x3_shifted_g8,2028,rd_obs_redshift,k,0.1875,16
grouped_physical_interpolation,,blocks_3x3_shifted_g8,2028,rd_obs_redshift,wq,0.15476190476190485,16
grouped_physical_interpolation,,blocks_3x3_shifted_g8,2028,rd_obs_sky,k,0.2,16
grouped_physical_interpolation,,blocks_3x3_shifted_g8,2028,rd_obs_sky,wq,0.14285714285714293,16
grouped_physical_interpolation,,blocks_3x3_shifted_g8,2028,rd_obs_redshift_sky,k,0.21874999999999997,16
grouped_physical_interpolation,,blocks_3x3_shifted_g8,2028,rd_obs_redshift_sky,wq,0.13095238095238101,16
grouped_physical_interpolation,,blocks_3x3_shifted_g8,2029,rd_obs,k,0.24999999999999994,16
grouped_physical_interpolation,,blocks_3x3_shifted_g8,2029,rd_obs,wq,0.42063492063492053,16
grouped_physical_interpolation,,blocks_3x3_shifted_g8,2029,rd_obs_redshift,k,0.1875,16
grouped_physical_interpolation,,blocks_3x3_shifted_g8,2029,rd_obs_redshift,wq,0.14285714285714293,16
grouped_physical_interpolation,,blocks_3x3_shifted_g8,2029,rd_obs_sky,k,0.2,16
grouped_physical_interpolation,,blocks_3x3_shifted_g8,2029,rd_obs_sky,wq,0.13095238095238101,16
grouped_physical_interpolation,,blocks_3x3_shifted_g8,2029,rd_obs_redshift_sky,k,0.21874999999999997,16
grouped_physical_interpolation,,blocks_3x3_shifted_g8,2029,rd_obs_redshift_sky,wq,0.10714285714285719,16
grouped_physical_interpolation,,blocks_3x3_shifted_g8,2030,rd_obs,k,0.2875,16
grouped_physical_interpolation,,blocks_3x3_shifted_g8,2030,rd_obs,wq,0.5015873015873015,16
grouped_physical_interpolation,,blocks_3x3_shifted_g8,2030,rd_obs_redshift,k,0.1875,16
grouped_physical_interpolation,,blocks_3x3_shifted_g8,2030,rd_obs_redshift,wq,0.1488095238095239,16
grouped_physical_interpolation,,blocks_3x3_shifted_g8,2030,rd_obs_sky,k,0.19375,16
grouped_physical_interpolation,,blocks_3x3_shifted_g8,2030,rd_obs_sky,wq,0.13690476190476197,16
grouped_physical_interpolation,,blocks_3x3_shifted_g8,2030,rd_obs_redshift_sky,k,0.21249999999999997,16
grouped_physical_interpolation,,blocks_3x3_shifted_g8,2030,rd_obs_redshift_sky,wq,0.1190476190476191,16
random_interpolation,,random_2026,2026,rd_obs,k,0.15000000000000002,24
random_interpolation,,random_2026,2026,rd_obs,wq,0.3957211870255348,23
random_interpolation,,random_2026,2026,rd_obs_redshift,k,0.06666666666666667,24
random_interpolation,,random_2026,2026,rd_obs_redshift,wq,0.09758454106280194,23
random_interpolation,,random_2026,2026,rd_obs_sky,k,0.07083333333333333,24
random_interpolation,,random_2026,2026,rd_obs_sky,wq,0.0835058661145618,23
random_interpolation,,random_2026,2026,rd_obs_redshift_sky,k,0.08333333333333334,24
random_interpolation,,random_2026,2026,rd_obs_redshift_sky,wq,0.09399585921325053,23
random_interpolation,,random_2027,2027,rd_obs,k,0.12083333333333333,24
random_interpolation,,random_2027,2027,rd_obs,wq,0.38441558441558427,22
random_interpolation,,random_2027,2027,rd_obs_redshift,k,0.06666666666666667,24
random_interpolation,,random_2027,2027,rd_obs_redshift,wq,0.09062049062049062,22
random_interpolation,,random_2027,2027,rd_obs_sky,k,0.06666666666666667,24
random_interpolation,,random_2027,2027,rd_obs_sky,wq,0.08658008658008658,22
random_interpolation,,random_2027,2027,rd_obs_redshift_sky,k,0.07083333333333333,24
random_interpolation,,random_2027,2027,rd_obs_redshift_sky,wq,0.08542568542568545,22
random_interpolation,,random_2028,2028,rd_obs,k,0.15000000000000002,24
random_interpolation,,random_2028,2028,rd_obs,wq,0.37432712215320907,23
random_interpolation,,random_2028,2028,rd_obs_redshift,k,0.07500000000000001,24
random_interpolation,,random_2028,2028,rd_obs_redshift,wq,0.0912353347135956,23
random_interpolation,,random_2028,2028,rd_obs_sky,k,0.0875,24
random_interpolation,,random_2028,2028,rd_obs_sky,wq,0.08626639061421672,23
random_interpolation,,random_2028,2028,rd_obs_redshift_sky,k,0.09583333333333335,24
random_interpolation,,random_2028,2028,rd_obs_redshift_sky,wq,0.08709454796411321,23
random_interpolation,,random_2029,2029,rd_obs,k,0.1708333333333333,24
random_interpolation,,random_2029,2029,rd_obs,wq,0.34658385093167704,23
random_interpolation,,random_2029,2029,rd_obs_redshift,k,0.08333333333333334,24
random_interpolation,,random_2029,2029,rd_obs_redshift,wq,0.07315389924085577,23
random_interpolation,,random_2029,2029,rd_obs_sky,k,0.1,24
random_interpolation,,random_2029,2029,rd_obs_sky,wq,0.07315389924085576,23
random_interpolation,,random_2029,2029,rd_obs_redshift_sky,k,0.10833333333333335,24
random_interpolation,,random_2029,2029,rd_obs_redshift_sky,wq,0.06956521739130436,23
random_interpolation,,random_2030,2030,rd_obs,k,0.14583333333333334,24
random_interpolation,,random_2030,2030,rd_obs,wq,0.31976911976911976,22
random_interpolation,,random_2030,2030,rd_obs_redshift,k,0.09166666666666666,24
random_interpolation,,random_2030,2030,rd_obs_redshift,wq,0.08225108225108224,22
random_interpolation,,random_2030,2030,rd_obs_sky,k,0.1,24
random_interpolation,,random_2030,2030,rd_obs_sky,wq,0.0828282828282828,22
random_interpolation,,random_2030,2030,rd_obs_redshift_sky,k,0.11249999999999999,24
random_interpolation,,random_2030,2030,rd_obs_redshift_sky,wq,0.08282828282828283,22
