feature_set,protocol,target,median_NMAE,q25_NMAE,q75_NMAE,n_rows
rd_obs,directional_extrapolation,k,0.18636363636363637,0.1537878787878788,0.21515151515151515,20
rd_obs,directional_extrapolation,wq,0.4377104377104376,0.3910173160173161,0.46146464646464647,20
rd_obs_redshift,directional_extrapolation,k,0.2,0.16515151515151513,0.20606060606060608,20
rd_obs_redshift,directional_extrapolation,wq,0.19322751322751308,0.16536796536796528,0.24115440115440118,20
rd_obs_sky,directional_extrapolation,k,0.2,0.16439393939393937,0.20984848484848487,20
rd_obs_sky,directional_extrapolation,wq,0.195026455026455,0.16392496392496383,0.21183261183261187,20
rd_obs_redshift_sky,directional_extrapolation,k,0.2,0.17348484848484846,0.21515151515151512,20
rd_obs_redshift_sky,directional_extrapolation,wq,0.1934391534391534,0.1632034632034631,0.203968253968254,20
rd_obs,grouped_physical_interpolation,k,0.15000000000000002,0.08333333333333334,0.23124999999999993,90
rd_obs,grouped_physical_interpolation,wq,0.42380952380952375,0.3579365079365079,0.5045634920634919,90
rd_obs_redshift,grouped_physical_interpolation,k,0.11562500000000002,0.06666666666666667,0.18645833333333334,90
rd_obs_redshift,grouped_physical_interpolation,wq,0.14166666666666666,0.09999999999999999,0.18902116402116406,90
rd_obs_sky,grouped_physical_interpolation,k,0.125,0.06666666666666667,0.2,90
rd_obs_sky,grouped_physical_interpolation,wq,0.13075396825396826,0.09523809523809525,0.16230158730158734,90
rd_obs_redshift_sky,grouped_physical_interpolation,k,0.13749999999999998,0.07777777777777778,0.21249999999999997,90
rd_obs_redshift_sky,grouped_physical_interpolation,wq,0.1190476190476191,0.09523809523809525,0.16018518518518512,90
rd_obs,random_interpolation,k,0.15000000000000002,0.14583333333333334,0.15000000000000002,5
rd_obs,random_interpolation,wq,0.37432712215320907,0.34658385093167704,0.38441558441558427,5
rd_obs_redshift,random_interpolation,k,0.07500000000000001,0.06666666666666667,0.08333333333333334,5
rd_obs_redshift,random_interpolation,wq,0.09062049062049062,0.08225108225108224,0.0912353347135956,5
rd_obs_sky,random_interpolation,k,0.0875,0.07083333333333333,0.1,5
rd_obs_sky,random_interpolation,wq,0.0835058661145618,0.0828282828282828,0.08626639061421672,5
rd_obs_redshift_sky,random_interpolation,k,0.09583333333333335,0.08333333333333334,0.10833333333333335,5
rd_obs_redshift_sky,random_interpolation,wq,0.08542568542568545,0.08282828282828283,0.08709454796411321,5
