method,base_model,protocol,direction,feature_set,target,n,median_shift,p95_shift,max_shift,nmae_161,nmae_321,coverage_161,coverage_321,median_interval_width,catastrophic_rate_161,catastrophic_rate_321,absolute_nmae_change
extra_trees_smoother,extra_trees,directional_extrapolation,high_k_to_low_k,all_shooting,k,55,0.00046874999999999174,0.0019697916666667516,0.0033690476190476656,0.24771559466417412,0.247466496540076,0.43636363636363634,0.43636363636363634,0.337392857142859,0.0,0.0,0.0002490981240981238
extra_trees_smoother,extra_trees,directional_extrapolation,high_k_to_low_k,all_shooting,wq,30,0.019581207482993374,0.06588971088435373,0.07146485260770985,0.14394370748299354,0.1262692129629629,0.5333333333333333,0.6,0.26579761904761834,0.0,0.0,0.017674494520030642
extra_trees_smoother,extra_trees,directional_extrapolation,high_k_to_low_k,photon_geometry,k,55,0.0025788690476191527,0.008315476190476302,0.008315476190476302,0.288716054374176,0.28682981700043864,0.43636363636363634,0.43636363636363634,0.5328749999999993,0.0,0.0,0.0018862373737373872
extra_trees_smoother,extra_trees,directional_extrapolation,high_k_to_low_k,photon_geometry,wq,30,0.022734410430838754,0.06285976473922965,0.0633822278911566,0.17146080816480255,0.1492108895736375,0.6,0.6666666666666666,0.3230415249433104,0.0,0.0,0.02224991859116504
extra_trees_smoother,extra_trees,directional_extrapolation,high_k_to_low_k,ringdown,k,55,0.0,0.0,0.0,0.2200473969054118,0.2200473969054118,0.2727272727272727,0.2727272727272727,0.2474757081349501,0.0,0.0,0.0
extra_trees_smoother,extra_trees,directional_extrapolation,high_k_to_low_k,ringdown,wq,30,0.0,4.2294210461910723e-16,8.458842092382145e-16,0.26661543808420746,0.2666154380842075,0.8,0.8,0.7776895489327307,0.0,0.0,5.551115123125783e-17
extra_trees_smoother,extra_trees,directional_extrapolation,high_k_to_low_k,ringdown_plus_all_shooting,k,55,8.673617379884035e-17,0.0009468749999999537,0.00118750000000006,0.21847261904761905,0.21835868506493505,0.0,0.0,0.1587619047619046,0.0,0.0,0.00011393398268400023
extra_trees_smoother,extra_trees,directional_extrapolation,high_k_to_low_k,ringdown_plus_all_shooting,wq,30,0.023605017006802613,0.06178167517006841,0.06662528344671197,0.14019208396321536,0.1241617425673975,0.6,0.6333333333333333,0.28157860922146816,0.0,0.0,0.016030341395817868
extra_trees_smoother,extra_trees,directional_extrapolation,high_k_to_low_k,ringdown_plus_photon_geometry,k,55,4.166666666659269e-05,0.0005906249999999396,0.0010833333333333615,0.2202539592352092,0.2201297168109668,0.0,0.0,0.16874553571428647,0.0,0.0,0.0001242424242424156
extra_trees_smoother,extra_trees,directional_extrapolation,high_k_to_low_k,ringdown_plus_photon_geometry,wq,30,0.020829648526077167,0.06105963010204021,0.06510487528344652,0.16309484055223203,0.14277189869030202,0.5666666666666667,0.6333333333333333,0.2898200113378693,0.0,0.0,0.02032294186193001
extra_trees_smoother,extra_trees,directional_extrapolation,high_wq_to_low_wq,all_shooting,k,75,1.734723475976807e-16,0.01502976190476191,0.015577380952380954,0.30415123136123146,0.30654298731361246,0.30666666666666664,0.32,0.30172321428571547,0.0,0.0,0.002391755952381003
extra_trees_smoother,extra_trees,directional_extrapolation,high_wq_to_low_wq,all_shooting,wq,60,0.0,0.00030714285714286026,0.0007499999999995209,0.27192631258732397,0.2719096742653285,0.5666666666666667,0.5666666666666667,0.7364637188208552,0.0,0.0,1.6638321995443572e-05
extra_trees_smoother,extra_trees,directional_extrapolation,high_wq_to_low_wq,photon_geometry,k,75,8.673617379884035e-17,0.015264880952380946,0.015598214285714281,0.16653213263588273,0.16941066438191446,0.7066666666666667,0.7066666666666667,0.5213958333333331,0.0,0.0,0.002878531746031726
extra_trees_smoother,extra_trees,directional_extrapolation,high_wq_to_low_wq,photon_geometry,wq,60,0.0,0.0006966269841268054,0.003299319727891563,0.3023581585411953,0.3022840561224501,0.6333333333333333,0.6333333333333333,0.7602142857142767,0.0,0.0,7.41024187452255e-05
extra_trees_smoother,extra_trees,directional_extrapolation,high_wq_to_low_wq,ringdown,k,75,0.0,1.734723475976807e-16,1.734723475976807e-16,0.05593945401579598,0.055939454015795996,0.9066666666666666,0.9066666666666666,0.22770825008222756,0.0,0.0,1.3877787807814457e-17
extra_trees_smoother,extra_trees,directional_extrapolation,high_wq_to_low_wq,ringdown,wq,60,0.0,4.440892098500614e-16,8.458842092382145e-16,0.397663803157191,0.39766380315719096,0.7,0.7,0.8738439446485659,0.0,0.0,5.551115123125783e-17
extra_trees_smoother,extra_trees,directional_extrapolation,high_wq_to_low_wq,ringdown_plus_all_shooting,k,75,1.734723475976807e-16,0.012500000000000006,0.013839285714285722,0.05140172799422788,0.05391767045454536,0.7733333333333333,0.7733333333333333,0.1592529761904736,0.0,0.0,0.0025159424603174788
extra_trees_smoother,extra_trees,directional_extrapolation,high_wq_to_low_wq,ringdown_plus_all_shooting,wq,60,0.0,4.2294210461910723e-16,0.0011190476190475486,0.2766701081821611,0.27665145738851027,0.5833333333333334,0.5833333333333334,0.7289166666666583,0.0,0.0,1.8650793650820674e-05
extra_trees_smoother,extra_trees,directional_extrapolation,high_wq_to_low_wq,ringdown_plus_photon_geometry,k,75,1.734723475976807e-16,0.008857142857142859,0.009828869047619046,0.04773820256132747,0.04926784541847034,0.8933333333333333,0.9066666666666666,0.1537916666666669,0.0,0.0,0.0015296428571428683
extra_trees_smoother,extra_trees,directional_extrapolation,high_wq_to_low_wq,ringdown_plus_photon_geometry,wq,60,0.0,0.00017916666666669315,0.0025000000000000946,0.31474523022171863,0.3147124921264805,0.5833333333333334,0.5833333333333334,0.7544940476190383,0.0,0.0,3.273809523812732e-05
extra_trees_smoother,extra_trees,directional_extrapolation,low_k_to_high_k,all_shooting,k,70,0.00025520833333335727,0.002629315476190422,0.0035357142857144266,0.38124028414541816,0.38112186461851655,0.2571428571428571,0.2571428571428571,0.26485119047619105,0.0,0.0,0.00011841952690161417
extra_trees_smoother,extra_trees,directional_extrapolation,low_k_to_high_k,all_shooting,wq,70,4.2294210461910723e-16,0.07490164399092884,0.09122519841269766,0.0907903673219575,0.10725239638322102,0.9714285714285714,0.9714285714285714,1.0453994079113018,0.0,0.0,0.016462029061263525
extra_trees_smoother,extra_trees,directional_extrapolation,low_k_to_high_k,photon_geometry,k,70,8.673617379884035e-17,0.0030970238095237223,0.021816124847374822,0.3565405476868781,0.35612846069153214,0.12857142857142856,0.14285714285714285,0.42148489010989076,0.0,0.0,0.0004120869953459505
extra_trees_smoother,extra_trees,directional_extrapolation,low_k_to_high_k,photon_geometry,wq,70,4.2294210461910723e-16,0.086918083900225,0.09162599206349066,0.10166239448939489,0.1220213907730933,1.0,1.0,1.0068906956544692,0.0,0.0,0.020358996283698416
extra_trees_smoother,extra_trees,directional_extrapolation,low_k_to_high_k,ringdown,k,70,0.0,1.734723475976807e-16,1.734723475976807e-16,0.22820676622360112,0.22820676622360112,0.0,0.0,0.16371567365188952,0.0,0.0,0.0
extra_trees_smoother,extra_trees,directional_extrapolation,low_k_to_high_k,ringdown,wq,70,0.0,4.2294210461910723e-16,8.458842092382145e-16,0.25405245107464786,0.25405245107464786,0.9,0.9,1.095420956633755,0.0,0.0,0.0
extra_trees_smoother,extra_trees,directional_extrapolation,low_k_to_high_k,ringdown_plus_all_shooting,k,70,0.0,0.00034218750000002487,0.0009375000000000702,0.2390330193120374,0.239045710638568,0.0,0.0,0.14146428571428643,0.0,0.0,1.2691326530589464e-05
extra_trees_smoother,extra_trees,directional_extrapolation,low_k_to_high_k,ringdown_plus_all_shooting,wq,70,6.344131569286608e-16,0.07638378684807114,0.08837159863945504,0.09068589269133483,0.10828413802121271,0.9714285714285714,0.9714285714285714,1.0502527399848725,0.0,0.0,0.017598245329877887
extra_trees_smoother,extra_trees,directional_extrapolation,low_k_to_high_k,ringdown_plus_photon_geometry,k,70,0.0,1.734723475976807e-16,0.0004166666666666208,0.22798047309833047,0.22798828559833048,0.0,0.0,0.13104761904761916,0.0,0.0,7.812500000009548e-06
extra_trees_smoother,extra_trees,directional_extrapolation,low_k_to_high_k,ringdown_plus_photon_geometry,wq,70,4.2294210461910723e-16,0.08571447704081535,0.09762159863945505,0.10151235033154685,0.12087603675849835,0.9857142857142858,0.9857142857142858,1.029168713781795,0.0,0.0,0.019363686426951507
extra_trees_smoother,extra_trees,directional_extrapolation,low_wq_to_high_wq,all_shooting,k,55,0.00872916666666652,0.01834456845238089,0.023005952380952474,0.29430962301587305,0.28720150285320745,0.34545454545454546,0.36363636363636365,0.37507738095237714,0.0,0.0,0.007108120162665599
extra_trees_smoother,extra_trees,directional_extrapolation,low_wq_to_high_wq,all_shooting,wq,50,0.0009570191713049155,0.00620634566326496,0.011672207477267145,0.2623226172724994,0.26207653522183405,0.64,0.64,0.7738489229024863,0.0,0.0,0.0002460820506653416
extra_trees_smoother,extra_trees,directional_extrapolation,low_wq_to_high_wq,photon_geometry,k,55,0.012148133116882988,0.023673363095238046,0.024990327380952592,0.32343680381122064,0.31310119037163,0.4727272727272727,0.4727272727272727,0.6591572420634939,0.0,0.0,0.010335613439590663
extra_trees_smoother,extra_trees,directional_extrapolation,low_wq_to_high_wq,photon_geometry,wq,50,0.007799461451247028,0.017000101568405396,0.02440698009001665,0.31693450777617577,0.3093946422988398,0.64,0.66,0.7565388321995322,0.0,0.0,0.007539865477335983
extra_trees_smoother,extra_trees,directional_extrapolation,low_wq_to_high_wq,ringdown,k,55,0.0,1.734723475976807e-16,1.734723475976807e-16,0.09672995670884088,0.0967299567088409,0.4,0.4,0.16785255161887638,0.0,0.0,1.3877787807814457e-17
extra_trees_smoother,extra_trees,directional_extrapolation,low_wq_to_high_wq,ringdown,wq,50,4.2294210461910723e-16,6.55560262159615e-16,8.458842092382145e-16,0.4502585260311464,0.4502585260311463,0.42,0.42,0.8792564301879748,0.0,0.0,1.1102230246251565e-16
extra_trees_smoother,extra_trees,directional_extrapolation,low_wq_to_high_wq,ringdown_plus_all_shooting,k,55,0.004062500000000008,0.008293750000000004,0.01114583333333332,0.11631910173160183,0.1136131911648958,0.2727272727272727,0.2909090909090909,0.15172966269841273,0.0,0.0,0.002705910566706035
extra_trees_smoother,extra_trees,directional_extrapolation,low_wq_to_high_wq,ringdown_plus_all_shooting,wq,50,0.0012604520975056403,0.004927763605442377,0.008073270975056971,0.2601490039424875,0.2605544390045595,0.64,0.64,0.7636021825396736,0.0,0.0,0.0004054350620719682
extra_trees_smoother,extra_trees,directional_extrapolation,low_wq_to_high_wq,ringdown_plus_photon_geometry,k,55,0.0007500000000000562,0.00658125,0.009895833333333336,0.10486116030434223,0.10470830586711281,0.32727272727272727,0.32727272727272727,0.12717857142857159,0.0,0.0,0.00015285443722941328
extra_trees_smoother,extra_trees,directional_extrapolation,low_wq_to_high_wq,ringdown_plus_photon_geometry,wq,50,0.0020132865646262828,0.008917162698412254,0.013998917748917535,0.2882279178278711,0.2853357169797773,0.66,0.66,0.7400791186039513,0.0,0.0,0.002892200848093829
extra_trees_smoother,extra_trees,grouped_physical_interpolation,,all_shooting,k,350,0.0021800595238095997,0.014230840773809528,0.03116964285714294,0.203414626203759,0.20535635729013296,0.5714285714285714,0.5742857142857143,0.3601622023809531,0.0,0.0,0.0019417310863739656
extra_trees_smoother,extra_trees,grouped_physical_interpolation,,all_shooting,wq,300,0.0016805555555555157,0.08405080782312735,0.11336876417233233,0.1000294393756599,0.1155270599836672,0.9633333333333334,0.9533333333333334,0.9133387846721114,0.0,0.0,0.015497620608007301
extra_trees_smoother,extra_trees,grouped_physical_interpolation,,photon_geometry,k,350,0.0027604166666666662,0.021302120535714376,0.03287351190476187,0.22822995932465615,0.22993721847915205,0.62,0.6228571428571429,0.5697949290293045,0.0,0.0,0.0017072591544959048
extra_trees_smoother,extra_trees,grouped_physical_interpolation,,photon_geometry,wq,300,0.003258798658351785,0.10728316326530603,0.1388500094482223,0.10727935098126537,0.13000529319916818,0.9666666666666667,0.9533333333333334,0.930903258778266,0.0,0.0,0.022725942217902806
extra_trees_smoother,extra_trees,grouped_physical_interpolation,,ringdown,k,350,0.0,1.734723475976807e-16,3.469446951953614e-16,0.060422110251900064,0.06042211025190008,0.76,0.76,0.1778204339713438,0.0,0.0,1.3877787807814457e-17
extra_trees_smoother,extra_trees,grouped_physical_interpolation,,ringdown,wq,300,0.0,4.2294210461910723e-16,1.2688263138573218e-15,0.3377037134553933,0.33770371345539324,0.7666666666666667,0.7666666666666667,1.0006402773389504,0.0,0.0,5.551115123125783e-17
extra_trees_smoother,extra_trees,grouped_physical_interpolation,,ringdown_plus_all_shooting,k,350,0.0001562499999999828,0.012555059523809526,0.018703869047619053,0.057598138656977875,0.05899952258554931,0.6971428571428572,0.6971428571428572,0.13973241341991294,0.0,0.0,0.0014013839285714341
extra_trees_smoother,extra_trees,grouped_physical_interpolation,,ringdown_plus_all_shooting,wq,300,0.001572585978835668,0.0847163407029454,0.10627352607709724,0.10202547694754559,0.11738223232253492,0.96,0.95,0.910543610710273,0.0,0.0,0.015356755374989331
extra_trees_smoother,extra_trees,grouped_physical_interpolation,,ringdown_plus_photon_geometry,k,350,1.734723475976807e-16,0.008574032738095245,0.013175595238095241,0.05568359631439987,0.05674353517018693,0.68,0.68,0.1377093635531122,0.0,0.0,0.0010599388557870626
extra_trees_smoother,extra_trees,grouped_physical_interpolation,,ringdown_plus_photon_geometry,wq,300,0.0022395833333336648,0.09128109646636365,0.11162670068027213,0.11867063425660565,0.13519357107948282,0.9633333333333334,0.9566666666666667,0.9196120638620685,0.0,0.0,0.01652293682287717
extra_trees_smoother,extra_trees,random_interpolation,,all_shooting,k,34,0.0028541666666667166,0.013152876984126916,0.016459821428571608,0.09569795002281223,0.09507828965866658,0.8235294117647058,0.8235294117647058,0.3250773809523811,0.0,0.0,0.0006196603641456522
extra_trees_smoother,extra_trees,random_interpolation,,all_shooting,wq,32,0.0012616685563114956,0.07900938917233423,0.08810728458049676,0.06635305960608204,0.07866467727977162,1.0,1.0,0.9233725749558943,0.0,0.0,0.012311617673689587
extra_trees_smoother,extra_trees,random_interpolation,,photon_geometry,k,34,0.0012053571428572146,0.019258705357142827,0.02076920995671,0.14398568440694054,0.14628340756817476,0.9411764705882353,0.9411764705882353,0.5391963495793786,0.0,0.0,0.002297723161234222
extra_trees_smoother,extra_trees,random_interpolation,,photon_geometry,wq,32,0.0013451908541196019,0.09691170792390917,0.11786989795918179,0.08318226151909087,0.09854900682873041,1.0,1.0,0.8652156335727633,0.0,0.0,0.015366745309639537
extra_trees_smoother,extra_trees,random_interpolation,,ringdown,k,34,3.252606517456513e-17,1.734723475976807e-16,1.734723475976807e-16,0.0477883973972491,0.04778839739724909,0.9705882352941176,0.9705882352941176,0.2287799213033001,0.0,0.0,6.938893903907228e-18
extra_trees_smoother,extra_trees,random_interpolation,,ringdown,wq,32,0.0,8.458842092382145e-16,8.458842092382145e-16,0.19716304220003056,0.1971630422000306,0.96875,0.96875,1.0070062358276717,0.0,0.0,5.551115123125783e-17
extra_trees_smoother,extra_trees,random_interpolation,,ringdown_plus_all_shooting,k,34,0.000125000000000125,0.00585833333333337,0.014532738095238099,0.03343261063895252,0.033883678566123385,0.9411764705882353,0.9411764705882353,0.2047619047619055,0.0,0.0,0.0004510679271708673
extra_trees_smoother,extra_trees,random_interpolation,,ringdown_plus_all_shooting,wq,32,0.0012986111111110803,0.08285728458049638,0.08963926681783702,0.06424428872494323,0.07789811737156382,1.0,1.0,0.9242065066767324,0.0,0.0,0.013653828646620597
extra_trees_smoother,extra_trees,random_interpolation,,ringdown_plus_photon_geometry,k,34,6.505213034913027e-17,0.002775793650793657,0.00802232142857143,0.03764284984827254,0.0379560209500466,0.9411764705882353,0.9411764705882353,0.20270833333333355,0.0,0.0,0.00031317110177405544
extra_trees_smoother,extra_trees,random_interpolation,,ringdown_plus_photon_geometry,wq,32,0.001549603174603017,0.08100190617913694,0.08626984126983928,0.07515699713095526,0.08643828846693379,1.0,1.0,0.8816262755101916,0.0,0.0,0.011281291335978522
perturbation_ensemble,hgb,directional_extrapolation,high_k_to_low_k,all_shooting,k,55,0.0,0.046455617836274304,0.07477046019316266,0.26712863576631224,0.26189450131167297,0.2909090909090909,0.34545454545454546,0.35907169832125674,0.0,0.0,0.005234134454639272
perturbation_ensemble,hgb,directional_extrapolation,high_k_to_low_k,all_shooting,wq,30,0.006444746582144835,0.1427963283426601,0.17523951731539997,0.07689551719369045,0.07548434152897159,0.9333333333333333,0.9666666666666667,0.33962746494305984,0.0,0.0,0.001411175664718864
perturbation_ensemble,hgb,directional_extrapolation,high_k_to_low_k,photon_geometry,k,55,0.0,0.08308433819494672,0.10166822841555477,0.3183352795163912,0.3135662665772925,0.509090909090909,0.5272727272727272,0.744419557487725,0.0,0.0,0.004769012939098705
perturbation_ensemble,hgb,directional_extrapolation,high_k_to_low_k,photon_geometry,wq,30,0.02125798473813223,0.1757337672271025,0.191597690090702,0.17327295806231305,0.1335211030827264,0.6666666666666666,0.8333333333333334,0.38717481005337934,0.0,0.0,0.03975185497958664
perturbation_ensemble,hgb,directional_extrapolation,high_k_to_low_k,ringdown,k,55,0.0,0.0,0.0,0.27351317189450275,0.27351317189450275,0.0,0.0,0.22196753659466,0.0,0.0,0.0
perturbation_ensemble,hgb,directional_extrapolation,high_k_to_low_k,ringdown,wq,30,0.0,0.0,0.0,0.24565763599877066,0.24565763599877066,0.9,0.9,1.0082766080165033,0.0,0.0,0.0
perturbation_ensemble,hgb,directional_extrapolation,high_k_to_low_k,ringdown_plus_all_shooting,k,55,0.0,0.010115449624086698,0.026348613006566813,0.24121881595483805,0.24214188793095728,0.09090909090909091,0.09090909090909091,0.24048168877928466,0.0,0.0,0.0009230719761192385
perturbation_ensemble,hgb,directional_extrapolation,high_k_to_low_k,ringdown_plus_all_shooting,wq,30,0.005504178105313657,0.11310153683123995,0.16987001118162334,0.08178889768640933,0.07351722607445299,0.9,0.9666666666666667,0.33529666657739166,0.0,0.0,0.008271671611956341
perturbation_ensemble,hgb,directional_extrapolation,high_k_to_low_k,ringdown_plus_photon_geometry,k,55,0.0,0.0375768995420314,0.05182357530034362,0.2737873419325338,0.2740576604930684,0.05454545454545454,0.05454545454545454,0.26382178737098144,0.0,0.0,0.00027031856053461034
perturbation_ensemble,hgb,directional_extrapolation,high_k_to_low_k,ringdown_plus_photon_geometry,wq,30,0.01431028372986534,0.1674719729446173,0.17632108815828196,0.16496589943585363,0.12473157647786001,0.6333333333333333,0.8,0.3695532031062557,0.0,0.0,0.04023432295799362
perturbation_ensemble,hgb,directional_extrapolation,high_wq_to_low_wq,all_shooting,k,75,0.0,0.0,0.14118174421766122,0.316587698514532,0.31439982188352283,0.4266666666666667,0.44,0.3993146486667428,0.0,0.0,0.002187876631009167
perturbation_ensemble,hgb,directional_extrapolation,high_wq_to_low_wq,all_shooting,wq,60,0.0,0.0,0.0,0.26296283103486373,0.26296283103486373,0.6,0.6,0.8393557725301429,0.0,0.0,0.0
perturbation_ensemble,hgb,directional_extrapolation,high_wq_to_low_wq,photon_geometry,k,75,0.0,0.022411412302283596,0.03759276736676248,0.1707170090555991,0.1686037811395616,0.88,0.88,0.6205649531049184,0.0,0.0,0.002113227916037519
perturbation_ensemble,hgb,directional_extrapolation,high_wq_to_low_wq,photon_geometry,wq,60,0.0,0.0,0.0,0.26203717789797726,0.26203717789797726,0.7166666666666667,0.7166666666666667,1.0337682611499537,0.0,0.0,0.0
perturbation_ensemble,hgb,directional_extrapolation,high_wq_to_low_wq,ringdown,k,75,0.0,0.0,0.0,0.0842554462096572,0.0842554462096572,0.96,0.96,0.3057665934983943,0.0,0.0,0.0
perturbation_ensemble,hgb,directional_extrapolation,high_wq_to_low_wq,ringdown,wq,60,0.0,0.0,0.0,0.5008749977939133,0.5008749977939133,0.3,0.3,0.8851317082578583,0.0,0.0,0.0
perturbation_ensemble,hgb,directional_extrapolation,high_wq_to_low_wq,ringdown_plus_all_shooting,k,75,0.0,0.003935564112293774,0.012826128281767634,0.07457263187741106,0.07526170424019663,0.8533333333333334,0.8533333333333334,0.3603220750752773,0.0,0.0,0.0006890723627855644
perturbation_ensemble,hgb,directional_extrapolation,high_wq_to_low_wq,ringdown_plus_all_shooting,wq,60,0.0,0.0,0.001622775500645987,0.2632071524022449,0.2631801061439008,0.6,0.6,0.8394454405385036,0.0,0.0,2.7046258344098906e-05
perturbation_ensemble,hgb,directional_extrapolation,high_wq_to_low_wq,ringdown_plus_photon_geometry,k,75,0.0,0.008508133590334331,0.047443659345249044,0.08117570577768993,0.08262512976181893,0.9066666666666666,0.9066666666666666,0.31983412548914625,0.0,0.0,0.0014494239841290057
perturbation_ensemble,hgb,directional_extrapolation,high_wq_to_low_wq,ringdown_plus_photon_geometry,wq,60,0.0,0.0,0.0008109559223295243,0.2648980054568135,0.2649115213888523,0.6833333333333333,0.6833333333333333,1.027028736840924,0.0,0.0,1.3515932038798972e-05
perturbation_ensemble,hgb,directional_extrapolation,low_k_to_high_k,all_shooting,k,70,0.0,0.005768821294396533,0.045317386311663835,0.33796347982139374,0.3397956800457135,0.22857142857142856,0.22857142857142856,0.3594032449196703,0.0,0.0,0.0018322002243197355
perturbation_ensemble,hgb,directional_extrapolation,low_k_to_high_k,all_shooting,wq,70,0.0,0.07166855388911808,0.10416092359528735,0.07397231706962314,0.08611583821341956,0.9571428571428572,0.9142857142857143,1.0004332215414968,0.0,0.0,0.012143521143796424
perturbation_ensemble,hgb,directional_extrapolation,low_k_to_high_k,photon_geometry,k,70,0.0,0.037678439349679564,0.07724828298504267,0.30750157345833184,0.3115199215056263,0.3,0.2857142857142857,0.5398450372892282,0.0,0.0,0.004018348047294451
perturbation_ensemble,hgb,directional_extrapolation,low_k_to_high_k,photon_geometry,wq,70,0.0,0.07503460751144776,0.15297486977735342,0.08981124232838752,0.10606938260186766,1.0,1.0,1.0436455737111354,0.0,0.0,0.01625814027348013
perturbation_ensemble,hgb,directional_extrapolation,low_k_to_high_k,ringdown,k,70,0.0,0.0,0.0,0.2863998824480718,0.2863998824480718,0.0,0.0,0.21527603353790623,0.0,0.0,0.0
perturbation_ensemble,hgb,directional_extrapolation,low_k_to_high_k,ringdown,wq,70,0.0,0.0,0.0,0.3538637995669351,0.3538637995669351,0.7571428571428571,0.7571428571428571,1.0242129383664478,0.0,0.0,0.0
perturbation_ensemble,hgb,directional_extrapolation,low_k_to_high_k,ringdown_plus_all_shooting,k,70,0.0,0.014367596751026241,0.04794710221640739,0.285480103637106,0.2827948163773509,0.0,0.0,0.25463548965742666,0.0,0.0,0.0026852872597551425
perturbation_ensemble,hgb,directional_extrapolation,low_k_to_high_k,ringdown_plus_all_shooting,wq,70,0.0,0.08043459458321718,0.10161513716361029,0.07202972505968594,0.08512657116653544,0.9571428571428572,0.9142857142857143,1.000539545199484,0.0,0.0,0.013096846106849497
perturbation_ensemble,hgb,directional_extrapolation,low_k_to_high_k,ringdown_plus_photon_geometry,k,70,0.0,0.016607458984782292,0.05386194791108731,0.2868121664083139,0.2861284039049888,0.014285714285714285,0.014285714285714285,0.22428166677830838,0.0,0.0,0.000683762503325136
perturbation_ensemble,hgb,directional_extrapolation,low_k_to_high_k,ringdown_plus_photon_geometry,wq,70,0.0,0.062808429738726,0.07193884901878317,0.08902090834161172,0.1002387600539048,0.9714285714285714,0.9714285714285714,1.0247324660827553,0.0,0.0,0.011217851712293073
perturbation_ensemble,hgb,directional_extrapolation,low_wq_to_high_wq,all_shooting,k,55,0.005059522317121118,0.048837984152650435,0.09250258346801142,0.2936484549499534,0.29949130249730704,0.4,0.41818181818181815,0.3975752847868559,0.0,0.0,0.005842847547353647
perturbation_ensemble,hgb,directional_extrapolation,low_wq_to_high_wq,all_shooting,wq,50,0.004348605002017106,0.01437897740685127,0.039439419550604156,0.2727501257039478,0.2780298810516322,0.6,0.58,0.7764395630398817,0.0,0.0,0.005279755347684378
perturbation_ensemble,hgb,directional_extrapolation,low_wq_to_high_wq,photon_geometry,k,55,0.009679403292783394,0.07843905460639194,0.09062631142238284,0.2809674187947698,0.265776232043139,0.4909090909090909,0.509090909090909,0.635087773666891,0.0,0.0,0.01519118675163078
perturbation_ensemble,hgb,directional_extrapolation,low_wq_to_high_wq,photon_geometry,wq,50,0.0017489766429917048,0.082273624553025,0.12355570310642182,0.34507933821530273,0.32857449368187003,0.54,0.6,0.7544487406348912,0.0,0.0,0.016504844533432705
perturbation_ensemble,hgb,directional_extrapolation,low_wq_to_high_wq,ringdown,k,55,0.0,0.0,0.0,0.09180436884429234,0.09180436884429234,0.9090909090909091,0.9090909090909091,0.30443297360650573,0.0,0.0,0.0
perturbation_ensemble,hgb,directional_extrapolation,low_wq_to_high_wq,ringdown,wq,50,0.0,0.0,0.0,0.4257041368351612,0.4257041368351612,0.44,0.44,0.8657220428158472,0.0,0.0,0.0
perturbation_ensemble,hgb,directional_extrapolation,low_wq_to_high_wq,ringdown_plus_all_shooting,k,55,0.004732992194813636,0.029636360907268067,0.037093063438699364,0.09653188459727033,0.1014017386397012,0.7090909090909091,0.6909090909090909,0.25036195187575805,0.0,0.0,0.004869854042430871
perturbation_ensemble,hgb,directional_extrapolation,low_wq_to_high_wq,ringdown_plus_all_shooting,wq,50,0.00396752125971609,0.015343796016038882,0.03952046796642876,0.2705657000924733,0.2755369779768305,0.6,0.58,0.775818884949813,0.0,0.0,0.004971277884357195
perturbation_ensemble,hgb,directional_extrapolation,low_wq_to_high_wq,ringdown_plus_photon_geometry,k,55,0.0046565992875355,0.037085133971527726,0.04892423787559623,0.11745884653474457,0.11477088970623373,0.7090909090909091,0.7272727272727273,0.31534947082804593,0.0,0.0,0.0026879568285108485
perturbation_ensemble,hgb,directional_extrapolation,low_wq_to_high_wq,ringdown_plus_photon_geometry,wq,50,0.0002705778404312636,0.04659281078769785,0.07818795243166754,0.33167993499125714,0.3210981748438907,0.62,0.64,0.7732800853400875,0.0,0.0,0.010581760147366448
perturbation_ensemble,hgb,grouped_physical_interpolation,,all_shooting,k,350,0.00023548224175048505,0.03730493723851105,0.06713482765217402,0.17854807621995686,0.17964899508762835,0.5857142857142857,0.5771428571428572,0.3955967909703949,0.0,0.0,0.0011009188676714965
perturbation_ensemble,hgb,grouped_physical_interpolation,,all_shooting,wq,300,0.0029480823632005698,0.11010695671722256,0.16448869336545055,0.07681433270868371,0.09088549680465609,0.99,0.9633333333333334,0.928272038972143,0.0,0.0,0.01407116409597238
perturbation_ensemble,hgb,grouped_physical_interpolation,,photon_geometry,k,350,0.0020560038945596345,0.06292685078673631,0.14315234064304086,0.1963096889963195,0.19724647612839424,0.7771428571428571,0.7771428571428571,0.6213215020727404,0.0,0.0,0.0009367871320747345
perturbation_ensemble,hgb,grouped_physical_interpolation,,photon_geometry,wq,300,0.0,0.1038085314660049,0.31291348093276383,0.10099622537144698,0.10188659024781332,0.96,0.97,0.953601275134181,0.0,0.0,0.0008903648763663452
perturbation_ensemble,hgb,grouped_physical_interpolation,,ringdown,k,350,0.0,0.0,0.0,0.08008162146501174,0.08008162146501174,0.9514285714285714,0.9514285714285714,0.2746311792777106,0.0,0.0,0.0
perturbation_ensemble,hgb,grouped_physical_interpolation,,ringdown,wq,300,0.0,0.0,0.0,0.32665192468892085,0.32665192468892085,0.7433333333333333,0.7433333333333333,0.966551300763452,0.0,0.0,0.0
perturbation_ensemble,hgb,grouped_physical_interpolation,,ringdown_plus_all_shooting,k,350,0.001260970150248952,0.0255139800469324,0.05160570946618923,0.06885741573479197,0.06855619275999,0.8457142857142858,0.8571428571428571,0.28062678831997123,0.0,0.0,0.00030122297480196514
perturbation_ensemble,hgb,grouped_physical_interpolation,,ringdown_plus_all_shooting,wq,300,0.001629884854487911,0.09024083096880102,0.15540070375341727,0.07869124545270563,0.08945895510539552,0.9866666666666667,0.9666666666666667,0.9282371731341025,0.0,0.0,0.010767709652689889
perturbation_ensemble,hgb,grouped_physical_interpolation,,ringdown_plus_photon_geometry,k,350,0.0002069318723933256,0.0513154043336714,0.08269542916251126,0.07841355974002369,0.08324573128261706,0.8628571428571429,0.8542857142857143,0.27486154076558045,0.0,0.0,0.004832171542593369
perturbation_ensemble,hgb,grouped_physical_interpolation,,ringdown_plus_photon_geometry,wq,300,2.3393196248682508e-05,0.10197067266024136,0.2646240027268958,0.09943273911545343,0.10060065883520422,0.9566666666666667,0.97,0.9484046549292092,0.0,0.0,0.0011679197197507901
perturbation_ensemble,hgb,random_interpolation,,all_shooting,k,34,0.004016290155241686,0.03744483087344897,0.06592360601392448,0.10444732495546055,0.10133276417283789,0.9411764705882353,0.9705882352941176,0.45299930449068504,0.0,0.0,0.0031145607826226634
perturbation_ensemble,hgb,random_interpolation,,all_shooting,wq,32,0.002783521751252003,0.10893789927021581,0.12115863065011281,0.05112680471845441,0.0699684485176944,1.0,1.0,0.9120971097727381,0.0,0.0,0.018841643799239992
perturbation_ensemble,hgb,random_interpolation,,photon_geometry,k,34,0.0,0.03101026017153113,0.13482325602153578,0.13849870037548492,0.13464601948593813,0.9117647058823529,0.9117647058823529,0.5733502926722582,0.0,0.0,0.0038526808895467946
perturbation_ensemble,hgb,random_interpolation,,photon_geometry,wq,32,0.0,0.12526742545854272,0.1689784911264846,0.08157476943467516,0.08671103583489044,1.0,1.0,0.8556001472191413,0.0,0.0,0.005136266400215278
perturbation_ensemble,hgb,random_interpolation,,ringdown,k,34,0.0,0.0,0.0,0.06418512917208494,0.06418512917208494,0.9411764705882353,0.9411764705882353,0.25715117745737975,0.0,0.0,0.0
perturbation_ensemble,hgb,random_interpolation,,ringdown,wq,32,0.0,0.0,0.0,0.19719703853391887,0.19719703853391887,1.0,1.0,1.0414202735434044,0.0,0.0,0.0
perturbation_ensemble,hgb,random_interpolation,,ringdown_plus_all_shooting,k,34,0.0013804865301916022,0.022122034232237648,0.03906759891211444,0.06257324418062793,0.0655882531289938,0.8823529411764706,0.8823529411764706,0.2734475339983786,0.0,0.0,0.0030150089483658715
perturbation_ensemble,hgb,random_interpolation,,ringdown_plus_all_shooting,wq,32,0.0018509800086843225,0.11741577288325533,0.1342074704562044,0.053774717160353064,0.07032120877649316,1.0,0.96875,0.9101129419074003,0.0,0.0,0.016546491616140094
perturbation_ensemble,hgb,random_interpolation,,ringdown_plus_photon_geometry,k,34,0.0,0.038725122418831116,0.08660478618285755,0.0644293274756007,0.06898719025793879,0.9117647058823529,0.9117647058823529,0.2585668199004406,0.0,0.0,0.004557862782338079
perturbation_ensemble,hgb,random_interpolation,,ringdown_plus_photon_geometry,wq,32,0.0,0.095378400470463,0.1661799231014586,0.06388592170444884,0.0610206974586921,1.0,1.0,0.8570620703848782,0.0,0.0,0.002865224245756748
perturbation_ensemble,random_forest,directional_extrapolation,high_k_to_low_k,all_shooting,k,55,0.00020833333333335376,0.017912698412698422,0.029999999999999992,0.22726033619158637,0.22509481490731512,0.38181818181818183,0.38181818181818183,0.3102380952380957,0.0,0.0,0.002165521284271249
perturbation_ensemble,random_forest,directional_extrapolation,high_k_to_low_k,all_shooting,wq,30,0.008340608465608176,0.1272443783068784,0.16920382968002065,0.11883106470983447,0.10828812043335818,0.5333333333333333,0.5666666666666667,0.21243386243385715,0.0,0.0,0.010542944276476285
perturbation_ensemble,random_forest,directional_extrapolation,high_k_to_low_k,photon_geometry,k,55,0.0048015873015873345,0.03209568452380964,0.055335317460317515,0.2578821312736087,0.24888102497250236,0.45454545454545453,0.45454545454545453,0.47963888888888984,0.0,0.0,0.009001106301106343
perturbation_ensemble,random_forest,directional_extrapolation,high_k_to_low_k,photon_geometry,wq,30,0.07977069160997591,0.12071976568405018,0.12292989417989202,0.16476531032165864,0.1247513332493497,0.5,0.7,0.29486722096246337,0.0,0.0,0.04001397707230894
perturbation_ensemble,random_forest,directional_extrapolation,high_k_to_low_k,ringdown,k,55,0.0,0.0,0.0,0.20022474747474767,0.20022474747474767,0.07272727272727272,0.07272727272727272,0.19194841269841237,0.0,0.0,0.0
perturbation_ensemble,random_forest,directional_extrapolation,high_k_to_low_k,ringdown,wq,30,0.0,0.0,0.0,0.2841547682035777,0.2841547682035777,0.6333333333333333,0.6333333333333333,0.6388355799109746,0.0,0.0,0.0
perturbation_ensemble,random_forest,directional_extrapolation,high_k_to_low_k,ringdown_plus_all_shooting,k,55,0.0,0.00012499999999999805,0.0008333333333333283,0.20059848484848505,0.20062121212121234,0.0,0.0,0.18066666666666717,0.0,0.0,2.2727272727285364e-05
perturbation_ensemble,random_forest,directional_extrapolation,high_k_to_low_k,ringdown_plus_all_shooting,wq,30,0.007408289241623527,0.08919916855631004,0.19310153691106086,0.10551693016712829,0.10763151507516566,0.5666666666666667,0.5,0.21071428571427972,0.0,0.0,0.00211458490803737
perturbation_ensemble,random_forest,directional_extrapolation,high_k_to_low_k,ringdown_plus_photon_geometry,k,55,0.0,0.0,0.0,0.20049242424242447,0.20049242424242447,0.0,0.0,0.18916666666666612,0.0,0.0,0.0
perturbation_ensemble,random_forest,directional_extrapolation,high_k_to_low_k,ringdown_plus_photon_geometry,wq,30,0.07306783824640878,0.11546643518518403,0.14655423280422997,0.15469812610229214,0.12415108129671686,0.6,0.6333333333333333,0.3027543461829237,0.0,0.0,0.030547044805575282
perturbation_ensemble,random_forest,directional_extrapolation,high_wq_to_low_wq,all_shooting,k,75,0.0,0.005541666666666669,0.009916666666666667,0.35017148829565486,0.3512220394420394,0.25333333333333335,0.25333333333333335,0.2561805555555553,0.0,0.0,0.0010505511463845263
perturbation_ensemble,random_forest,directional_extrapolation,high_wq_to_low_wq,all_shooting,wq,60,0.0,0.0,0.0,0.2448034868717396,0.2448034868717396,0.6,0.6,0.7245341378198491,0.0,0.0,0.0
perturbation_ensemble,random_forest,directional_extrapolation,high_wq_to_low_wq,photon_geometry,k,75,0.0,0.007828472222222223,0.012451388888888755,0.12630182780182778,0.12753566378066375,0.8,0.8,0.4294252645502648,0.0,0.0,0.0012338359788359732
perturbation_ensemble,random_forest,directional_extrapolation,high_wq_to_low_wq,photon_geometry,wq,60,0.0,0.0003373015873015543,0.0011111111111112002,0.249210885322789,0.2491870757989795,0.6333333333333333,0.6333333333333333,0.7414864289150018,0.0,0.0,2.3809523809509292e-05
perturbation_ensemble,random_forest,directional_extrapolation,high_wq_to_low_wq,ringdown,k,75,0.0,0.0,0.0,0.04494599887766556,0.04494599887766556,0.88,0.88,0.1998888888888878,0.0,0.0,0.0
perturbation_ensemble,random_forest,directional_extrapolation,high_wq_to_low_wq,ringdown,wq,60,0.0,0.0,0.0,0.33797467296812567,0.33797467296812567,0.8666666666666667,0.8666666666666667,0.9121361707075988,0.0,0.0,0.0
perturbation_ensemble,random_forest,directional_extrapolation,high_wq_to_low_wq,ringdown_plus_all_shooting,k,75,0.0,0.005833333333333339,0.007333333333333337,0.04476225549142219,0.04572114438031108,0.9066666666666666,0.9066666666666666,0.177444444444445,0.0,0.0,0.0009588888888888911
perturbation_ensemble,random_forest,directional_extrapolation,high_wq_to_low_wq,ringdown_plus_all_shooting,wq,60,0.0,0.0,0.000634920634920565,0.24484416309733648,0.24484680859998195,0.6,0.6,0.7244076611219491,0.0,0.0,2.645502645476361e-06
perturbation_ensemble,random_forest,directional_extrapolation,high_wq_to_low_wq,ringdown_plus_photon_geometry,k,75,0.0,0.006254166666666669,0.010416666666666673,0.048559940676607356,0.049582209195125876,0.88,0.88,0.19104166666666714,0.0,0.0,0.0010222685185185196
perturbation_ensemble,random_forest,directional_extrapolation,high_wq_to_low_wq,ringdown_plus_photon_geometry,wq,60,0.0,0.0,0.0015873015873014123,0.2514112097925579,0.2513847547661029,0.6333333333333333,0.6333333333333333,0.7414864289150009,0.0,0.0,2.6455026454985653e-05
perturbation_ensemble,random_forest,directional_extrapolation,low_k_to_high_k,all_shooting,k,70,0.0002083333333333104,0.010737499999999935,0.024238095238095312,0.3406343726379439,0.34232748488284187,0.22857142857142856,0.21428571428571427,0.3367857142857139,0.0,0.0,0.0016931122448979874
perturbation_ensemble,random_forest,directional_extrapolation,low_k_to_high_k,all_shooting,wq,70,0.0,0.11252414021163813,0.13381613756613525,0.09354348376910808,0.11663964659049719,0.9714285714285714,0.9142857142857143,1.050612962581216,0.0,0.0,0.023096162821389113
perturbation_ensemble,random_forest,directional_extrapolation,low_k_to_high_k,photon_geometry,k,70,0.0,0.0189620917277168,0.11854993386243365,0.2969052100677099,0.3006243071247534,0.22857142857142856,0.22857142857142856,0.48186874699374677,0.0,0.0,0.0037190970570434856
perturbation_ensemble,random_forest,directional_extrapolation,low_k_to_high_k,photon_geometry,wq,70,0.0,0.10488342309145639,0.14208049886621138,0.08462475712642988,0.10758195365564978,0.9857142857142858,0.9571428571428572,1.0486333801413186,0.0,0.0,0.022957196529219903
perturbation_ensemble,random_forest,directional_extrapolation,low_k_to_high_k,ringdown,k,70,0.0,0.0,0.0,0.21791805555555505,0.21791805555555505,0.014285714285714285,0.014285714285714285,0.15966666666666662,0.0,0.0,0.0
perturbation_ensemble,random_forest,directional_extrapolation,low_k_to_high_k,ringdown,wq,70,0.0,0.0,0.0,0.2342613249709054,0.2342613249709054,0.8857142857142857,0.8857142857142857,1.097899065086623,0.0,0.0,0.0
perturbation_ensemble,random_forest,directional_extrapolation,low_k_to_high_k,ringdown_plus_all_shooting,k,70,0.0,0.0011097222222221754,0.0019365079365079967,0.22088908730158682,0.2209872732426299,0.0,0.0,0.14416666666666658,0.0,0.0,9.818594104307743e-05
perturbation_ensemble,random_forest,directional_extrapolation,low_k_to_high_k,ringdown_plus_all_shooting,wq,70,0.0,0.10587807067271093,0.12515778533635433,0.09531634287858853,0.11713102811776313,0.9714285714285714,0.9142857142857143,1.050612962581216,0.0,0.0,0.021814685239174597
perturbation_ensemble,random_forest,directional_extrapolation,low_k_to_high_k,ringdown_plus_photon_geometry,k,70,0.0,0.0005694444444444836,0.0008333333333333283,0.21868647959183624,0.2186765589569156,0.0,0.014285714285714285,0.1531666666666669,0.0,0.0,9.920634920640437e-06
perturbation_ensemble,random_forest,directional_extrapolation,low_k_to_high_k,ringdown_plus_photon_geometry,wq,70,0.0,0.10168208144368583,0.13334807256235592,0.08676387877995066,0.10900118866708998,0.9714285714285714,0.9142857142857143,1.0486333801413186,0.0,0.0,0.022237309887139317
perturbation_ensemble,random_forest,directional_extrapolation,low_wq_to_high_wq,all_shooting,k,55,0.008340277777777773,0.030808333333333344,0.03372023809523816,0.2925077315361405,0.2833616407582315,0.2545454545454545,0.3090909090909091,0.29602777777777745,0.0,0.0,0.00914609077790901
perturbation_ensemble,random_forest,directional_extrapolation,low_wq_to_high_wq,all_shooting,wq,50,0.001620370370370518,0.016455026455026403,0.0173809523809529,0.23864036281178846,0.2368451688082611,0.64,0.64,0.7879165825356302,0.0,0.0,0.0017951940035273728
perturbation_ensemble,random_forest,directional_extrapolation,low_wq_to_high_wq,photon_geometry,k,55,0.022433862433862434,0.07354910714285712,0.09135046897546903,0.2928764961049051,0.2682656205747114,0.43636363636363634,0.4727272727272727,0.4956714442964444,0.0,0.0,0.0246108755301937
perturbation_ensemble,random_forest,directional_extrapolation,low_wq_to_high_wq,photon_geometry,wq,50,0.005362139917695286,0.015857884017804528,0.027009385235576725,0.29698427317171244,0.29206690641295674,0.64,0.62,0.7673085579910982,0.0,0.0,0.0049173667587557035
perturbation_ensemble,random_forest,directional_extrapolation,low_wq_to_high_wq,ringdown,k,55,0.0,0.0,0.0,0.07556497605929392,0.07556497605929392,0.4,0.4,0.19327777777777833,0.0,0.0,0.0
perturbation_ensemble,random_forest,directional_extrapolation,low_wq_to_high_wq,ringdown,wq,50,0.0,0.0,0.0,0.38968957931545206,0.38968957931545206,0.62,0.62,0.8413645945471354,0.0,0.0,0.0
perturbation_ensemble,random_forest,directional_extrapolation,low_wq_to_high_wq,ringdown_plus_all_shooting,k,55,0.0008333333333333283,0.012756944444444456,0.020000000000000007,0.09601320018365443,0.09341825068870493,0.36363636363636365,0.36363636363636365,0.17883333333333362,0.0,0.0,0.0025949494949494972
perturbation_ensemble,random_forest,directional_extrapolation,low_wq_to_high_wq,ringdown_plus_all_shooting,wq,50,0.001124338624339223,0.018392006802721142,0.01931216931216937,0.2387249433106546,0.23610013227512938,0.64,0.64,0.7899800745991222,0.0,0.0,0.0026248110355252263
perturbation_ensemble,random_forest,directional_extrapolation,low_wq_to_high_wq,ringdown_plus_photon_geometry,k,55,0.0,0.006041666666666661,0.008750000000000011,0.0784450724780267,0.078477900760855,0.43636363636363634,0.43636363636363634,0.1857777777777781,0.0,0.0,3.28282828282872e-05
perturbation_ensemble,random_forest,directional_extrapolation,low_wq_to_high_wq,ringdown_plus_photon_geometry,wq,50,0.005489906147644436,0.013963230662636059,0.023058935920046576,0.2839123147480076,0.27861993207776764,0.64,0.66,0.7675466532291929,0.0,0.0,0.005292382670239959
perturbation_ensemble,random_forest,grouped_physical_interpolation,,all_shooting,k,350,0.0022727272727272657,0.01940059523809524,0.05838194444444441,0.1955417709274852,0.19544536390527462,0.54,0.5342857142857143,0.3228849206349206,0.0,0.0,9.640702221058728e-05
perturbation_ensemble,random_forest,grouped_physical_interpolation,,all_shooting,wq,300,0.002209595959596276,0.11586554390274491,0.16832908163264992,0.08994791249380603,0.11338533994975161,0.9733333333333334,0.9366666666666666,0.9062838678810927,0.0,0.0,0.023437427455945584
perturbation_ensemble,random_forest,grouped_physical_interpolation,,photon_geometry,k,350,0.0025451388888888954,0.030994320436507915,0.18797619047619005,0.20146526088144356,0.20086558706638527,0.5828571428571429,0.5942857142857143,0.466623677248678,0.0,0.0,0.0005996738150582936
perturbation_ensemble,random_forest,grouped_physical_interpolation,,photon_geometry,wq,300,0.004708049886621117,0.10860818426135814,0.15980576551608117,0.10919769665519724,0.12849604680849752,0.96,0.94,0.9088367520495201,0.0,0.0,0.01929835015330028
perturbation_ensemble,random_forest,grouped_physical_interpolation,,ringdown,k,350,0.0,0.0,0.0,0.05071951416969266,0.05071951416969266,0.7742857142857142,0.7742857142857142,0.17846230158730172,0.0,0.0,0.0
perturbation_ensemble,random_forest,grouped_physical_interpolation,,ringdown,wq,300,0.0,0.0,0.0,0.3231647300275984,0.3231647300275984,0.7833333333333333,0.7833333333333333,0.9389531368102808,0.0,0.0,0.0
perturbation_ensemble,random_forest,grouped_physical_interpolation,,ringdown_plus_all_shooting,k,350,0.0003819444444444096,0.0069131944444445195,0.01395833333333327,0.054476224298188505,0.05493804544331322,0.7257142857142858,0.7342857142857143,0.17180555555555593,0.0,0.0,0.000461821145124712
perturbation_ensemble,random_forest,grouped_physical_interpolation,,ringdown_plus_all_shooting,wq,300,0.002410714285713954,0.10502801398336858,0.16547524565381444,0.0898474525335262,0.11285189749173732,0.9733333333333334,0.9366666666666666,0.9062838678810927,0.0,0.0,0.02300444495821112
perturbation_ensemble,random_forest,grouped_physical_interpolation,,ringdown_plus_photon_geometry,k,350,0.0,0.005360416666666671,0.010069444444444449,0.05288691891441884,0.053372634617366674,0.7514285714285714,0.7514285714285714,0.17338888888888854,0.0,0.0,0.0004857157029478365
perturbation_ensemble,random_forest,grouped_physical_interpolation,,ringdown_plus_photon_geometry,wq,300,0.0035340765936000976,0.10108356953892543,0.16455758835520454,0.11401066582743387,0.13116917472249495,0.97,0.9466666666666667,0.9085461492332412,0.0,0.0,0.017158508895061084
perturbation_ensemble,random_forest,random_interpolation,,all_shooting,k,34,0.002168650793650745,0.019475694444444285,0.03279563492063452,0.0855513308858897,0.08508255731877054,0.8823529411764706,0.8823529411764706,0.3188750000000001,0.0,0.0,0.00046877356711916285
perturbation_ensemble,random_forest,random_interpolation,,all_shooting,wq,32,0.0023459939531365152,0.11544038170823742,0.15757747543461512,0.041554982064002974,0.06181305529863858,1.0,1.0,0.9295884559297276,0.0,0.0,0.020258073234635604
perturbation_ensemble,random_forest,random_interpolation,,photon_geometry,k,34,0.004861111111111113,0.03498318452380925,0.04738045634920633,0.1247689437808923,0.12498688783982898,0.9117647058823529,0.9117647058823529,0.4780238095238106,0.0,0.0,0.00021794405893667268
perturbation_ensemble,random_forest,random_interpolation,,photon_geometry,wq,32,0.0038223104056439314,0.10448659611992828,0.14457275132274905,0.07977809183302786,0.09358867840713096,1.0,1.0,0.9279560972537185,0.0,0.0,0.013810586574103098
perturbation_ensemble,random_forest,random_interpolation,,ringdown,k,34,0.0,0.0,0.0,0.03934114517018933,0.03934114517018933,0.9705882352941176,0.9705882352941176,0.1776111111111105,0.0,0.0,0.0
perturbation_ensemble,random_forest,random_interpolation,,ringdown,wq,32,0.0,0.0,0.0,0.16978977234415,0.16978977234415,1.0,1.0,1.034211876894418,0.0,0.0,0.0
perturbation_ensemble,random_forest,random_interpolation,,ringdown_plus_all_shooting,k,34,0.0005208333333333193,0.005765624999999958,0.006874999999999763,0.042024972712472776,0.04194811697017587,0.9117647058823529,0.9117647058823529,0.15041666666666606,0.0,0.0,7.685574229690517e-05
perturbation_ensemble,random_forest,random_interpolation,,ringdown_plus_all_shooting,wq,32,0.002579916225749675,0.1059987244897939,0.11852947845804748,0.04206133546910408,0.06290731541646015,1.0,1.0,0.9295884559297276,0.0,0.0,0.02084597994735607
perturbation_ensemble,random_forest,random_interpolation,,ringdown_plus_photon_geometry,k,34,0.0,0.004044097222222211,0.007916666666666667,0.04124879974328514,0.041397696802108655,0.9705882352941176,0.9705882352941176,0.15263888888888827,0.0,0.0,0.0001488970588235175
perturbation_ensemble,random_forest,random_interpolation,,ringdown_plus_photon_geometry,wq,32,0.0031187956664148146,0.10477943121692945,0.16876851851851593,0.07833924555291147,0.08980123307349273,1.0,1.0,0.9270433988410203,0.0,0.0,0.011461987520581265
